series_id,game_num,date,home_team,away_team,winner,start_day
NYY-TOR-2021-04-01,1,2021-04-01,NYY,TOR,TOR,Thu
NYY-TOR-2021-04-01,2,2021-04-03,NYY,TOR,NYY,Thu
NYY-TOR-2021-04-01,3,2021-04-04,NYY,TOR,TOR,Thu
TOR-NYY-2021-04-12,1,2021-04-12,TOR,NYY,NYY,Mon
TOR-NYY-2021-04-12,2,2021-04-13,TOR,NYY,TOR,Mon
TOR-NYY-2021-04-12,3,2021-04-14,TOR,NYY,TOR,Mon
NYY-TOR-2021-05-25,1,2021-05-25,NYY,TOR,TOR,Tue
NYY-TOR-2021-05-25,2,2021-05-27,NYY,TOR,TOR,Tue
TOR-NYY-2021-06-15,1,2021-06-15,TOR,NYY,NYY,Tue
TOR-NYY-2021-06-15,2,2021-06-16,TOR,NYY,NYY,Tue
TOR-NYY-2021-06-15,3,2021-06-17,TOR,NYY,NYY,Tue
NYY-TOR-2021-09-06,1,2021-09-06,NYY,TOR,TOR,Mon
NYY-TOR-2021-09-06,2,2021-09-07,NYY,TOR,TOR,Mon
NYY-TOR-2021-09-06,3,2021-09-08,NYY,TOR,TOR,Mon
NYY-TOR-2021-09-06,4,2021-09-09,NYY,TOR,TOR,Mon
TOR-NYY-2021-09-28,1,2021-09-28,TOR,NYY,NYY,Tue
TOR-NYY-2021-09-28,2,2021-09-29,TOR,NYY,TOR,Tue
TOR-NYY-2021-09-28,3,2021-09-30,TOR,NYY,NYY,Tue
NYY-TOR-2022-04-11,1,2022-04-11,NYY,TOR,TOR,Mon
NYY-TOR-2022-04-11,2,2022-04-12,NYY,TOR,NYY,Mon
NYY-TOR-2022-04-11,3,2022-04-13,NYY,TOR,TOR,Mon
NYY-TOR-2022-04-11,4,2022-04-14,NYY,TOR,NYY,Mon
TOR-NYY-2022-05-02,1,2022-05-02,TOR,NYY,NYY,Mon
TOR-NYY-2022-05-02,2,2022-05-03,TOR,NYY,NYY,Mon
TOR-NYY-2022-05-02,3,2022-05-04,TOR,NYY,TOR,Mon
NYY-TOR-2022-05-10,1,2022-05-10,NYY,TOR,NYY,Tue
NYY-TOR-2022-05-10,2,2022-05-11,NYY,TOR,NYY,Tue
TOR-NYY-2022-06-17,1,2022-06-17,TOR,NYY,NYY,Fri
TOR-NYY-2022-06-17,2,2022-06-18,TOR,NYY,NYY,Fri
TOR-NYY-2022-06-17,3,2022-06-19,TOR,NYY,TOR,Fri
NYY-TOR-2022-08-18,1,2022-08-18,NYY,TOR,TOR,Thu
NYY-TOR-2022-08-18,2,2022-08-19,NYY,TOR,TOR,Thu
NYY-TOR-2022-08-18,3,2022-08-20,NYY,TOR,TOR,Thu
NYY-TOR-2022-08-18,4,2022-08-21,NYY,TOR,NYY,Thu
TOR-NYY-2022-09-26,1,2022-09-26,TOR,NYY,TOR,Mon
TOR-NYY-2022-09-26,2,2022-09-27,TOR,NYY,NYY,Mon
TOR-NYY-2022-09-26,3,2022-09-28,TOR,NYY,NYY,Mon
NYY-TOR-2023-04-21,1,2023-04-21,NYY,TOR,TOR,Fri
NYY-TOR-2023-04-21,2,2023-04-22,NYY,TOR,NYY,Fri
NYY-TOR-2023-04-21,3,2023-04-23,NYY,TOR,TOR,Fri
TOR-NYY-2023-05-15,1,2023-05-15,TOR,NYY,NYY,Mon
TOR-NYY-2023-05-15,2,2023-05-16,TOR,NYY,NYY,Mon
TOR-NYY-2023-05-15,3,2023-05-17,TOR,NYY,TOR,Mon
TOR-NYY-2023-05-15,4,2023-05-18,TOR,NYY,NYY,Mon
NYY-TOR-2023-09-19,1,2023-09-19,NYY,TOR,TOR,Tue
NYY-TOR-2023-09-19,2,2023-09-20,NYY,TOR,TOR,Tue
NYY-TOR-2023-09-19,3,2023-09-21,NYY,TOR,NYY,Tue
TOR-NYY-2023-09-26,1,2023-09-26,TOR,NYY,NYY,Tue
TOR-NYY-2023-09-26,2,2023-09-27,TOR,NYY,NYY,Tue
TOR-NYY-2023-09-26,3,2023-09-28,TOR,NYY,TOR,Tue
NYY-TOR-2024-04-05,1,2024-04-05,NYY,TOR,TOR,Fri
NYY-TOR-2024-04-05,2,2024-04-06,NYY,TOR,NYY,Fri
NYY-TOR-2024-04-05,3,2024-04-07,NYY,TOR,NYY,Fri
TOR-NYY-2024-04-15,1,2024-04-15,TOR,NYY,TOR,Mon
TOR-NYY-2024-04-15,2,2024-04-16,TOR,NYY,TOR,Mon
TOR-NYY-2024-04-15,3,2024-04-17,TOR,NYY,NYY,Mon
TOR-NYY-2024-06-27,1,2024-06-27,TOR,NYY,TOR,Thu
TOR-NYY-2024-06-27,2,2024-06-28,TOR,NYY,NYY,Thu
TOR-NYY-2024-06-27,3,2024-06-29,TOR,NYY,TOR,Thu
TOR-NYY-2024-06-27,4,2024-06-30,TOR,NYY,NYY,Thu
NYY-TOR-2024-08-02,1,2024-08-02,NYY,TOR,TOR,Fri
NYY-TOR-2024-08-02,2,2024-08-03,NYY,TOR,NYY,Fri
NYY-TOR-2024-08-02,3,2024-08-04,NYY,TOR,NYY,Fri
NYY-TOR-2025-04-25,1,2025-04-25,NYY,TOR,TOR,Fri
NYY-TOR-2025-04-25,2,2025-04-27,NYY,TOR,NYY,Fri
TOR-NYY-2025-06-30,1,2025-06-30,TOR,NYY,TOR,Mon
TOR-NYY-2025-06-30,2,2025-07-01,TOR,NYY,TOR,Mon
TOR-NYY-2025-06-30,3,2025-07-02,TOR,NYY,TOR,Mon
TOR-NYY-2025-06-30,4,2025-07-03,TOR,NYY,TOR,Mon
TOR-NYY-2025-07-21,1,2025-07-21,TOR,NYY,TOR,Mon
TOR-NYY-2025-07-21,2,2025-07-22,TOR,NYY,NYY,Mon
TOR-NYY-2025-07-21,3,2025-07-23,TOR,NYY,TOR,Mon
MIL-MIN-2021-04-01,1,2021-04-01,MIL,MIN,MIL,Thu
MIL-MIN-2021-04-01,2,2021-04-03,MIL,MIN,MIN,Thu
MIL-MIN-2021-04-01,3,2021-04-04,MIL,MIN,MIN,Thu
MIN-MIL-2021-08-27,1,2021-08-27,MIN,MIL,MIN,Fri
MIN-MIL-2021-08-27,2,2021-08-28,MIN,MIL,MIN,Fri
MIN-MIL-2021-08-27,3,2021-08-29,MIN,MIL,MIL,Fri
MIN-MIL-2022-07-12,1,2022-07-12,MIN,MIL,MIL,Tue
MIN-MIL-2022-07-12,2,2022-07-13,MIN,MIL,MIN,Tue
MIL-MIN-2022-07-26,1,2022-07-26,MIL,MIN,MIL,Tue
MIL-MIN-2022-07-26,2,2022-07-27,MIL,MIN,MIL,Tue
MIN-MIL-2023-06-13,1,2023-06-13,MIN,MIL,MIN,Tue
MIN-MIL-2023-06-13,2,2023-06-14,MIN,MIL,MIN,Tue
MIL-MIN-2023-08-22,1,2023-08-22,MIL,MIN,MIL,Tue
MIL-MIN-2023-08-22,2,2023-08-23,MIL,MIN,MIL,Tue
MIL-MIN-2024-04-02,1,2024-04-02,MIL,MIN,MIL,Tue
MIL-MIN-2024-04-02,2,2024-04-03,MIL,MIN,MIN,Tue
MIN-MIL-2024-07-20,1,2024-07-20,MIN,MIL,MIL,Sat
MIN-MIL-2024-07-20,2,2024-07-21,MIN,MIL,MIL,Sat
MIL-MIN-2025-05-16,1,2025-05-16,MIL,MIN,MIN,Fri
MIL-MIN-2025-05-16,2,2025-05-17,MIL,MIN,MIN,Fri
MIL-MIN-2025-05-16,3,2025-05-18,MIL,MIN,MIL,Fri
MIN-MIL-2025-06-20,1,2025-06-20,MIN,MIL,MIL,Fri
MIN-MIL-2025-06-20,2,2025-06-21,MIN,MIL,MIL,Fri
MIN-MIL-2025-06-20,3,2025-06-22,MIN,MIL,MIL,Fri
CHC-PIT-2021-04-01,1,2021-04-01,CHC,PIT,PIT,Thu
CHC-PIT-2021-04-01,2,2021-04-03,CHC,PIT,CHC,Thu
CHC-PIT-2021-04-01,3,2021-04-04,CHC,PIT,CHC,Thu
PIT-CHC-2021-04-08,1,2021-04-08,PIT,CHC,CHC,Thu
PIT-CHC-2021-04-08,2,2021-04-10,PIT,CHC,PIT,Thu
PIT-CHC-2021-04-08,3,2021-04-11,PIT,CHC,PIT,Thu
CHC-PIT-2021-05-07,1,2021-05-07,CHC,PIT,CHC,Fri
CHC-PIT-2021-05-07,2,2021-05-08,CHC,PIT,CHC,Fri
CHC-PIT-2021-05-07,3,2021-05-09,CHC,PIT,PIT,Fri
PIT-CHC-2021-05-25,1,2021-05-25,PIT,CHC,CHC,Tue
PIT-CHC-2021-05-25,2,2021-05-26,PIT,CHC,CHC,Tue
PIT-CHC-2021-05-25,3,2021-05-27,PIT,CHC,CHC,Tue
CHC-PIT-2021-09-02,1,2021-09-02,CHC,PIT,CHC,Thu
CHC-PIT-2021-09-02,2,2021-09-03,CHC,PIT,CHC,Thu
CHC-PIT-2021-09-02,3,2021-09-04,CHC,PIT,CHC,Thu
CHC-PIT-2021-09-02,4,2021-09-05,CHC,PIT,CHC,Thu
PIT-CHC-2021-09-28,1,2021-09-28,PIT,CHC,PIT,Tue
PIT-CHC-2021-09-28,2,2021-09-29,PIT,CHC,CHC,Tue
PIT-CHC-2021-09-28,3,2021-09-30,PIT,CHC,CHC,Tue
PIT-CHC-2022-04-12,1,2022-04-12,PIT,CHC,CHC,Tue
PIT-CHC-2022-04-12,2,2022-04-13,PIT,CHC,PIT,Tue
CHC-PIT-2022-04-21,1,2022-04-21,CHC,PIT,PIT,Thu
CHC-PIT-2022-04-21,2,2022-04-22,CHC,PIT,PIT,Thu
CHC-PIT-2022-04-21,3,2022-04-23,CHC,PIT,CHC,Thu
CHC-PIT-2022-04-21,4,2022-04-24,CHC,PIT,PIT,Thu
CHC-PIT-2022-05-16,1,2022-05-16,CHC,PIT,CHC,Mon
CHC-PIT-2022-05-16,2,2022-05-17,CHC,PIT,CHC,Mon
CHC-PIT-2022-05-16,3,2022-05-18,CHC,PIT,PIT,Mon
PIT-CHC-2022-06-20,1,2022-06-20,PIT,CHC,PIT,Mon
PIT-CHC-2022-06-20,2,2022-06-21,PIT,CHC,PIT,Mon
PIT-CHC-2022-06-20,3,2022-06-22,PIT,CHC,CHC,Mon
PIT-CHC-2022-06-20,4,2022-06-23,PIT,CHC,PIT,Mon
CHC-PIT-2022-07-25,1,2022-07-25,CHC,PIT,CHC,Mon
CHC-PIT-2022-07-25,2,2022-07-26,CHC,PIT,CHC,Mon
PIT-CHC-2022-09-22,1,2022-09-22,PIT,CHC,CHC,Thu
PIT-CHC-2022-09-22,2,2022-09-23,PIT,CHC,CHC,Thu
PIT-CHC-2022-09-22,3,2022-09-24,PIT,CHC,PIT,Thu
PIT-CHC-2022-09-22,4,2022-09-25,PIT,CHC,CHC,Thu
CHC-PIT-2023-06-13,1,2023-06-13,CHC,PIT,CHC,Tue
CHC-PIT-2023-06-13,2,2023-06-14,CHC,PIT,CHC,Tue
CHC-PIT-2023-06-13,3,2023-06-15,CHC,PIT,CHC,Tue
PIT-CHC-2023-06-19,1,2023-06-19,PIT,CHC,CHC,Mon
PIT-CHC-2023-06-19,2,2023-06-20,PIT,CHC,CHC,Mon
PIT-CHC-2023-06-19,3,2023-06-21,PIT,CHC,CHC,Mon
PIT-CHC-2023-08-24,1,2023-08-24,PIT,CHC,CHC,Thu
PIT-CHC-2023-08-24,2,2023-08-25,PIT,CHC,PIT,Thu
PIT-CHC-2023-08-24,3,2023-08-26,PIT,CHC,CHC,Thu
PIT-CHC-2023-08-24,4,2023-08-27,PIT,CHC,CHC,Thu
CHC-PIT-2023-09-19,1,2023-09-19,CHC,PIT,CHC,Tue
CHC-PIT-2023-09-19,2,2023-09-20,CHC,PIT,PIT,Tue
CHC-PIT-2023-09-19,3,2023-09-21,CHC,PIT,PIT,Tue
PIT-CHC-2024-05-10,1,2024-05-10,PIT,CHC,CHC,Fri
PIT-CHC-2024-05-10,2,2024-05-11,PIT,CHC,PIT,Fri
PIT-CHC-2024-05-10,3,2024-05-12,PIT,CHC,CHC,Fri
CHC-PIT-2024-05-16,1,2024-05-16,CHC,PIT,PIT,Thu
CHC-PIT-2024-05-16,2,2024-05-17,CHC,PIT,PIT,Thu
CHC-PIT-2024-05-16,3,2024-05-18,CHC,PIT,CHC,Thu
CHC-PIT-2024-05-16,4,2024-05-19,CHC,PIT,PIT,Thu
PIT-CHC-2024-08-26,1,2024-08-26,PIT,CHC,CHC,Mon
PIT-CHC-2024-08-26,2,2024-08-27,PIT,CHC,CHC,Mon
PIT-CHC-2024-08-26,3,2024-08-28,PIT,CHC,CHC,Mon
CHC-PIT-2024-09-02,1,2024-09-02,CHC,PIT,PIT,Mon
CHC-PIT-2024-09-02,2,2024-09-03,CHC,PIT,PIT,Mon
CHC-PIT-2024-09-02,3,2024-09-04,CHC,PIT,CHC,Mon
PIT-CHC-2025-04-29,1,2025-04-29,PIT,CHC,CHC,Tue
PIT-CHC-2025-04-29,2,2025-04-30,PIT,CHC,PIT,Tue
PIT-CHC-2025-04-29,3,2025-05-01,PIT,CHC,CHC,Tue
CHC-PIT-2025-06-12,1,2025-06-12,CHC,PIT,CHC,Thu
CHC-PIT-2025-06-12,2,2025-06-13,CHC,PIT,PIT,Thu
CHC-PIT-2025-06-12,3,2025-06-14,CHC,PIT,CHC,Thu
CHC-PIT-2025-06-12,4,2025-06-15,CHC,PIT,CHC,Thu
CHC-PIT-2025-08-15,1,2025-08-15,CHC,PIT,PIT,Fri
CHC-PIT-2025-08-15,2,2025-08-16,CHC,PIT,CHC,Fri
PHI-ATL-2021-04-01,1,2021-04-01,PHI,ATL,PHI,Thu
PHI-ATL-2021-04-01,2,2021-04-03,PHI,ATL,PHI,Thu
PHI-ATL-2021-04-01,3,2021-04-04,PHI,ATL,PHI,Thu
ATL-PHI-2021-04-09,1,2021-04-09,ATL,PHI,ATL,Fri
ATL-PHI-2021-04-09,2,2021-04-10,ATL,PHI,ATL,Fri
ATL-PHI-2021-04-09,3,2021-04-11,ATL,PHI,PHI,Fri
ATL-PHI-2021-05-07,1,2021-05-07,ATL,PHI,PHI,Fri
ATL-PHI-2021-05-07,2,2021-05-08,ATL,PHI,ATL,Fri
ATL-PHI-2021-05-07,3,2021-05-09,ATL,PHI,ATL,Fri
PHI-ATL-2021-06-08,1,2021-06-08,PHI,ATL,ATL,Tue
PHI-ATL-2021-06-08,2,2021-06-09,PHI,ATL,PHI,Tue
PHI-ATL-2021-06-08,3,2021-06-10,PHI,ATL,PHI,Tue
PHI-ATL-2021-07-22,1,2021-07-22,PHI,ATL,ATL,Thu
PHI-ATL-2021-07-22,2,2021-07-23,PHI,ATL,PHI,Thu
PHI-ATL-2021-07-22,3,2021-07-24,PHI,ATL,ATL,Thu
PHI-ATL-2021-07-22,4,2021-07-25,PHI,ATL,PHI,Thu
ATL-PHI-2021-09-28,1,2021-09-28,ATL,PHI,ATL,Tue
ATL-PHI-2021-09-28,2,2021-09-29,ATL,PHI,ATL,Tue
ATL-PHI-2021-09-28,3,2021-09-30,ATL,PHI,ATL,Tue
ATL-PHI-2022-05-23,1,2022-05-23,ATL,PHI,PHI,Mon
ATL-PHI-2022-05-23,2,2022-05-24,ATL,PHI,ATL,Mon
ATL-PHI-2022-05-23,3,2022-05-25,ATL,PHI,ATL,Mon
ATL-PHI-2022-05-23,4,2022-05-26,ATL,PHI,PHI,Mon
PHI-ATL-2022-06-28,1,2022-06-28,PHI,ATL,ATL,Tue
PHI-ATL-2022-06-28,2,2022-06-29,PHI,ATL,ATL,Tue
PHI-ATL-2022-06-28,3,2022-06-30,PHI,ATL,PHI,Tue
PHI-ATL-2022-07-25,1,2022-07-25,PHI,ATL,PHI,Mon
PHI-ATL-2022-07-25,2,2022-07-26,PHI,ATL,ATL,Mon
PHI-ATL-2022-07-25,3,2022-07-27,PHI,ATL,PHI,Mon
ATL-PHI-2022-08-02,1,2022-08-02,ATL,PHI,ATL,Tue
ATL-PHI-2022-08-02,2,2022-08-03,ATL,PHI,PHI,Tue
ATL-PHI-2022-09-16,1,2022-09-16,ATL,PHI,ATL,Fri
ATL-PHI-2022-09-16,2,2022-09-17,ATL,PHI,ATL,Fri
ATL-PHI-2022-09-16,3,2022-09-18,ATL,PHI,ATL,Fri
PHI-ATL-2022-09-22,1,2022-09-22,PHI,ATL,PHI,Thu
PHI-ATL-2022-09-22,2,2022-09-23,PHI,ATL,PHI,Thu
PHI-ATL-2022-09-22,3,2022-09-24,PHI,ATL,ATL,Thu
PHI-ATL-2022-09-22,4,2022-09-25,PHI,ATL,ATL,Thu
ATL-PHI-2023-05-25,1,2023-05-25,ATL,PHI,ATL,Thu
ATL-PHI-2023-05-25,2,2023-05-26,ATL,PHI,PHI,Thu
ATL-PHI-2023-05-25,3,2023-05-27,ATL,PHI,PHI,Thu
ATL-PHI-2023-05-25,4,2023-05-28,ATL,PHI,ATL,Thu
PHI-ATL-2023-06-20,1,2023-06-20,PHI,ATL,ATL,Tue
PHI-ATL-2023-06-20,2,2023-06-22,PHI,ATL,ATL,Tue
PHI-ATL-2023-09-11,1,2023-09-11,PHI,ATL,ATL,Mon
PHI-ATL-2023-09-11,2,2023-09-12,PHI,ATL,ATL,Mon
PHI-ATL-2023-09-11,3,2023-09-13,PHI,ATL,ATL,Mon
ATL-PHI-2023-09-18,1,2023-09-18,ATL,PHI,PHI,Mon
ATL-PHI-2023-09-18,2,2023-09-19,ATL,PHI,ATL,Mon
ATL-PHI-2023-09-18,3,2023-09-20,ATL,PHI,PHI,Mon
PHI-ATL-2024-03-29,1,2024-03-29,PHI,ATL,ATL,Fri
PHI-ATL-2024-03-29,2,2024-03-30,PHI,ATL,ATL,Fri
PHI-ATL-2024-03-29,3,2024-03-31,PHI,ATL,PHI,Fri
ATL-PHI-2024-07-05,1,2024-07-05,ATL,PHI,PHI,Fri
ATL-PHI-2024-07-05,2,2024-07-06,ATL,PHI,ATL,Fri
ATL-PHI-2024-07-05,3,2024-07-07,ATL,PHI,ATL,Fri
ATL-PHI-2024-08-20,1,2024-08-20,ATL,PHI,ATL,Tue
ATL-PHI-2024-08-20,2,2024-08-21,ATL,PHI,PHI,Tue
ATL-PHI-2024-08-20,3,2024-08-22,ATL,PHI,ATL,Tue
PHI-ATL-2024-08-29,1,2024-08-29,PHI,ATL,PHI,Thu
PHI-ATL-2024-08-29,2,2024-08-30,PHI,ATL,ATL,Thu
PHI-ATL-2024-08-29,3,2024-08-31,PHI,ATL,PHI,Thu
PHI-ATL-2024-08-29,4,2024-09-01,PHI,ATL,PHI,Thu
ATL-PHI-2025-04-08,1,2025-04-08,ATL,PHI,ATL,Tue
ATL-PHI-2025-04-08,2,2025-04-09,ATL,PHI,PHI,Tue
ATL-PHI-2025-04-08,3,2025-04-10,ATL,PHI,ATL,Tue
PHI-ATL-2025-05-27,1,2025-05-27,PHI,ATL,PHI,Tue
PHI-ATL-2025-05-27,2,2025-05-29,PHI,ATL,PHI,Tue
ATL-PHI-2025-06-27,1,2025-06-27,ATL,PHI,PHI,Fri
ATL-PHI-2025-06-27,2,2025-06-28,ATL,PHI,ATL,Fri
ATL-PHI-2025-06-27,3,2025-06-29,ATL,PHI,PHI,Fri
CIN-STL-2021-04-01,1,2021-04-01,CIN,STL,STL,Thu
CIN-STL-2021-04-01,2,2021-04-03,CIN,STL,CIN,Thu
CIN-STL-2021-04-01,3,2021-04-04,CIN,STL,CIN,Thu
STL-CIN-2021-04-23,1,2021-04-23,STL,CIN,STL,Fri
STL-CIN-2021-04-23,2,2021-04-24,STL,CIN,STL,Fri
STL-CIN-2021-04-23,3,2021-04-25,STL,CIN,STL,Fri
STL-CIN-2021-06-03,1,2021-06-03,STL,CIN,CIN,Thu
STL-CIN-2021-06-03,2,2021-06-04,STL,CIN,CIN,Thu
STL-CIN-2021-06-03,3,2021-06-05,STL,CIN,CIN,Thu
STL-CIN-2021-06-03,4,2021-06-06,STL,CIN,CIN,Thu
CIN-STL-2021-07-23,1,2021-07-23,CIN,STL,CIN,Fri
CIN-STL-2021-07-23,2,2021-07-24,CIN,STL,CIN,Fri
CIN-STL-2021-07-23,3,2021-07-25,CIN,STL,STL,Fri
CIN-STL-2021-08-30,1,2021-08-30,CIN,STL,STL,Mon
CIN-STL-2021-08-30,2,2021-09-01,CIN,STL,STL,Mon
STL-CIN-2021-09-10,1,2021-09-10,STL,CIN,CIN,Fri
STL-CIN-2021-09-10,2,2021-09-11,STL,CIN,STL,Fri
STL-CIN-2021-09-10,3,2021-09-12,STL,CIN,STL,Fri
CIN-STL-2022-04-22,1,2022-04-22,CIN,STL,STL,Fri
CIN-STL-2022-04-22,2,2022-04-23,CIN,STL,STL,Fri
CIN-STL-2022-04-22,3,2022-04-24,CIN,STL,CIN,Fri
STL-CIN-2022-06-10,1,2022-06-10,STL,CIN,STL,Fri
STL-CIN-2022-06-10,2,2022-06-11,STL,CIN,STL,Fri
STL-CIN-2022-06-10,3,2022-06-12,STL,CIN,CIN,Fri
STL-CIN-2022-07-15,1,2022-07-15,STL,CIN,STL,Fri
STL-CIN-2022-07-15,2,2022-07-16,STL,CIN,STL,Fri
CIN-STL-2022-07-22,1,2022-07-22,CIN,STL,CIN,Fri
CIN-STL-2022-07-22,2,2022-07-23,CIN,STL,STL,Fri
CIN-STL-2022-07-22,3,2022-07-24,CIN,STL,CIN,Fri
CIN-STL-2022-08-29,1,2022-08-29,CIN,STL,STL,Mon
CIN-STL-2022-08-29,2,2022-08-30,CIN,STL,CIN,Mon
CIN-STL-2022-08-29,3,2022-08-31,CIN,STL,STL,Mon
STL-CIN-2022-09-15,1,2022-09-15,STL,CIN,CIN,Thu
STL-CIN-2022-09-15,2,2022-09-16,STL,CIN,STL,Thu
STL-CIN-2022-09-15,3,2022-09-17,STL,CIN,STL,Thu
STL-CIN-2022-09-15,4,2022-09-18,STL,CIN,CIN,Thu
CIN-STL-2023-05-22,1,2023-05-22,CIN,STL,CIN,Mon
CIN-STL-2023-05-22,2,2023-05-23,CIN,STL,STL,Mon
CIN-STL-2023-05-22,3,2023-05-24,CIN,STL,CIN,Mon
CIN-STL-2023-05-22,4,2023-05-25,CIN,STL,STL,Mon
STL-CIN-2023-06-09,1,2023-06-09,STL,CIN,STL,Fri
STL-CIN-2023-06-09,2,2023-06-10,STL,CIN,CIN,Fri
STL-CIN-2023-06-09,3,2023-06-11,STL,CIN,CIN,Fri
CIN-STL-2023-09-08,1,2023-09-08,CIN,STL,STL,Fri
CIN-STL-2023-09-08,2,2023-09-09,CIN,STL,STL,Fri
CIN-STL-2023-09-08,3,2023-09-10,CIN,STL,CIN,Fri
STL-CIN-2023-09-29,1,2023-09-29,STL,CIN,CIN,Fri
STL-CIN-2023-09-29,2,2023-09-30,STL,CIN,STL,Fri
STL-CIN-2023-09-29,3,2023-10-01,STL,CIN,STL,Fri
CIN-STL-2024-05-27,1,2024-05-27,CIN,STL,CIN,Mon
CIN-STL-2024-05-27,2,2024-05-28,CIN,STL,STL,Mon
CIN-STL-2024-05-27,3,2024-05-29,CIN,STL,STL,Mon
STL-CIN-2024-06-27,1,2024-06-27,STL,CIN,CIN,Thu
STL-CIN-2024-06-27,2,2024-06-28,STL,CIN,STL,Thu
STL-CIN-2024-06-27,3,2024-06-29,STL,CIN,CIN,Thu
STL-CIN-2024-06-27,4,2024-06-30,STL,CIN,STL,Thu
CIN-STL-2024-08-12,1,2024-08-12,CIN,STL,CIN,Mon
CIN-STL-2024-08-12,2,2024-08-13,CIN,STL,CIN,Mon
CIN-STL-2024-08-12,3,2024-08-14,CIN,STL,CIN,Mon
STL-CIN-2024-09-10,1,2024-09-10,STL,CIN,CIN,Tue
STL-CIN-2024-09-10,2,2024-09-11,STL,CIN,STL,Tue
STL-CIN-2024-09-10,3,2024-09-12,STL,CIN,STL,Tue
CIN-STL-2025-04-28,1,2025-04-28,CIN,STL,CIN,Mon
CIN-STL-2025-04-28,2,2025-04-30,CIN,STL,STL,Mon
CIN-STL-2025-04-28,3,2025-05-01,CIN,STL,CIN,Mon
STL-CIN-2025-06-20,1,2025-06-20,STL,CIN,STL,Fri
STL-CIN-2025-06-20,2,2025-06-21,STL,CIN,STL,Fri
STL-CIN-2025-06-20,3,2025-06-22,STL,CIN,CIN,Fri
MIA-TB-2021-04-01,1,2021-04-01,MIA,TB,TB,Thu
MIA-TB-2021-04-01,2,2021-04-02,MIA,TB,TB,Thu
MIA-TB-2021-04-01,3,2021-04-03,MIA,TB,MIA,Thu
TB-MIA-2021-09-25,1,2021-09-25,TB,MIA,TB,Sat
TB-MIA-2021-09-25,2,2021-09-26,TB,MIA,TB,Sat
TB-MIA-2022-05-24,1,2022-05-24,TB,MIA,TB,Tue
TB-MIA-2022-05-24,2,2022-05-25,TB,MIA,TB,Tue
MIA-TB-2022-08-30,1,2022-08-30,MIA,TB,TB,Tue
MIA-TB-2022-08-30,2,2022-08-31,MIA,TB,TB,Tue
TB-MIA-2023-07-25,1,2023-07-25,TB,MIA,TB,Tue
TB-MIA-2023-07-25,2,2023-07-26,TB,MIA,MIA,Tue
MIA-TB-2023-08-29,1,2023-08-29,MIA,TB,TB,Tue
MIA-TB-2023-08-29,2,2023-08-30,MIA,TB,TB,Tue
MIA-TB-2024-06-04,1,2024-06-04,MIA,TB,TB,Tue
MIA-TB-2024-06-04,2,2024-06-05,MIA,TB,TB,Tue
TB-MIA-2024-07-30,1,2024-07-30,TB,MIA,TB,Tue
TB-MIA-2024-07-30,2,2024-07-31,TB,MIA,MIA,Tue
MIA-TB-2025-05-16,1,2025-05-16,MIA,TB,MIA,Fri
MIA-TB-2025-05-16,2,2025-05-17,MIA,TB,TB,Fri
MIA-TB-2025-05-16,3,2025-05-18,MIA,TB,MIA,Fri
TB-MIA-2025-06-06,1,2025-06-06,TB,MIA,TB,Fri
TB-MIA-2025-06-06,2,2025-06-07,TB,MIA,MIA,Fri
TB-MIA-2025-06-06,3,2025-06-08,TB,MIA,TB,Fri
KC-TEX-2021-04-01,1,2021-04-01,KC,TEX,KC,Thu
KC-TEX-2021-04-01,2,2021-04-03,KC,TEX,KC,Thu
KC-TEX-2021-04-01,3,2021-04-04,KC,TEX,TEX,Thu
TEX-KC-2021-06-25,1,2021-06-25,TEX,KC,TEX,Fri
TEX-KC-2021-06-25,2,2021-06-26,TEX,KC,TEX,Fri
TEX-KC-2021-06-25,3,2021-06-27,TEX,KC,TEX,Fri
TEX-KC-2022-05-10,1,2022-05-10,TEX,KC,TEX,Tue
TEX-KC-2022-05-10,2,2022-05-11,TEX,KC,KC,Tue
TEX-KC-2022-05-10,3,2022-05-12,TEX,KC,TEX,Tue
KC-TEX-2022-06-27,1,2022-06-27,KC,TEX,TEX,Mon
KC-TEX-2022-06-27,2,2022-06-28,KC,TEX,TEX,Mon
KC-TEX-2022-06-27,3,2022-06-29,KC,TEX,KC,Mon
TEX-KC-2023-04-10,1,2023-04-10,TEX,KC,TEX,Mon
TEX-KC-2023-04-10,2,2023-04-11,TEX,KC,TEX,Mon
TEX-KC-2023-04-10,3,2023-04-12,TEX,KC,KC,Mon
KC-TEX-2023-04-17,1,2023-04-17,KC,TEX,TEX,Mon
KC-TEX-2023-04-17,2,2023-04-18,KC,TEX,TEX,Mon
KC-TEX-2023-04-17,3,2023-04-19,KC,TEX,TEX,Mon
KC-TEX-2024-05-03,1,2024-05-03,KC,TEX,KC,Fri
KC-TEX-2024-05-03,2,2024-05-04,KC,TEX,TEX,Fri
KC-TEX-2024-05-03,3,2024-05-05,KC,TEX,TEX,Fri
TEX-KC-2024-06-21,1,2024-06-21,TEX,KC,TEX,Fri
TEX-KC-2024-06-21,2,2024-06-22,TEX,KC,TEX,Fri
TEX-KC-2024-06-21,3,2024-06-23,TEX,KC,TEX,Fri
TEX-KC-2025-06-17,1,2025-06-17,TEX,KC,KC,Tue
TEX-KC-2025-06-17,2,2025-06-18,TEX,KC,KC,Tue
TEX-KC-2025-06-17,3,2025-06-19,TEX,KC,KC,Tue
SD-ARI-2021-04-01,1,2021-04-01,SD,ARI,SD,Thu
SD-ARI-2021-04-01,2,2021-04-02,SD,ARI,SD,Thu
SD-ARI-2021-04-01,3,2021-04-03,SD,ARI,SD,Thu
SD-ARI-2021-04-01,4,2021-04-04,SD,ARI,ARI,Thu
ARI-SD-2021-04-27,1,2021-04-27,ARI,SD,ARI,Tue
ARI-SD-2021-04-27,2,2021-04-28,ARI,SD,SD,Tue
SD-ARI-2021-06-25,1,2021-06-25,SD,ARI,SD,Fri
SD-ARI-2021-06-25,2,2021-06-26,SD,ARI,ARI,Fri
SD-ARI-2021-06-25,3,2021-06-27,SD,ARI,SD,Fri
SD-ARI-2021-08-06,1,2021-08-06,SD,ARI,ARI,Fri
SD-ARI-2021-08-06,2,2021-08-07,SD,ARI,SD,Fri
SD-ARI-2021-08-06,3,2021-08-08,SD,ARI,SD,Fri
ARI-SD-2021-08-12,1,2021-08-12,ARI,SD,ARI,Thu
ARI-SD-2021-08-12,2,2021-08-13,ARI,SD,ARI,Thu
ARI-SD-2021-08-12,3,2021-08-14,ARI,SD,ARI,Thu
ARI-SD-2021-08-12,4,2021-08-15,ARI,SD,SD,Thu
ARI-SD-2021-08-30,1,2021-08-30,ARI,SD,SD,Mon
ARI-SD-2021-08-30,2,2021-08-31,ARI,SD,SD,Mon
ARI-SD-2021-08-30,3,2021-09-01,ARI,SD,ARI,Mon
ARI-SD-2022-04-07,1,2022-04-07,ARI,SD,ARI,Thu
ARI-SD-2022-04-07,2,2022-04-08,ARI,SD,SD,Thu
ARI-SD-2022-04-07,3,2022-04-09,ARI,SD,SD,Thu
ARI-SD-2022-04-07,4,2022-04-10,ARI,SD,SD,Thu
SD-ARI-2022-06-20,1,2022-06-20,SD,ARI,SD,Mon
SD-ARI-2022-06-20,2,2022-06-21,SD,ARI,SD,Mon
SD-ARI-2022-06-20,3,2022-06-22,SD,ARI,SD,Mon
ARI-SD-2022-06-28,1,2022-06-28,ARI,SD,ARI,Tue
ARI-SD-2022-06-28,2,2022-06-29,ARI,SD,SD,Tue
SD-ARI-2022-07-15,1,2022-07-15,SD,ARI,SD,Fri
SD-ARI-2022-07-15,2,2022-07-16,SD,ARI,SD,Fri
SD-ARI-2022-07-15,3,2022-07-17,SD,ARI,ARI,Fri
SD-ARI-2022-09-05,1,2022-09-05,SD,ARI,ARI,Mon
SD-ARI-2022-09-05,2,2022-09-06,SD,ARI,SD,Mon
SD-ARI-2022-09-05,3,2022-09-07,SD,ARI,SD,Mon
ARI-SD-2022-09-15,1,2022-09-15,ARI,SD,ARI,Thu
ARI-SD-2022-09-15,2,2022-09-16,ARI,SD,SD,Thu
ARI-SD-2022-09-15,3,2022-09-17,ARI,SD,SD,Thu
ARI-SD-2022-09-15,4,2022-09-18,ARI,SD,SD,Thu
SD-ARI-2023-04-03,1,2023-04-03,SD,ARI,SD,Mon
SD-ARI-2023-04-03,2,2023-04-04,SD,ARI,ARI,Mon
ARI-SD-2023-04-20,1,2023-04-20,ARI,SD,SD,Thu
ARI-SD-2023-04-20,2,2023-04-21,ARI,SD,ARI,Thu
ARI-SD-2023-04-20,3,2023-04-22,ARI,SD,SD,Thu
ARI-SD-2023-04-20,4,2023-04-23,ARI,SD,SD,Thu
ARI-SD-2023-08-11,1,2023-08-11,ARI,SD,SD,Fri
ARI-SD-2023-08-11,2,2023-08-12,ARI,SD,ARI,Fri
ARI-SD-2023-08-11,3,2023-08-13,ARI,SD,ARI,Fri
SD-ARI-2023-08-17,1,2023-08-17,SD,ARI,ARI,Thu
SD-ARI-2023-08-17,2,2023-08-18,SD,ARI,SD,Thu
SD-ARI-2023-08-17,3,2023-08-19,SD,ARI,ARI,Thu
COL-LAD-2021-04-01,1,2021-04-01,COL,LAD,COL,Thu
COL-LAD-2021-04-01,2,2021-04-02,COL,LAD,LAD,Thu
COL-LAD-2021-04-01,3,2021-04-03,COL,LAD,LAD,Thu
COL-LAD-2021-04-01,4,2021-04-04,COL,LAD,LAD,Thu
LAD-COL-2021-04-13,1,2021-04-13,LAD,COL,LAD,Tue
LAD-COL-2021-04-13,2,2021-04-14,LAD,COL,LAD,Tue
LAD-COL-2021-04-13,3,2021-04-15,LAD,COL,LAD,Tue
COL-LAD-2021-07-16,1,2021-07-16,COL,LAD,LAD,Fri
COL-LAD-2021-07-16,2,2021-07-17,COL,LAD,LAD,Fri
COL-LAD-2021-07-16,3,2021-07-18,COL,LAD,COL,Fri
LAD-COL-2021-07-23,1,2021-07-23,LAD,COL,COL,Fri
LAD-COL-2021-07-23,2,2021-07-24,LAD,COL,LAD,Fri
LAD-COL-2021-07-23,3,2021-07-25,LAD,COL,LAD,Fri
LAD-COL-2021-08-27,1,2021-08-27,LAD,COL,COL,Fri
LAD-COL-2021-08-27,2,2021-08-28,LAD,COL,LAD,Fri
LAD-COL-2021-08-27,3,2021-08-29,LAD,COL,COL,Fri
COL-LAD-2021-09-21,1,2021-09-21,COL,LAD,LAD,Tue
COL-LAD-2021-09-21,2,2021-09-22,COL,LAD,COL,Tue
COL-LAD-2021-09-21,3,2021-09-23,COL,LAD,LAD,Tue
COL-LAD-2022-04-08,1,2022-04-08,COL,LAD,LAD,Fri
COL-LAD-2022-04-08,2,2022-04-09,COL,LAD,COL,Fri
COL-LAD-2022-04-08,3,2022-04-10,COL,LAD,COL,Fri
COL-LAD-2022-06-27,1,2022-06-27,COL,LAD,COL,Mon
COL-LAD-2022-06-27,2,2022-06-28,COL,LAD,COL,Mon
COL-LAD-2022-06-27,3,2022-06-29,COL,LAD,LAD,Mon
LAD-COL-2022-07-04,1,2022-07-04,LAD,COL,LAD,Mon
LAD-COL-2022-07-04,2,2022-07-05,LAD,COL,LAD,Mon
LAD-COL-2022-07-04,3,2022-07-06,LAD,COL,LAD,Mon
COL-LAD-2022-07-28,1,2022-07-28,COL,LAD,LAD,Thu
COL-LAD-2022-07-28,2,2022-07-29,COL,LAD,LAD,Thu
COL-LAD-2022-07-28,3,2022-07-30,COL,LAD,COL,Thu
COL-LAD-2022-07-28,4,2022-07-31,COL,LAD,LAD,Thu
LAD-COL-2022-09-30,1,2022-09-30,LAD,COL,LAD,Fri
LAD-COL-2022-09-30,2,2022-10-01,LAD,COL,LAD,Fri
LAD-COL-2022-09-30,3,2022-10-02,LAD,COL,COL,Fri
LAD-COL-2022-09-30,4,2022-10-03,LAD,COL,COL,Fri
LAD-COL-2022-09-30,5,2022-10-04,LAD,COL,COL,Fri
LAD-COL-2022-09-30,6,2022-10-05,LAD,COL,LAD,Fri
LAD-COL-2023-04-03,1,2023-04-03,LAD,COL,LAD,Mon
LAD-COL-2023-04-03,2,2023-04-04,LAD,COL,LAD,Mon
COL-LAD-2023-06-27,1,2023-06-27,COL,LAD,LAD,Tue
COL-LAD-2023-06-27,2,2023-06-28,COL,LAD,COL,Tue
COL-LAD-2023-06-27,3,2023-06-29,COL,LAD,LAD,Tue
LAD-COL-2023-08-10,1,2023-08-10,LAD,COL,LAD,Thu
LAD-COL-2023-08-10,2,2023-08-11,LAD,COL,LAD,Thu
LAD-COL-2023-08-10,3,2023-08-12,LAD,COL,LAD,Thu
LAD-COL-2023-08-10,4,2023-08-13,LAD,COL,LAD,Thu
COL-LAD-2023-09-26,1,2023-09-26,COL,LAD,COL,Tue
COL-LAD-2023-09-26,2,2023-09-27,COL,LAD,LAD,Tue
COL-LAD-2023-09-26,3,2023-09-28,COL,LAD,COL,Tue
LAD-COL-2024-05-31,1,2024-05-31,LAD,COL,COL,Fri
LAD-COL-2024-05-31,2,2024-06-01,LAD,COL,LAD,Fri
LAD-COL-2024-05-31,3,2024-06-02,LAD,COL,LAD,Fri
COL-LAD-2024-06-17,1,2024-06-17,COL,LAD,LAD,Mon
COL-LAD-2024-06-17,2,2024-06-18,COL,LAD,LAD,Mon
COL-LAD-2024-06-17,3,2024-06-19,COL,LAD,COL,Mon
COL-LAD-2024-06-17,4,2024-06-20,COL,LAD,LAD,Mon
LAD-COL-2024-09-20,1,2024-09-20,LAD,COL,LAD,Fri
LAD-COL-2024-09-20,2,2024-09-21,LAD,COL,COL,Fri
LAD-COL-2024-09-20,3,2024-09-22,LAD,COL,LAD,Fri
COL-LAD-2024-09-27,1,2024-09-27,COL,LAD,LAD,Fri
COL-LAD-2024-09-27,2,2024-09-28,COL,LAD,LAD,Fri
COL-LAD-2024-09-27,3,2024-09-29,COL,LAD,LAD,Fri
LAD-COL-2025-04-14,1,2025-04-14,LAD,COL,LAD,Mon
LAD-COL-2025-04-14,2,2025-04-15,LAD,COL,LAD,Mon
LAD-COL-2025-04-14,3,2025-04-16,LAD,COL,LAD,Mon
COL-LAD-2025-06-24,1,2025-06-24,COL,LAD,LAD,Tue
COL-LAD-2025-06-24,2,2025-06-25,COL,LAD,LAD,Tue
COL-LAD-2025-06-24,3,2025-06-26,COL,LAD,LAD,Tue
LAA-CHW-2021-04-01,1,2021-04-01,LAA,CHW,LAA,Thu
LAA-CHW-2021-04-01,2,2021-04-02,LAA,CHW,CHW,Thu
LAA-CHW-2021-04-01,3,2021-04-03,LAA,CHW,LAA,Thu
LAA-CHW-2021-04-01,4,2021-04-04,LAA,CHW,LAA,Thu
CHW-LAA-2021-09-14,1,2021-09-14,CHW,LAA,CHW,Tue
CHW-LAA-2021-09-14,2,2021-09-15,CHW,LAA,LAA,Tue
CHW-LAA-2021-09-14,3,2021-09-16,CHW,LAA,LAA,Tue
CHW-LAA-2022-04-29,1,2022-04-29,CHW,LAA,LAA,Fri
CHW-LAA-2022-04-29,2,2022-04-30,CHW,LAA,CHW,Fri
CHW-LAA-2022-04-29,3,2022-05-01,CHW,LAA,LAA,Fri
CHW-LAA-2022-04-29,4,2022-05-02,CHW,LAA,CHW,Fri
LAA-CHW-2022-06-27,1,2022-06-27,LAA,CHW,LAA,Mon
LAA-CHW-2022-06-27,2,2022-06-28,LAA,CHW,CHW,Mon
LAA-CHW-2022-06-27,3,2022-06-29,LAA,CHW,LAA,Mon
CHW-LAA-2023-05-29,1,2023-05-29,CHW,LAA,LAA,Mon
CHW-LAA-2023-05-29,2,2023-05-30,CHW,LAA,CHW,Mon
CHW-LAA-2023-05-29,3,2023-05-31,CHW,LAA,LAA,Mon
LAA-CHW-2023-06-26,1,2023-06-26,LAA,CHW,LAA,Mon
LAA-CHW-2023-06-26,2,2023-06-27,LAA,CHW,LAA,Mon
LAA-CHW-2023-06-26,3,2023-06-28,LAA,CHW,CHW,Mon
LAA-CHW-2023-06-26,4,2023-06-29,LAA,CHW,CHW,Mon
LAA-CHW-2024-09-16,1,2024-09-16,LAA,CHW,CHW,Mon
LAA-CHW-2024-09-16,2,2024-09-17,LAA,CHW,LAA,Mon
LAA-CHW-2024-09-16,3,2024-09-18,LAA,CHW,LAA,Mon
CHW-LAA-2024-09-24,1,2024-09-24,CHW,LAA,CHW,Tue
CHW-LAA-2024-09-24,2,2024-09-25,CHW,LAA,CHW,Tue
CHW-LAA-2024-09-24,3,2024-09-26,CHW,LAA,CHW,Tue
CHW-LAA-2025-03-27,1,2025-03-27,CHW,LAA,CHW,Thu
CHW-LAA-2025-03-27,2,2025-03-29,CHW,LAA,LAA,Thu
CHW-LAA-2025-03-27,3,2025-03-30,CHW,LAA,LAA,Thu
LAA-CHW-2025-08-01,1,2025-08-01,LAA,CHW,CHW,Fri
LAA-CHW-2025-08-01,2,2025-08-02,LAA,CHW,CHW,Fri
LAA-CHW-2025-08-01,3,2025-08-03,LAA,CHW,LAA,Fri
OAK-HOU-2021-04-01,1,2021-04-01,OAK,HOU,HOU,Thu
OAK-HOU-2021-04-01,2,2021-04-02,OAK,HOU,HOU,Thu
OAK-HOU-2021-04-01,3,2021-04-03,OAK,HOU,HOU,Thu
OAK-HOU-2021-04-01,4,2021-04-04,OAK,HOU,HOU,Thu
HOU-OAK-2021-04-08,1,2021-04-08,HOU,OAK,HOU,Thu
HOU-OAK-2021-04-08,2,2021-04-09,HOU,OAK,OAK,Thu
HOU-OAK-2021-04-08,3,2021-04-10,HOU,OAK,OAK,Thu
OAK-HOU-2021-05-18,1,2021-05-18,OAK,HOU,OAK,Tue
OAK-HOU-2021-05-18,2,2021-05-19,OAK,HOU,HOU,Tue
OAK-HOU-2021-05-18,3,2021-05-20,OAK,HOU,HOU,Tue
HOU-OAK-2021-07-06,1,2021-07-06,HOU,OAK,HOU,Tue
HOU-OAK-2021-07-06,2,2021-07-07,HOU,OAK,HOU,Tue
HOU-OAK-2021-07-06,3,2021-07-08,HOU,OAK,OAK,Tue
OAK-HOU-2021-09-25,1,2021-09-25,OAK,HOU,OAK,Sat
OAK-HOU-2021-09-25,2,2021-09-26,OAK,HOU,OAK,Sat
HOU-OAK-2021-10-01,1,2021-10-01,HOU,OAK,OAK,Fri
HOU-OAK-2021-10-01,2,2021-10-02,HOU,OAK,HOU,Fri
HOU-OAK-2021-10-01,3,2021-10-03,HOU,OAK,HOU,Fri
OAK-HOU-2022-05-30,1,2022-05-30,OAK,HOU,HOU,Mon
OAK-HOU-2022-05-30,2,2022-05-31,OAK,HOU,HOU,Mon
OAK-HOU-2022-05-30,3,2022-06-01,OAK,HOU,HOU,Mon
OAK-HOU-2022-07-08,1,2022-07-08,OAK,HOU,HOU,Fri
OAK-HOU-2022-07-08,2,2022-07-09,OAK,HOU,OAK,Fri
OAK-HOU-2022-07-08,3,2022-07-10,OAK,HOU,HOU,Fri
HOU-OAK-2022-07-15,1,2022-07-15,HOU,OAK,OAK,Fri
HOU-OAK-2022-07-15,2,2022-07-16,HOU,OAK,HOU,Fri
HOU-OAK-2022-07-15,3,2022-07-17,HOU,OAK,OAK,Fri
OAK-HOU-2022-07-25,1,2022-07-25,OAK,HOU,OAK,Mon
OAK-HOU-2022-07-25,2,2022-07-26,OAK,HOU,OAK,Mon
OAK-HOU-2022-07-25,3,2022-07-27,OAK,HOU,OAK,Mon
HOU-OAK-2022-08-12,1,2022-08-12,HOU,OAK,HOU,Fri
HOU-OAK-2022-08-12,2,2022-08-13,HOU,OAK,HOU,Fri
HOU-OAK-2022-08-12,3,2022-08-14,HOU,OAK,HOU,Fri
HOU-OAK-2022-09-15,1,2022-09-15,HOU,OAK,HOU,Thu
HOU-OAK-2022-09-15,2,2022-09-16,HOU,OAK,HOU,Thu
HOU-OAK-2022-09-15,3,2022-09-17,HOU,OAK,OAK,Thu
HOU-OAK-2022-09-15,4,2022-09-18,HOU,OAK,HOU,Thu
HOU-OAK-2023-05-19,1,2023-05-19,HOU,OAK,HOU,Fri
HOU-OAK-2023-05-19,2,2023-05-20,HOU,OAK,HOU,Fri
HOU-OAK-2023-05-19,3,2023-05-21,HOU,OAK,HOU,Fri
OAK-HOU-2023-05-26,1,2023-05-26,OAK,HOU,HOU,Fri
OAK-HOU-2023-05-26,2,2023-05-27,OAK,HOU,HOU,Fri
OAK-HOU-2023-05-26,3,2023-05-28,OAK,HOU,HOU,Fri
OAK-HOU-2023-07-20,1,2023-07-20,OAK,HOU,HOU,Thu
OAK-HOU-2023-07-20,2,2023-07-21,OAK,HOU,HOU,Thu
OAK-HOU-2023-07-20,3,2023-07-22,OAK,HOU,OAK,Thu
OAK-HOU-2023-07-20,4,2023-07-23,OAK,HOU,HOU,Thu
HOU-OAK-2023-09-11,1,2023-09-11,HOU,OAK,OAK,Mon
HOU-OAK-2023-09-11,2,2023-09-12,HOU,OAK,OAK,Mon
HOU-OAK-2023-09-11,3,2023-09-13,HOU,OAK,HOU,Mon
SEA-SF-2021-04-01,1,2021-04-01,SEA,SF,SEA,Thu
SEA-SF-2021-04-01,2,2021-04-02,SEA,SF,SF,Thu
SEA-SF-2021-04-01,3,2021-04-03,SEA,SF,SEA,Thu
SF-SEA-2023-07-03,1,2023-07-03,SF,SEA,SEA,Mon
SF-SEA-2023-07-03,2,2023-07-04,SF,SEA,SEA,Mon
SF-SEA-2023-07-03,3,2023-07-05,SF,SEA,SF,Mon
SEA-SF-2024-08-23,1,2024-08-23,SEA,SF,SEA,Fri
SEA-SF-2024-08-23,2,2024-08-24,SEA,SF,SF,Fri
SEA-SF-2024-08-23,3,2024-08-25,SEA,SF,SEA,Fri
SF-SEA-2025-04-04,1,2025-04-04,SF,SEA,SF,Fri
SF-SEA-2025-04-04,2,2025-04-05,SF,SEA,SF,Fri
SF-SEA-2025-04-04,3,2025-04-06,SF,SEA,SF,Fri
BOS-BAL-2021-04-02,1,2021-04-02,BOS,BAL,BAL,Fri
BOS-BAL-2021-04-02,2,2021-04-03,BOS,BAL,BAL,Fri
BOS-BAL-2021-04-02,3,2021-04-04,BOS,BAL,BAL,Fri
BAL-BOS-2021-04-08,1,2021-04-08,BAL,BOS,BOS,Thu
BAL-BOS-2021-04-08,2,2021-04-10,BAL,BOS,BOS,Thu
BAL-BOS-2021-04-08,3,2021-04-11,BAL,BOS,BOS,Thu
BAL-BOS-2021-05-07,1,2021-05-07,BAL,BOS,BOS,Fri
BAL-BOS-2021-05-07,2,2021-05-08,BAL,BOS,BOS,Fri
BAL-BOS-2021-05-07,3,2021-05-09,BAL,BOS,BOS,Fri
BAL-BOS-2021-05-07,4,2021-05-10,BAL,BOS,BAL,Fri
BOS-BAL-2021-08-13,1,2021-08-13,BOS,BAL,BOS,Fri
BOS-BAL-2021-08-13,2,2021-08-14,BOS,BAL,BOS,Fri
BOS-BAL-2021-08-13,3,2021-08-15,BOS,BAL,BOS,Fri
BOS-BAL-2021-09-17,1,2021-09-17,BOS,BAL,BOS,Fri
BOS-BAL-2021-09-17,2,2021-09-18,BOS,BAL,BOS,Fri
BOS-BAL-2021-09-17,3,2021-09-19,BOS,BAL,BOS,Fri
BAL-BOS-2021-09-28,1,2021-09-28,BAL,BOS,BAL,Tue
BAL-BOS-2021-09-28,2,2021-09-29,BAL,BOS,BOS,Tue
BAL-BOS-2021-09-28,3,2021-09-30,BAL,BOS,BAL,Tue
BAL-BOS-2022-04-29,1,2022-04-29,BAL,BOS,BOS,Fri
BAL-BOS-2022-04-29,2,2022-04-30,BAL,BOS,BAL,Fri
BAL-BOS-2022-04-29,3,2022-05-01,BAL,BOS,BAL,Fri
BOS-BAL-2022-05-27,1,2022-05-27,BOS,BAL,BAL,Fri
BOS-BAL-2022-05-27,2,2022-05-28,BOS,BAL,BOS,Fri
BOS-BAL-2022-05-27,3,2022-05-29,BOS,BAL,BOS,Fri
BOS-BAL-2022-05-27,4,2022-05-30,BOS,BAL,BAL,Fri
BOS-BAL-2022-08-11,1,2022-08-11,BOS,BAL,BOS,Thu
BAL-BOS-2022-08-19,1,2022-08-19,BAL,BOS,BAL,Fri
BAL-BOS-2022-08-19,2,2022-08-20,BAL,BOS,BOS,Fri
BAL-BOS-2022-08-19,3,2022-08-21,BAL,BOS,BAL,Fri
BAL-BOS-2022-09-09,1,2022-09-09,BAL,BOS,BAL,Fri
BAL-BOS-2022-09-09,2,2022-09-10,BAL,BOS,BOS,Fri
BAL-BOS-2022-09-09,3,2022-09-11,BAL,BOS,BOS,Fri
BOS-BAL-2022-09-26,1,2022-09-26,BOS,BAL,BAL,Mon
BOS-BAL-2022-09-26,2,2022-09-27,BOS,BAL,BOS,Mon
BOS-BAL-2022-09-26,3,2022-09-28,BOS,BAL,BOS,Mon
BOS-BAL-2022-09-26,4,2022-09-29,BOS,BAL,BOS,Mon
BOS-BAL-2023-03-30,1,2023-03-30,BOS,BAL,BAL,Thu
BOS-BAL-2023-03-30,2,2023-04-01,BOS,BAL,BOS,Thu
BOS-BAL-2023-03-30,3,2023-04-02,BOS,BAL,BOS,Thu
BAL-BOS-2023-04-24,1,2023-04-24,BAL,BOS,BAL,Mon
BAL-BOS-2023-04-24,2,2023-04-25,BAL,BOS,BOS,Mon
BAL-BOS-2023-04-24,3,2023-04-26,BAL,BOS,BAL,Mon
BOS-BAL-2023-09-08,1,2023-09-08,BOS,BAL,BAL,Fri
BOS-BAL-2023-09-08,2,2023-09-09,BOS,BAL,BAL,Fri
BOS-BAL-2023-09-08,3,2023-09-10,BOS,BAL,BOS,Fri
BAL-BOS-2023-09-28,1,2023-09-28,BAL,BOS,BAL,Thu
BAL-BOS-2023-09-28,2,2023-09-29,BAL,BOS,BOS,Thu
BAL-BOS-2023-09-28,3,2023-09-30,BAL,BOS,BAL,Thu
BAL-BOS-2023-09-28,4,2023-10-01,BAL,BOS,BOS,Thu
BOS-BAL-2024-04-09,1,2024-04-09,BOS,BAL,BAL,Tue
BOS-BAL-2024-04-09,2,2024-04-10,BOS,BAL,BAL,Tue
BOS-BAL-2024-04-09,3,2024-04-11,BOS,BAL,BAL,Tue
BAL-BOS-2024-05-27,1,2024-05-27,BAL,BOS,BAL,Mon
BAL-BOS-2024-05-27,2,2024-05-28,BAL,BOS,BOS,Mon
BAL-BOS-2024-05-27,3,2024-05-29,BAL,BOS,BAL,Mon
BAL-BOS-2024-08-15,1,2024-08-15,BAL,BOS,BAL,Thu
BAL-BOS-2024-08-15,2,2024-08-16,BAL,BOS,BOS,Thu
BAL-BOS-2024-08-15,3,2024-08-17,BAL,BOS,BOS,Thu
BAL-BOS-2024-08-15,4,2024-08-18,BAL,BOS,BAL,Thu
BOS-BAL-2024-09-09,1,2024-09-09,BOS,BAL,BOS,Mon
BOS-BAL-2024-09-09,2,2024-09-10,BOS,BAL,BAL,Mon
BOS-BAL-2024-09-09,3,2024-09-11,BOS,BAL,BOS,Mon
BAL-BOS-2025-03-31,1,2025-03-31,BAL,BOS,BAL,Mon
BAL-BOS-2025-03-31,2,2025-04-02,BAL,BOS,BOS,Mon
BAL-BOS-2025-03-31,3,2025-04-03,BAL,BOS,BOS,Mon
BOS-BAL-2025-05-23,1,2025-05-23,BOS,BAL,BOS,Fri
BOS-BAL-2025-05-23,2,2025-05-24,BOS,BAL,BOS,Fri
BOS-BAL-2025-05-23,3,2025-05-25,BOS,BAL,BAL,Fri
DET-MIN-2021-04-05,1,2021-04-05,DET,MIN,MIN,Mon
DET-MIN-2021-04-05,2,2021-04-06,DET,MIN,DET,Mon
DET-MIN-2021-04-05,3,2021-04-07,DET,MIN,MIN,Mon
DET-MIN-2021-05-07,1,2021-05-07,DET,MIN,MIN,Fri
DET-MIN-2021-05-07,2,2021-05-08,DET,MIN,DET,Fri
MIN-DET-2021-07-08,1,2021-07-08,MIN,DET,MIN,Thu
MIN-DET-2021-07-08,2,2021-07-09,MIN,DET,MIN,Thu
MIN-DET-2021-07-08,3,2021-07-10,MIN,DET,MIN,Thu
MIN-DET-2021-07-08,4,2021-07-11,MIN,DET,MIN,Thu
DET-MIN-2021-07-17,1,2021-07-17,DET,MIN,DET,Sat
DET-MIN-2021-07-17,2,2021-07-18,DET,MIN,DET,Sat
MIN-DET-2021-07-26,1,2021-07-26,MIN,DET,MIN,Mon
MIN-DET-2021-07-26,2,2021-07-27,MIN,DET,DET,Mon
MIN-DET-2021-07-26,3,2021-07-28,MIN,DET,DET,Mon
DET-MIN-2021-08-30,1,2021-08-30,DET,MIN,MIN,Mon
MIN-DET-2021-09-28,1,2021-09-28,MIN,DET,MIN,Tue
MIN-DET-2021-09-28,2,2021-09-29,MIN,DET,MIN,Tue
MIN-DET-2021-09-28,3,2021-09-30,MIN,DET,DET,Tue
MIN-DET-2022-04-26,1,2022-04-26,MIN,DET,MIN,Tue
MIN-DET-2022-04-26,2,2022-04-27,MIN,DET,MIN,Tue
MIN-DET-2022-04-26,3,2022-04-28,MIN,DET,MIN,Tue
MIN-DET-2022-05-23,1,2022-05-23,MIN,DET,MIN,Mon
MIN-DET-2022-05-23,2,2022-05-24,MIN,DET,MIN,Mon
MIN-DET-2022-05-23,3,2022-05-25,MIN,DET,DET,Mon
DET-MIN-2022-05-30,1,2022-05-30,DET,MIN,DET,Mon
DET-MIN-2022-05-30,2,2022-05-31,DET,MIN,MIN,Mon
DET-MIN-2022-05-30,3,2022-06-01,DET,MIN,DET,Mon
DET-MIN-2022-05-30,4,2022-06-02,DET,MIN,DET,Mon
DET-MIN-2022-07-23,1,2022-07-23,DET,MIN,MIN,Sat
DET-MIN-2022-07-23,2,2022-07-24,DET,MIN,MIN,Sat
MIN-DET-2022-08-01,1,2022-08-01,MIN,DET,MIN,Mon
MIN-DET-2022-08-01,2,2022-08-02,MIN,DET,DET,Mon
MIN-DET-2022-08-01,3,2022-08-03,MIN,DET,MIN,Mon
DET-MIN-2022-09-30,1,2022-09-30,DET,MIN,MIN,Fri
DET-MIN-2022-09-30,2,2022-10-01,DET,MIN,DET,Fri
DET-MIN-2022-09-30,3,2022-10-02,DET,MIN,DET,Fri
MIN-DET-2023-06-15,1,2023-06-15,MIN,DET,DET,Thu
MIN-DET-2023-06-15,2,2023-06-16,MIN,DET,DET,Thu
MIN-DET-2023-06-15,3,2023-06-17,MIN,DET,MIN,Thu
MIN-DET-2023-06-15,4,2023-06-18,MIN,DET,DET,Thu
DET-MIN-2023-06-23,1,2023-06-23,DET,MIN,MIN,Fri
DET-MIN-2023-06-23,2,2023-06-24,DET,MIN,DET,Fri
DET-MIN-2023-06-23,3,2023-06-25,DET,MIN,MIN,Fri
DET-MIN-2023-08-07,1,2023-08-07,DET,MIN,MIN,Mon
DET-MIN-2023-08-07,2,2023-08-08,DET,MIN,DET,Mon
DET-MIN-2023-08-07,3,2023-08-09,DET,MIN,DET,Mon
DET-MIN-2023-08-07,4,2023-08-10,DET,MIN,DET,Mon
MIN-DET-2023-08-15,1,2023-08-15,MIN,DET,MIN,Tue
MIN-DET-2023-08-15,2,2023-08-16,MIN,DET,DET,Tue
DET-MIN-2024-04-12,1,2024-04-12,DET,MIN,DET,Fri
DET-MIN-2024-04-12,2,2024-04-13,DET,MIN,MIN,Fri
DET-MIN-2024-04-12,3,2024-04-14,DET,MIN,DET,Fri
MIN-DET-2024-04-19,1,2024-04-19,MIN,DET,DET,Fri
MIN-DET-2024-04-19,2,2024-04-20,MIN,DET,MIN,Fri
MIN-DET-2024-04-19,3,2024-04-21,MIN,DET,DET,Fri
MIN-DET-2024-07-02,1,2024-07-02,MIN,DET,MIN,Tue
MIN-DET-2024-07-02,2,2024-07-03,MIN,DET,DET,Tue
MIN-DET-2024-07-02,3,2024-07-04,MIN,DET,MIN,Tue
DET-MIN-2024-07-26,1,2024-07-26,DET,MIN,MIN,Fri
DET-MIN-2024-07-26,2,2024-07-27,DET,MIN,DET,Fri
DET-MIN-2024-07-26,3,2024-07-28,DET,MIN,MIN,Fri
MIN-DET-2025-04-11,1,2025-04-11,MIN,DET,DET,Fri
MIN-DET-2025-04-11,2,2025-04-12,MIN,DET,DET,Fri
MIN-DET-2025-04-11,3,2025-04-13,MIN,DET,MIN,Fri
DET-MIN-2025-06-27,1,2025-06-27,DET,MIN,MIN,Fri
DET-MIN-2025-06-27,2,2025-06-28,DET,MIN,DET,Fri
DET-MIN-2025-06-27,3,2025-06-29,DET,MIN,DET,Fri
DET-MIN-2025-08-04,1,2025-08-04,DET,MIN,DET,Mon
DET-MIN-2025-08-04,2,2025-08-05,DET,MIN,MIN,Mon
DET-MIN-2025-08-04,3,2025-08-06,DET,MIN,MIN,Mon
MIN-DET-2025-08-14,1,2025-08-14,MIN,DET,DET,Thu
MIN-DET-2025-08-14,2,2025-08-15,MIN,DET,DET,Thu
MIN-DET-2025-08-14,3,2025-08-16,MIN,DET,DET,Thu
TEX-TOR-2021-04-05,1,2021-04-05,TEX,TOR,TOR,Mon
TEX-TOR-2021-04-05,2,2021-04-06,TEX,TOR,TEX,Mon
TEX-TOR-2021-04-05,3,2021-04-07,TEX,TOR,TEX,Mon
TOR-TEX-2021-07-16,1,2021-07-16,TOR,TEX,TOR,Fri
TOR-TEX-2021-07-16,2,2021-07-18,TOR,TEX,TOR,Fri
TOR-TEX-2022-04-08,1,2022-04-08,TOR,TEX,TOR,Fri
TOR-TEX-2022-04-08,2,2022-04-09,TOR,TEX,TOR,Fri
TOR-TEX-2022-04-08,3,2022-04-10,TOR,TEX,TEX,Fri
TEX-TOR-2022-09-09,1,2022-09-09,TEX,TOR,TOR,Fri
TEX-TOR-2022-09-09,2,2022-09-10,TEX,TOR,TOR,Fri
TEX-TOR-2022-09-09,3,2022-09-11,TEX,TOR,TEX,Fri
TEX-TOR-2023-06-16,1,2023-06-16,TEX,TOR,TOR,Fri
TEX-TOR-2023-06-16,2,2023-06-17,TEX,TOR,TEX,Fri
TEX-TOR-2023-06-16,3,2023-06-18,TEX,TOR,TEX,Fri
TOR-TEX-2023-09-11,1,2023-09-11,TOR,TEX,TEX,Mon
TOR-TEX-2023-09-11,2,2023-09-12,TOR,TEX,TEX,Mon
TOR-TEX-2023-09-11,3,2023-09-13,TOR,TEX,TEX,Mon
TOR-TEX-2023-09-11,4,2023-09-14,TOR,TEX,TEX,Mon
TOR-TEX-2024-07-26,1,2024-07-26,TOR,TEX,TOR,Fri
TOR-TEX-2024-07-26,2,2024-07-27,TOR,TEX,TOR,Fri
TOR-TEX-2024-07-26,3,2024-07-28,TOR,TEX,TOR,Fri
TEX-TOR-2024-09-17,1,2024-09-17,TEX,TOR,TEX,Tue
TEX-TOR-2024-09-17,2,2024-09-18,TEX,TOR,TEX,Tue
TEX-TOR-2024-09-17,3,2024-09-19,TEX,TOR,TOR,Tue
TEX-TOR-2025-05-26,1,2025-05-26,TEX,TOR,TOR,Mon
TEX-TOR-2025-05-26,2,2025-05-27,TEX,TOR,TEX,Mon
TEX-TOR-2025-05-26,3,2025-05-28,TEX,TOR,TOR,Mon
TOR-TEX-2025-08-15,1,2025-08-15,TOR,TEX,TOR,Fri
TOR-TEX-2025-08-15,2,2025-08-16,TOR,TEX,TOR,Fri
NYY-BAL-2021-04-05,1,2021-04-05,NYY,BAL,NYY,Mon
NYY-BAL-2021-04-05,2,2021-04-06,NYY,BAL,NYY,Mon
NYY-BAL-2021-04-05,3,2021-04-07,NYY,BAL,BAL,Mon
BAL-NYY-2021-04-26,1,2021-04-26,BAL,NYY,BAL,Mon
BAL-NYY-2021-04-26,2,2021-04-27,BAL,NYY,NYY,Mon
BAL-NYY-2021-04-26,3,2021-04-28,BAL,NYY,NYY,Mon
BAL-NYY-2021-04-26,4,2021-04-29,BAL,NYY,BAL,Mon
BAL-NYY-2021-05-14,1,2021-05-14,BAL,NYY,NYY,Fri
BAL-NYY-2021-05-14,2,2021-05-15,BAL,NYY,NYY,Fri
BAL-NYY-2021-05-14,3,2021-05-16,BAL,NYY,BAL,Fri
NYY-BAL-2021-08-02,1,2021-08-02,NYY,BAL,BAL,Mon
NYY-BAL-2021-08-02,2,2021-08-03,NYY,BAL,NYY,Mon
NYY-BAL-2021-08-02,3,2021-08-04,NYY,BAL,NYY,Mon
NYY-BAL-2021-09-03,1,2021-09-03,NYY,BAL,NYY,Fri
NYY-BAL-2021-09-03,2,2021-09-04,NYY,BAL,BAL,Fri
NYY-BAL-2021-09-03,3,2021-09-05,NYY,BAL,BAL,Fri
BAL-NYY-2021-09-14,1,2021-09-14,BAL,NYY,NYY,Tue
BAL-NYY-2021-09-14,2,2021-09-15,BAL,NYY,NYY,Tue
BAL-NYY-2021-09-14,3,2021-09-16,BAL,NYY,BAL,Tue
BAL-NYY-2022-04-15,1,2022-04-15,BAL,NYY,BAL,Fri
BAL-NYY-2022-04-15,2,2022-04-16,BAL,NYY,NYY,Fri
BAL-NYY-2022-04-15,3,2022-04-17,BAL,NYY,BAL,Fri
NYY-BAL-2022-04-26,1,2022-04-26,NYY,BAL,NYY,Tue
NYY-BAL-2022-04-26,2,2022-04-27,NYY,BAL,NYY,Tue
NYY-BAL-2022-04-26,3,2022-04-28,NYY,BAL,NYY,Tue
BAL-NYY-2022-05-16,1,2022-05-16,BAL,NYY,NYY,Mon
BAL-NYY-2022-05-16,2,2022-05-17,BAL,NYY,NYY,Mon
BAL-NYY-2022-05-16,3,2022-05-18,BAL,NYY,NYY,Mon
BAL-NYY-2022-05-16,4,2022-05-19,BAL,NYY,BAL,Mon
NYY-BAL-2022-05-23,1,2022-05-23,NYY,BAL,BAL,Mon
NYY-BAL-2022-05-23,2,2022-05-24,NYY,BAL,NYY,Mon
NYY-BAL-2022-05-23,3,2022-05-25,NYY,BAL,NYY,Mon
BAL-NYY-2022-07-22,1,2022-07-22,BAL,NYY,NYY,Fri
BAL-NYY-2022-07-22,2,2022-07-23,BAL,NYY,BAL,Fri
BAL-NYY-2022-07-22,3,2022-07-24,BAL,NYY,NYY,Fri
NYY-BAL-2022-09-30,1,2022-09-30,NYY,BAL,BAL,Fri
NYY-BAL-2022-09-30,2,2022-10-01,NYY,BAL,NYY,Fri
NYY-BAL-2022-09-30,3,2022-10-02,NYY,BAL,BAL,Fri
BAL-NYY-2023-04-07,1,2023-04-07,BAL,NYY,BAL,Fri
BAL-NYY-2023-04-07,2,2023-04-08,BAL,NYY,NYY,Fri
BAL-NYY-2023-04-07,3,2023-04-09,BAL,NYY,NYY,Fri
NYY-BAL-2023-05-23,1,2023-05-23,NYY,BAL,NYY,Tue
NYY-BAL-2023-05-23,2,2023-05-24,NYY,BAL,BAL,Tue
NYY-BAL-2023-05-23,3,2023-05-25,NYY,BAL,BAL,Tue
NYY-BAL-2023-07-03,1,2023-07-03,NYY,BAL,NYY,Mon
NYY-BAL-2023-07-03,2,2023-07-04,NYY,BAL,NYY,Mon
NYY-BAL-2023-07-03,3,2023-07-05,NYY,BAL,BAL,Mon
NYY-BAL-2023-07-03,4,2023-07-06,NYY,BAL,BAL,Mon
BAL-NYY-2023-07-28,1,2023-07-28,BAL,NYY,BAL,Fri
BAL-NYY-2023-07-28,2,2023-07-29,BAL,NYY,NYY,Fri
BAL-NYY-2023-07-28,3,2023-07-30,BAL,NYY,BAL,Fri
BAL-NYY-2024-04-29,1,2024-04-29,BAL,NYY,BAL,Mon
BAL-NYY-2024-04-29,2,2024-04-30,BAL,NYY,BAL,Mon
BAL-NYY-2024-04-29,3,2024-05-01,BAL,NYY,NYY,Mon
BAL-NYY-2024-04-29,4,2024-05-02,BAL,NYY,BAL,Mon
NYY-BAL-2024-06-18,1,2024-06-18,NYY,BAL,NYY,Tue
NYY-BAL-2024-06-18,2,2024-06-19,NYY,BAL,BAL,Tue
NYY-BAL-2024-06-18,3,2024-06-20,NYY,BAL,BAL,Tue
BAL-NYY-2024-07-12,1,2024-07-12,BAL,NYY,NYY,Fri
BAL-NYY-2024-07-12,2,2024-07-13,BAL,NYY,NYY,Fri
BAL-NYY-2024-07-12,3,2024-07-14,BAL,NYY,BAL,Fri
NYY-BAL-2024-09-24,1,2024-09-24,NYY,BAL,BAL,Tue
NYY-BAL-2024-09-24,2,2024-09-25,NYY,BAL,BAL,Tue
NYY-BAL-2024-09-24,3,2024-09-26,NYY,BAL,NYY,Tue
BAL-NYY-2025-04-28,1,2025-04-28,BAL,NYY,BAL,Mon
BAL-NYY-2025-04-28,2,2025-04-29,BAL,NYY,NYY,Mon
BAL-NYY-2025-04-28,3,2025-04-30,BAL,NYY,BAL,Mon
NYY-BAL-2025-06-20,1,2025-06-20,NYY,BAL,BAL,Fri
NYY-BAL-2025-06-20,2,2025-06-21,NYY,BAL,NYY,Fri
NYY-BAL-2025-06-20,3,2025-06-22,NYY,BAL,NYY,Fri
CIN-PIT-2021-04-05,1,2021-04-05,CIN,PIT,CIN,Mon
CIN-PIT-2021-04-05,2,2021-04-06,CIN,PIT,CIN,Mon
CIN-PIT-2021-04-05,3,2021-04-07,CIN,PIT,CIN,Mon
PIT-CIN-2021-05-10,1,2021-05-10,PIT,CIN,CIN,Mon
PIT-CIN-2021-05-10,2,2021-05-11,PIT,CIN,PIT,Mon
PIT-CIN-2021-05-10,3,2021-05-12,PIT,CIN,CIN,Mon
CIN-PIT-2021-08-05,1,2021-08-05,CIN,PIT,CIN,Thu
CIN-PIT-2021-08-05,2,2021-08-06,CIN,PIT,CIN,Thu
CIN-PIT-2021-08-05,3,2021-08-07,CIN,PIT,CIN,Thu
CIN-PIT-2021-08-05,4,2021-08-08,CIN,PIT,CIN,Thu
PIT-CIN-2021-09-14,1,2021-09-14,PIT,CIN,PIT,Tue
PIT-CIN-2021-09-14,2,2021-09-15,PIT,CIN,PIT,Tue
PIT-CIN-2021-09-14,3,2021-09-16,PIT,CIN,CIN,Tue
CIN-PIT-2021-09-20,1,2021-09-20,CIN,PIT,CIN,Mon
CIN-PIT-2021-09-20,2,2021-09-21,CIN,PIT,PIT,Mon
CIN-PIT-2021-09-27,1,2021-09-27,CIN,PIT,CIN,Mon
PIT-CIN-2021-10-01,1,2021-10-01,PIT,CIN,PIT,Fri
PIT-CIN-2021-10-01,2,2021-10-02,PIT,CIN,PIT,Fri
PIT-CIN-2021-10-01,3,2021-10-03,PIT,CIN,CIN,Fri
CIN-PIT-2022-05-07,1,2022-05-07,CIN,PIT,CIN,Sat
CIN-PIT-2022-05-07,2,2022-05-08,CIN,PIT,CIN,Sat
PIT-CIN-2022-05-12,1,2022-05-12,PIT,CIN,CIN,Thu
PIT-CIN-2022-05-12,2,2022-05-13,PIT,CIN,CIN,Thu
PIT-CIN-2022-05-12,3,2022-05-14,PIT,CIN,PIT,Thu
PIT-CIN-2022-05-12,4,2022-05-15,PIT,CIN,PIT,Thu
CIN-PIT-2022-07-07,1,2022-07-07,CIN,PIT,PIT,Thu
PIT-CIN-2022-08-19,1,2022-08-19,PIT,CIN,PIT,Fri
PIT-CIN-2022-08-19,2,2022-08-20,PIT,CIN,CIN,Fri
PIT-CIN-2022-08-19,3,2022-08-21,PIT,CIN,CIN,Fri
CIN-PIT-2022-09-12,1,2022-09-12,CIN,PIT,PIT,Mon
CIN-PIT-2022-09-12,2,2022-09-13,CIN,PIT,PIT,Mon
CIN-PIT-2022-09-12,3,2022-09-14,CIN,PIT,PIT,Mon
PIT-CIN-2022-09-26,1,2022-09-26,PIT,CIN,PIT,Mon
PIT-CIN-2022-09-26,2,2022-09-27,PIT,CIN,PIT,Mon
PIT-CIN-2022-09-26,3,2022-09-28,PIT,CIN,PIT,Mon
CIN-PIT-2023-03-30,1,2023-03-30,CIN,PIT,PIT,Thu
CIN-PIT-2023-03-30,2,2023-04-01,CIN,PIT,CIN,Thu
CIN-PIT-2023-03-30,3,2023-04-02,CIN,PIT,CIN,Thu
PIT-CIN-2023-04-20,1,2023-04-20,PIT,CIN,PIT,Thu
PIT-CIN-2023-04-20,2,2023-04-21,PIT,CIN,PIT,Thu
PIT-CIN-2023-04-20,3,2023-04-22,PIT,CIN,PIT,Thu
PIT-CIN-2023-04-20,4,2023-04-23,PIT,CIN,PIT,Thu
PIT-CIN-2023-08-11,1,2023-08-11,PIT,CIN,CIN,Fri
PIT-CIN-2023-08-11,2,2023-08-13,PIT,CIN,PIT,Fri
CIN-PIT-2023-09-22,1,2023-09-22,CIN,PIT,PIT,Fri
CIN-PIT-2023-09-22,2,2023-09-23,CIN,PIT,PIT,Fri
CIN-PIT-2023-09-22,3,2023-09-24,CIN,PIT,CIN,Fri
PIT-CIN-2024-06-17,1,2024-06-17,PIT,CIN,PIT,Mon
PIT-CIN-2024-06-17,2,2024-06-18,PIT,CIN,CIN,Mon
PIT-CIN-2024-06-17,3,2024-06-19,PIT,CIN,PIT,Mon
CIN-PIT-2024-06-24,1,2024-06-24,CIN,PIT,CIN,Mon
CIN-PIT-2024-06-24,2,2024-06-25,CIN,PIT,PIT,Mon
CIN-PIT-2024-06-24,3,2024-06-26,CIN,PIT,PIT,Mon
PIT-CIN-2024-08-22,1,2024-08-22,PIT,CIN,PIT,Thu
PIT-CIN-2024-08-22,2,2024-08-23,PIT,CIN,PIT,Thu
PIT-CIN-2024-08-22,3,2024-08-24,PIT,CIN,CIN,Thu
PIT-CIN-2024-08-22,4,2024-08-25,PIT,CIN,PIT,Thu
CIN-PIT-2024-09-20,1,2024-09-20,CIN,PIT,CIN,Fri
CIN-PIT-2024-09-20,2,2024-09-21,CIN,PIT,CIN,Fri
CIN-PIT-2024-09-20,3,2024-09-22,CIN,PIT,PIT,Fri
CIN-PIT-2025-04-11,1,2025-04-11,CIN,PIT,CIN,Fri
CIN-PIT-2025-04-11,2,2025-04-12,CIN,PIT,CIN,Fri
CIN-PIT-2025-04-11,3,2025-04-13,CIN,PIT,CIN,Fri
PIT-CIN-2025-05-19,1,2025-05-19,PIT,CIN,CIN,Mon
PIT-CIN-2025-05-19,2,2025-05-20,PIT,CIN,PIT,Mon
PIT-CIN-2025-05-19,3,2025-05-21,PIT,CIN,PIT,Mon
PIT-CIN-2025-08-07,1,2025-08-07,PIT,CIN,PIT,Thu
PIT-CIN-2025-08-07,2,2025-08-08,PIT,CIN,PIT,Thu
PIT-CIN-2025-08-07,3,2025-08-09,PIT,CIN,CIN,Thu
PIT-CIN-2025-08-07,4,2025-08-10,PIT,CIN,CIN,Thu
MIA-STL-2021-04-05,1,2021-04-05,MIA,STL,STL,Mon
MIA-STL-2021-04-05,2,2021-04-06,MIA,STL,STL,Mon
MIA-STL-2021-04-05,3,2021-04-07,MIA,STL,STL,Mon
STL-MIA-2021-06-14,1,2021-06-14,STL,MIA,STL,Mon
STL-MIA-2021-06-14,2,2021-06-15,STL,MIA,STL,Mon
STL-MIA-2021-06-14,3,2021-06-16,STL,MIA,STL,Mon
MIA-STL-2022-04-19,1,2022-04-19,MIA,STL,STL,Tue
MIA-STL-2022-04-19,2,2022-04-20,MIA,STL,STL,Tue
MIA-STL-2022-04-19,3,2022-04-21,MIA,STL,MIA,Tue
STL-MIA-2022-06-27,1,2022-06-27,STL,MIA,STL,Mon
STL-MIA-2022-06-27,2,2022-06-28,STL,MIA,STL,Mon
STL-MIA-2022-06-27,3,2022-06-29,STL,MIA,MIA,Mon
MIA-STL-2023-07-03,1,2023-07-03,MIA,STL,MIA,Mon
MIA-STL-2023-07-03,2,2023-07-04,MIA,STL,MIA,Mon
MIA-STL-2023-07-03,3,2023-07-05,MIA,STL,MIA,Mon
MIA-STL-2023-07-03,4,2023-07-06,MIA,STL,STL,Mon
STL-MIA-2023-07-17,1,2023-07-17,STL,MIA,STL,Mon
STL-MIA-2023-07-17,2,2023-07-18,STL,MIA,STL,Mon
STL-MIA-2023-07-17,3,2023-07-19,STL,MIA,STL,Mon
STL-MIA-2024-04-04,1,2024-04-04,STL,MIA,STL,Thu
STL-MIA-2024-04-04,2,2024-04-06,STL,MIA,STL,Thu
STL-MIA-2024-04-04,3,2024-04-07,STL,MIA,MIA,Thu
MIA-STL-2024-06-17,1,2024-06-17,MIA,STL,STL,Mon
MIA-STL-2024-06-17,2,2024-06-18,MIA,STL,MIA,Mon
MIA-STL-2024-06-17,3,2024-06-19,MIA,STL,MIA,Mon
STL-MIA-2025-07-28,1,2025-07-28,STL,MIA,STL,Mon
STL-MIA-2025-07-28,2,2025-07-29,STL,MIA,MIA,Mon
STL-MIA-2025-07-28,3,2025-07-30,STL,MIA,MIA,Mon
PHI-NYM-2021-04-05,1,2021-04-05,PHI,NYM,PHI,Mon
PHI-NYM-2021-04-05,2,2021-04-06,PHI,NYM,NYM,Mon
PHI-NYM-2021-04-05,3,2021-04-07,PHI,NYM,PHI,Mon
NYM-PHI-2021-04-13,1,2021-04-13,NYM,PHI,NYM,Tue
NYM-PHI-2021-04-13,2,2021-04-14,NYM,PHI,NYM,Tue
PHI-NYM-2021-04-30,1,2021-04-30,PHI,NYM,PHI,Fri
PHI-NYM-2021-04-30,2,2021-05-01,PHI,NYM,NYM,Fri
PHI-NYM-2021-04-30,3,2021-05-02,PHI,NYM,NYM,Fri
NYM-PHI-2021-06-25,1,2021-06-25,NYM,PHI,NYM,Fri
NYM-PHI-2021-06-25,2,2021-06-26,NYM,PHI,NYM,Fri
NYM-PHI-2021-06-25,3,2021-06-27,NYM,PHI,PHI,Fri
PHI-NYM-2021-08-06,1,2021-08-06,PHI,NYM,PHI,Fri
PHI-NYM-2021-08-06,2,2021-08-07,PHI,NYM,PHI,Fri
PHI-NYM-2021-08-06,3,2021-08-08,PHI,NYM,PHI,Fri
NYM-PHI-2021-09-17,1,2021-09-17,NYM,PHI,PHI,Fri
NYM-PHI-2021-09-17,2,2021-09-18,NYM,PHI,PHI,Fri
NYM-PHI-2021-09-17,3,2021-09-19,NYM,PHI,NYM,Fri
PHI-NYM-2022-04-11,1,2022-04-11,PHI,NYM,PHI,Mon
PHI-NYM-2022-04-11,2,2022-04-12,PHI,NYM,NYM,Mon
PHI-NYM-2022-04-11,3,2022-04-13,PHI,NYM,NYM,Mon
NYM-PHI-2022-04-29,1,2022-04-29,NYM,PHI,NYM,Fri
NYM-PHI-2022-04-29,2,2022-04-30,NYM,PHI,PHI,Fri
NYM-PHI-2022-04-29,3,2022-05-01,NYM,PHI,NYM,Fri
PHI-NYM-2022-05-05,1,2022-05-05,PHI,NYM,NYM,Thu
PHI-NYM-2022-05-08,1,2022-05-08,PHI,NYM,PHI,Sun
NYM-PHI-2022-05-27,1,2022-05-27,NYM,PHI,NYM,Fri
NYM-PHI-2022-05-27,2,2022-05-28,NYM,PHI,NYM,Fri
NYM-PHI-2022-05-27,3,2022-05-29,NYM,PHI,NYM,Fri
NYM-PHI-2022-08-12,1,2022-08-12,NYM,PHI,PHI,Fri
NYM-PHI-2022-08-12,2,2022-08-13,NYM,PHI,NYM,Fri
NYM-PHI-2022-08-12,3,2022-08-14,NYM,PHI,NYM,Fri
PHI-NYM-2022-08-19,1,2022-08-19,PHI,NYM,NYM,Fri
PHI-NYM-2022-08-19,2,2022-08-20,PHI,NYM,NYM,Fri
PHI-NYM-2022-08-19,3,2022-08-21,PHI,NYM,NYM,Fri
NYM-PHI-2023-05-30,1,2023-05-30,NYM,PHI,NYM,Tue
NYM-PHI-2023-05-30,2,2023-05-31,NYM,PHI,NYM,Tue
NYM-PHI-2023-05-30,3,2023-06-01,NYM,PHI,NYM,Tue
PHI-NYM-2023-06-23,1,2023-06-23,PHI,NYM,PHI,Fri
PHI-NYM-2023-06-23,2,2023-06-24,PHI,NYM,NYM,Fri
PHI-NYM-2023-06-23,3,2023-06-25,PHI,NYM,PHI,Fri
PHI-NYM-2023-09-21,1,2023-09-21,PHI,NYM,PHI,Thu
PHI-NYM-2023-09-21,2,2023-09-22,PHI,NYM,PHI,Thu
PHI-NYM-2023-09-21,3,2023-09-23,PHI,NYM,PHI,Thu
PHI-NYM-2023-09-21,4,2023-09-24,PHI,NYM,PHI,Thu
NYM-PHI-2023-09-30,1,2023-09-30,NYM,PHI,NYM,Sat
NYM-PHI-2023-09-30,2,2023-10-01,NYM,PHI,PHI,Sat
NYM-PHI-2024-05-13,1,2024-05-13,NYM,PHI,PHI,Mon
NYM-PHI-2024-05-13,2,2024-05-14,NYM,PHI,PHI,Mon
PHI-NYM-2024-05-15,1,2024-05-15,PHI,NYM,PHI,Wed
PHI-NYM-2024-05-15,2,2024-05-16,PHI,NYM,NYM,Wed
NYM-PHI-2024-06-08,1,2024-06-08,NYM,PHI,PHI,Sat
PHI-NYM-2024-06-09,1,2024-06-09,PHI,NYM,NYM,Sun
PHI-NYM-2024-09-13,1,2024-09-13,PHI,NYM,NYM,Fri
PHI-NYM-2024-09-13,2,2024-09-14,PHI,NYM,PHI,Fri
PHI-NYM-2024-09-13,3,2024-09-15,PHI,NYM,PHI,Fri
NYM-PHI-2024-09-19,1,2024-09-19,NYM,PHI,NYM,Thu
NYM-PHI-2024-09-19,2,2024-09-20,NYM,PHI,PHI,Thu
NYM-PHI-2024-09-19,3,2024-09-21,NYM,PHI,NYM,Thu
NYM-PHI-2024-09-19,4,2024-09-22,NYM,PHI,NYM,Thu
NYM-PHI-2025-04-21,1,2025-04-21,NYM,PHI,NYM,Mon
NYM-PHI-2025-04-21,2,2025-04-22,NYM,PHI,NYM,Mon
NYM-PHI-2025-04-21,3,2025-04-23,NYM,PHI,NYM,Mon
PHI-NYM-2025-06-20,1,2025-06-20,PHI,NYM,PHI,Fri
PHI-NYM-2025-06-20,2,2025-06-21,PHI,NYM,NYM,Fri
PHI-NYM-2025-06-20,3,2025-06-22,PHI,NYM,PHI,Fri
BOS-TB-2021-04-05,1,2021-04-05,BOS,TB,BOS,Mon
BOS-TB-2021-04-05,2,2021-04-06,BOS,TB,BOS,Mon
BOS-TB-2021-04-05,3,2021-04-07,BOS,TB,BOS,Mon
TB-BOS-2021-06-22,1,2021-06-22,TB,BOS,BOS,Tue
TB-BOS-2021-06-22,2,2021-06-23,TB,BOS,TB,Tue
TB-BOS-2021-06-22,3,2021-06-24,TB,BOS,TB,Tue
TB-BOS-2021-07-30,1,2021-07-30,TB,BOS,TB,Fri
TB-BOS-2021-07-30,2,2021-07-31,TB,BOS,TB,Fri
TB-BOS-2021-07-30,3,2021-08-01,TB,BOS,TB,Fri
BOS-TB-2021-08-10,1,2021-08-10,BOS,TB,TB,Tue
BOS-TB-2021-08-10,2,2021-08-11,BOS,TB,BOS,Tue
BOS-TB-2021-08-10,3,2021-08-12,BOS,TB,TB,Tue
TB-BOS-2021-08-30,1,2021-08-30,TB,BOS,TB,Mon
TB-BOS-2021-08-30,2,2021-08-31,TB,BOS,TB,Mon
TB-BOS-2021-08-30,3,2021-09-01,TB,BOS,BOS,Mon
TB-BOS-2021-08-30,4,2021-09-02,TB,BOS,BOS,Mon
BOS-TB-2021-09-06,1,2021-09-06,BOS,TB,TB,Mon
BOS-TB-2021-09-06,2,2021-09-07,BOS,TB,TB,Mon
BOS-TB-2021-09-06,3,2021-09-08,BOS,TB,BOS,Mon
TB-BOS-2022-04-22,1,2022-04-22,TB,BOS,BOS,Fri
TB-BOS-2022-04-22,2,2022-04-23,TB,BOS,TB,Fri
TB-BOS-2022-04-22,3,2022-04-24,TB,BOS,TB,Fri
BOS-TB-2022-07-04,1,2022-07-04,BOS,TB,BOS,Mon
BOS-TB-2022-07-04,2,2022-07-05,BOS,TB,TB,Mon
BOS-TB-2022-07-04,3,2022-07-06,BOS,TB,TB,Mon
TB-BOS-2022-07-11,1,2022-07-11,TB,BOS,TB,Mon
TB-BOS-2022-07-11,2,2022-07-12,TB,BOS,TB,Mon
TB-BOS-2022-07-11,3,2022-07-13,TB,BOS,TB,Mon
TB-BOS-2022-07-11,4,2022-07-14,TB,BOS,TB,Mon
BOS-TB-2022-08-26,1,2022-08-26,BOS,TB,BOS,Fri
BOS-TB-2022-08-26,2,2022-08-27,BOS,TB,BOS,Fri
BOS-TB-2022-08-26,3,2022-08-28,BOS,TB,TB,Fri
TB-BOS-2022-09-05,1,2022-09-05,TB,BOS,TB,Mon
TB-BOS-2022-09-05,2,2022-09-06,TB,BOS,TB,Mon
TB-BOS-2022-09-05,3,2022-09-07,TB,BOS,TB,Mon
BOS-TB-2022-10-03,1,2022-10-03,BOS,TB,BOS,Mon
BOS-TB-2022-10-03,2,2022-10-04,BOS,TB,BOS,Mon
BOS-TB-2022-10-03,3,2022-10-05,BOS,TB,BOS,Mon
TB-BOS-2023-04-10,1,2023-04-10,TB,BOS,TB,Mon
TB-BOS-2023-04-10,2,2023-04-11,TB,BOS,TB,Mon
TB-BOS-2023-04-10,3,2023-04-12,TB,BOS,TB,Mon
TB-BOS-2023-04-10,4,2023-04-13,TB,BOS,TB,Mon
BOS-TB-2023-06-03,1,2023-06-03,BOS,TB,BOS,Sat
BOS-TB-2023-06-03,2,2023-06-04,BOS,TB,TB,Sat
BOS-TB-2023-06-03,3,2023-06-05,BOS,TB,TB,Sat
TB-BOS-2023-09-04,1,2023-09-04,TB,BOS,BOS,Mon
TB-BOS-2023-09-04,2,2023-09-05,TB,BOS,TB,Mon
TB-BOS-2023-09-04,3,2023-09-06,TB,BOS,TB,Mon
BOS-TB-2023-09-26,1,2023-09-26,BOS,TB,TB,Tue
BOS-TB-2023-09-26,2,2023-09-27,BOS,TB,TB,Tue
BOS-TB-2024-05-13,1,2024-05-13,BOS,TB,TB,Mon
BOS-TB-2024-05-13,2,2024-05-14,BOS,TB,BOS,Mon
BOS-TB-2024-05-13,3,2024-05-15,BOS,TB,TB,Mon
BOS-TB-2024-05-13,4,2024-05-16,BOS,TB,TB,Mon
TB-BOS-2024-05-20,1,2024-05-20,TB,BOS,BOS,Mon
TB-BOS-2024-05-20,2,2024-05-21,TB,BOS,BOS,Mon
TB-BOS-2024-05-20,3,2024-05-22,TB,BOS,BOS,Mon
TB-BOS-2024-09-17,1,2024-09-17,TB,BOS,TB,Tue
TB-BOS-2024-09-17,2,2024-09-18,TB,BOS,BOS,Tue
TB-BOS-2024-09-17,3,2024-09-19,TB,BOS,TB,Tue
BOS-TB-2024-09-27,1,2024-09-27,BOS,TB,TB,Fri
BOS-TB-2024-09-27,2,2024-09-28,BOS,TB,TB,Fri
BOS-TB-2024-09-27,3,2024-09-29,BOS,TB,BOS,Fri
TB-BOS-2025-04-14,1,2025-04-14,TB,BOS,TB,Mon
TB-BOS-2025-04-14,2,2025-04-15,TB,BOS,BOS,Mon
TB-BOS-2025-04-14,3,2025-04-16,TB,BOS,BOS,Mon
BOS-TB-2025-06-09,1,2025-06-09,BOS,TB,TB,Mon
BOS-TB-2025-06-09,2,2025-06-10,BOS,TB,BOS,Mon
BOS-TB-2025-06-09,3,2025-06-11,BOS,TB,BOS,Mon
BOS-TB-2025-07-10,1,2025-07-10,BOS,TB,BOS,Thu
BOS-TB-2025-07-10,2,2025-07-11,BOS,TB,BOS,Thu
BOS-TB-2025-07-10,3,2025-07-12,BOS,TB,BOS,Thu
BOS-TB-2025-07-10,4,2025-07-13,BOS,TB,BOS,Thu
CHC-MIL-2021-04-05,1,2021-04-05,CHC,MIL,CHC,Mon
CHC-MIL-2021-04-05,2,2021-04-06,CHC,MIL,MIL,Mon
CHC-MIL-2021-04-05,3,2021-04-07,CHC,MIL,MIL,Mon
MIL-CHC-2021-04-12,1,2021-04-12,MIL,CHC,MIL,Mon
MIL-CHC-2021-04-12,2,2021-04-13,MIL,CHC,CHC,Mon
MIL-CHC-2021-04-12,3,2021-04-14,MIL,CHC,MIL,Mon
CHC-MIL-2021-04-23,1,2021-04-23,CHC,MIL,CHC,Fri
CHC-MIL-2021-04-23,2,2021-04-24,CHC,MIL,MIL,Fri
CHC-MIL-2021-04-23,3,2021-04-25,CHC,MIL,MIL,Fri
MIL-CHC-2021-06-28,1,2021-06-28,MIL,CHC,MIL,Mon
MIL-CHC-2021-06-28,2,2021-06-29,MIL,CHC,MIL,Mon
MIL-CHC-2021-06-28,3,2021-06-30,MIL,CHC,MIL,Mon
CHC-MIL-2021-08-10,1,2021-08-10,CHC,MIL,MIL,Tue
CHC-MIL-2021-08-10,2,2021-08-11,CHC,MIL,MIL,Tue
CHC-MIL-2021-08-10,3,2021-08-12,CHC,MIL,MIL,Tue
MIL-CHC-2021-09-17,1,2021-09-17,MIL,CHC,MIL,Fri
MIL-CHC-2021-09-17,2,2021-09-18,MIL,CHC,MIL,Fri
MIL-CHC-2021-09-17,3,2021-09-19,MIL,CHC,CHC,Fri
CHC-MIL-2022-04-07,1,2022-04-07,CHC,MIL,CHC,Thu
CHC-MIL-2022-04-07,2,2022-04-09,CHC,MIL,CHC,Thu
CHC-MIL-2022-04-07,3,2022-04-10,CHC,MIL,MIL,Thu
MIL-CHC-2022-04-29,1,2022-04-29,MIL,CHC,MIL,Fri
MIL-CHC-2022-04-29,2,2022-04-30,MIL,CHC,MIL,Fri
MIL-CHC-2022-04-29,3,2022-05-01,MIL,CHC,CHC,Fri
CHC-MIL-2022-05-30,1,2022-05-30,CHC,MIL,MIL,Mon
CHC-MIL-2022-05-30,2,2022-05-31,CHC,MIL,CHC,Mon
CHC-MIL-2022-05-30,3,2022-06-01,CHC,MIL,CHC,Mon
MIL-CHC-2022-07-04,1,2022-07-04,MIL,CHC,MIL,Mon
MIL-CHC-2022-07-04,2,2022-07-05,MIL,CHC,CHC,Mon
MIL-CHC-2022-07-04,3,2022-07-06,MIL,CHC,CHC,Mon
CHC-MIL-2022-08-19,1,2022-08-19,CHC,MIL,CHC,Fri
CHC-MIL-2022-08-19,2,2022-08-20,CHC,MIL,CHC,Fri
CHC-MIL-2022-08-19,3,2022-08-21,CHC,MIL,MIL,Fri
MIL-CHC-2022-08-26,1,2022-08-26,MIL,CHC,CHC,Fri
MIL-CHC-2022-08-26,2,2022-08-27,MIL,CHC,MIL,Fri
MIL-CHC-2022-08-26,3,2022-08-28,MIL,CHC,MIL,Fri
CHC-MIL-2023-03-30,1,2023-03-30,CHC,MIL,CHC,Thu
CHC-MIL-2023-03-30,2,2023-04-01,CHC,MIL,MIL,Thu
CHC-MIL-2023-03-30,3,2023-04-02,CHC,MIL,MIL,Thu
MIL-CHC-2023-07-03,1,2023-07-03,MIL,CHC,MIL,Mon
MIL-CHC-2023-07-03,2,2023-07-04,MIL,CHC,CHC,Mon
MIL-CHC-2023-07-03,3,2023-07-05,MIL,CHC,CHC,Mon
MIL-CHC-2023-07-03,4,2023-07-06,MIL,CHC,MIL,Mon
CHC-MIL-2023-08-28,1,2023-08-28,CHC,MIL,MIL,Mon
CHC-MIL-2023-08-28,2,2023-08-29,CHC,MIL,CHC,Mon
CHC-MIL-2023-08-28,3,2023-08-30,CHC,MIL,CHC,Mon
MIL-CHC-2023-09-29,1,2023-09-29,MIL,CHC,MIL,Fri
MIL-CHC-2023-09-29,2,2023-09-30,MIL,CHC,CHC,Fri
MIL-CHC-2023-09-29,3,2023-10-01,MIL,CHC,MIL,Fri
CHC-MIL-2024-05-03,1,2024-05-03,CHC,MIL,MIL,Fri
CHC-MIL-2024-05-03,2,2024-05-04,CHC,MIL,CHC,Fri
CHC-MIL-2024-05-03,3,2024-05-05,CHC,MIL,CHC,Fri
MIL-CHC-2024-05-27,1,2024-05-27,MIL,CHC,MIL,Mon
MIL-CHC-2024-05-27,2,2024-05-28,MIL,CHC,CHC,Mon
MIL-CHC-2024-05-27,3,2024-05-29,MIL,CHC,MIL,Mon
MIL-CHC-2024-05-27,4,2024-05-30,MIL,CHC,MIL,Mon
MIL-CHC-2024-06-28,1,2024-06-28,MIL,CHC,MIL,Fri
MIL-CHC-2024-06-28,2,2024-06-29,MIL,CHC,CHC,Fri
MIL-CHC-2024-06-28,3,2024-06-30,MIL,CHC,MIL,Fri
CHC-MIL-2024-07-22,1,2024-07-22,CHC,MIL,CHC,Mon
CHC-MIL-2024-07-22,2,2024-07-23,CHC,MIL,MIL,Mon
CHC-MIL-2024-07-22,3,2024-07-24,CHC,MIL,MIL,Mon
MIL-CHC-2025-05-02,1,2025-05-02,MIL,CHC,CHC,Fri
MIL-CHC-2025-05-02,2,2025-05-03,MIL,CHC,CHC,Fri
MIL-CHC-2025-05-02,3,2025-05-04,MIL,CHC,MIL,Fri
CHC-MIL-2025-06-17,1,2025-06-17,CHC,MIL,CHC,Tue
CHC-MIL-2025-06-17,2,2025-06-19,CHC,MIL,MIL,Tue
MIL-CHC-2025-07-28,1,2025-07-28,MIL,CHC,MIL,Mon
MIL-CHC-2025-07-28,2,2025-07-29,MIL,CHC,MIL,Mon
MIL-CHC-2025-07-28,3,2025-07-30,MIL,CHC,CHC,Mon
LAA-HOU-2021-04-05,1,2021-04-05,LAA,HOU,LAA,Mon
LAA-HOU-2021-04-05,2,2021-04-06,LAA,HOU,HOU,Mon
HOU-LAA-2021-04-22,1,2021-04-22,HOU,LAA,HOU,Thu
HOU-LAA-2021-04-22,2,2021-04-23,HOU,LAA,HOU,Thu
HOU-LAA-2021-04-22,3,2021-04-24,HOU,LAA,HOU,Thu
HOU-LAA-2021-04-22,4,2021-04-25,HOU,LAA,LAA,Thu
HOU-LAA-2021-05-10,1,2021-05-10,HOU,LAA,LAA,Mon
HOU-LAA-2021-05-10,2,2021-05-11,HOU,LAA,HOU,Mon
HOU-LAA-2021-05-10,3,2021-05-12,HOU,LAA,HOU,Mon
LAA-HOU-2021-08-13,1,2021-08-13,LAA,HOU,HOU,Fri
LAA-HOU-2021-08-13,2,2021-08-14,LAA,HOU,HOU,Fri
LAA-HOU-2021-08-13,3,2021-08-15,LAA,HOU,LAA,Fri
HOU-LAA-2021-09-10,1,2021-09-10,HOU,LAA,HOU,Fri
HOU-LAA-2021-09-10,2,2021-09-11,HOU,LAA,LAA,Fri
HOU-LAA-2021-09-10,3,2021-09-12,HOU,LAA,HOU,Fri
LAA-HOU-2021-09-20,1,2021-09-20,LAA,HOU,HOU,Mon
LAA-HOU-2021-09-20,2,2021-09-21,LAA,HOU,HOU,Mon
LAA-HOU-2021-09-20,3,2021-09-22,LAA,HOU,HOU,Mon
LAA-HOU-2021-09-20,4,2021-09-23,LAA,HOU,LAA,Mon
LAA-HOU-2022-04-07,1,2022-04-07,LAA,HOU,HOU,Thu
LAA-HOU-2022-04-07,2,2022-04-08,LAA,HOU,HOU,Thu
LAA-HOU-2022-04-07,3,2022-04-09,LAA,HOU,LAA,Thu
LAA-HOU-2022-04-07,4,2022-04-10,LAA,HOU,HOU,Thu
HOU-LAA-2022-04-18,1,2022-04-18,HOU,LAA,HOU,Mon
HOU-LAA-2022-04-18,2,2022-04-19,HOU,LAA,LAA,Mon
HOU-LAA-2022-04-18,3,2022-04-20,HOU,LAA,LAA,Mon
HOU-LAA-2022-07-01,1,2022-07-01,HOU,LAA,HOU,Fri
HOU-LAA-2022-07-01,2,2022-07-02,HOU,LAA,HOU,Fri
HOU-LAA-2022-07-01,3,2022-07-03,HOU,LAA,HOU,Fri
LAA-HOU-2022-07-12,1,2022-07-12,LAA,HOU,HOU,Tue
LAA-HOU-2022-07-12,2,2022-07-13,LAA,HOU,LAA,Tue
LAA-HOU-2022-07-12,3,2022-07-14,LAA,HOU,HOU,Tue
LAA-HOU-2022-09-02,1,2022-09-02,LAA,HOU,HOU,Fri
LAA-HOU-2022-09-02,2,2022-09-03,LAA,HOU,LAA,Fri
LAA-HOU-2022-09-02,3,2022-09-04,LAA,HOU,HOU,Fri
HOU-LAA-2022-09-09,1,2022-09-09,HOU,LAA,HOU,Fri
HOU-LAA-2022-09-09,2,2022-09-10,HOU,LAA,LAA,Fri
HOU-LAA-2022-09-09,3,2022-09-11,HOU,LAA,HOU,Fri
LAA-HOU-2023-05-08,1,2023-05-08,LAA,HOU,LAA,Mon
LAA-HOU-2023-05-08,2,2023-05-09,LAA,HOU,HOU,Mon
LAA-HOU-2023-05-08,3,2023-05-10,LAA,HOU,HOU,Mon
HOU-LAA-2023-06-01,1,2023-06-01,HOU,LAA,HOU,Thu
HOU-LAA-2023-06-01,2,2023-06-02,HOU,LAA,HOU,Thu
HOU-LAA-2023-06-01,3,2023-06-03,HOU,LAA,HOU,Thu
HOU-LAA-2023-06-01,4,2023-06-04,HOU,LAA,LAA,Thu
LAA-HOU-2023-07-14,1,2023-07-14,LAA,HOU,HOU,Fri
LAA-HOU-2023-07-14,2,2023-07-15,LAA,HOU,LAA,Fri
LAA-HOU-2023-07-14,3,2023-07-16,LAA,HOU,HOU,Fri
HOU-LAA-2023-08-11,1,2023-08-11,HOU,LAA,HOU,Fri
HOU-LAA-2023-08-11,2,2023-08-12,HOU,LAA,HOU,Fri
HOU-LAA-2023-08-11,3,2023-08-13,HOU,LAA,LAA,Fri
HOU-LAA-2024-05-20,1,2024-05-20,HOU,LAA,LAA,Mon
HOU-LAA-2024-05-20,2,2024-05-21,HOU,LAA,HOU,Mon
HOU-LAA-2024-05-20,3,2024-05-22,HOU,LAA,LAA,Mon
LAA-HOU-2024-06-07,1,2024-06-07,LAA,HOU,HOU,Fri
LAA-HOU-2024-06-07,2,2024-06-08,LAA,HOU,HOU,Fri
LAA-HOU-2024-06-07,3,2024-06-09,LAA,HOU,LAA,Fri
LAA-HOU-2024-09-13,1,2024-09-13,LAA,HOU,HOU,Fri
LAA-HOU-2024-09-13,2,2024-09-14,LAA,HOU,HOU,Fri
LAA-HOU-2024-09-13,3,2024-09-15,LAA,HOU,HOU,Fri
HOU-LAA-2024-09-19,1,2024-09-19,HOU,LAA,HOU,Thu
HOU-LAA-2024-09-19,2,2024-09-20,HOU,LAA,HOU,Thu
HOU-LAA-2024-09-19,3,2024-09-21,HOU,LAA,HOU,Thu
HOU-LAA-2024-09-19,4,2024-09-22,HOU,LAA,LAA,Thu
HOU-LAA-2025-04-11,1,2025-04-11,HOU,LAA,HOU,Fri
HOU-LAA-2025-04-11,2,2025-04-12,HOU,LAA,LAA,Fri
HOU-LAA-2025-04-11,3,2025-04-13,HOU,LAA,HOU,Fri
LAA-HOU-2025-06-20,1,2025-06-20,LAA,HOU,HOU,Fri
LAA-HOU-2025-06-20,2,2025-06-21,LAA,HOU,LAA,Fri
LAA-HOU-2025-06-20,3,2025-06-22,LAA,HOU,HOU,Fri
OAK-LAD-2021-04-05,1,2021-04-05,OAK,LAD,LAD,Mon
OAK-LAD-2021-04-05,2,2021-04-06,OAK,LAD,LAD,Mon
OAK-LAD-2021-04-05,3,2021-04-07,OAK,LAD,OAK,Mon
LAD-OAK-2023-08-01,1,2023-08-01,LAD,OAK,LAD,Tue
LAD-OAK-2023-08-01,2,2023-08-02,LAD,OAK,LAD,Tue
LAD-OAK-2023-08-01,3,2023-08-03,LAD,OAK,LAD,Tue
OAK-LAD-2024-08-04,1,2024-08-04,OAK,LAD,LAD,Sun
SEA-CHW-2021-04-05,1,2021-04-05,SEA,CHW,CHW,Mon
SEA-CHW-2021-04-05,2,2021-04-06,SEA,CHW,CHW,Mon
SEA-CHW-2021-04-05,3,2021-04-07,SEA,CHW,SEA,Mon
CHW-SEA-2021-06-25,1,2021-06-25,CHW,SEA,SEA,Fri
CHW-SEA-2021-06-25,2,2021-06-27,CHW,SEA,SEA,Fri
CHW-SEA-2022-04-12,1,2022-04-12,CHW,SEA,CHW,Tue
CHW-SEA-2022-04-12,2,2022-04-13,CHW,SEA,CHW,Tue
CHW-SEA-2022-04-12,3,2022-04-14,CHW,SEA,SEA,Tue
SEA-CHW-2022-09-05,1,2022-09-05,SEA,CHW,CHW,Mon
SEA-CHW-2022-09-05,2,2022-09-06,SEA,CHW,SEA,Mon
SEA-CHW-2022-09-05,3,2022-09-07,SEA,CHW,CHW,Mon
SEA-CHW-2023-06-16,1,2023-06-16,SEA,CHW,SEA,Fri
SEA-CHW-2023-06-16,2,2023-06-17,SEA,CHW,CHW,Fri
SEA-CHW-2023-06-16,3,2023-06-18,SEA,CHW,SEA,Fri
CHW-SEA-2023-08-21,1,2023-08-21,CHW,SEA,SEA,Mon
CHW-SEA-2023-08-21,2,2023-08-22,CHW,SEA,SEA,Mon
CHW-SEA-2023-08-21,3,2023-08-23,CHW,SEA,CHW,Mon
SEA-CHW-2024-06-10,1,2024-06-10,SEA,CHW,SEA,Mon
SEA-CHW-2024-06-10,2,2024-06-11,SEA,CHW,SEA,Mon
SEA-CHW-2024-06-10,3,2024-06-12,SEA,CHW,SEA,Mon
SEA-CHW-2024-06-10,4,2024-06-13,SEA,CHW,CHW,Mon
CHW-SEA-2024-07-26,1,2024-07-26,CHW,SEA,SEA,Fri
CHW-SEA-2024-07-26,2,2024-07-27,CHW,SEA,SEA,Fri
CHW-SEA-2024-07-26,3,2024-07-28,CHW,SEA,SEA,Fri
CHW-SEA-2025-05-19,1,2025-05-19,CHW,SEA,SEA,Mon
CHW-SEA-2025-05-19,2,2025-05-20,CHW,SEA,CHW,Mon
CHW-SEA-2025-05-19,3,2025-05-21,CHW,SEA,SEA,Mon
SEA-CHW-2025-08-05,1,2025-08-05,SEA,CHW,SEA,Tue
SEA-CHW-2025-08-05,2,2025-08-06,SEA,CHW,SEA,Tue
SEA-CHW-2025-08-05,3,2025-08-07,SEA,CHW,SEA,Tue
SD-SF-2021-04-05,1,2021-04-05,SD,SF,SF,Mon
SD-SF-2021-04-05,2,2021-04-06,SD,SF,SD,Mon
SD-SF-2021-04-05,3,2021-04-07,SD,SF,SF,Mon
SD-SF-2021-04-30,1,2021-04-30,SD,SF,SD,Fri
SD-SF-2021-04-30,2,2021-05-01,SD,SF,SD,Fri
SD-SF-2021-04-30,3,2021-05-02,SD,SF,SF,Fri
SF-SD-2021-05-07,1,2021-05-07,SF,SD,SF,Fri
SF-SD-2021-05-07,2,2021-05-08,SF,SD,SF,Fri
SF-SD-2021-05-07,3,2021-05-09,SF,SD,SD,Fri
SF-SD-2021-09-13,1,2021-09-13,SF,SD,SF,Mon
SF-SD-2021-09-13,2,2021-09-14,SF,SD,SF,Mon
SF-SD-2021-09-13,3,2021-09-15,SF,SD,SD,Mon
SF-SD-2021-09-13,4,2021-09-16,SF,SD,SD,Mon
SD-SF-2021-09-21,1,2021-09-21,SD,SF,SF,Tue
SD-SF-2021-09-21,2,2021-09-22,SD,SF,SF,Tue
SD-SF-2021-09-21,3,2021-09-23,SD,SF,SD,Tue
SF-SD-2021-10-01,1,2021-10-01,SF,SD,SF,Fri
SF-SD-2021-10-01,2,2021-10-02,SF,SD,SD,Fri
SF-SD-2021-10-01,3,2021-10-03,SF,SD,SF,Fri
SF-SD-2022-04-11,1,2022-04-11,SF,SD,SD,Mon
SF-SD-2022-04-11,2,2022-04-12,SF,SD,SF,Mon
SF-SD-2022-04-11,3,2022-04-13,SF,SD,SF,Mon
SF-SD-2022-05-20,1,2022-05-20,SF,SD,SD,Fri
SF-SD-2022-05-20,2,2022-05-21,SF,SD,SD,Fri
SF-SD-2022-05-20,3,2022-05-22,SF,SD,SD,Fri
SD-SF-2022-07-07,1,2022-07-07,SD,SF,SD,Thu
SD-SF-2022-07-07,2,2022-07-08,SD,SF,SD,Thu
SD-SF-2022-07-07,3,2022-07-09,SD,SF,SF,Thu
SD-SF-2022-07-07,4,2022-07-10,SD,SF,SF,Thu
SD-SF-2022-08-08,1,2022-08-08,SD,SF,SF,Mon
SD-SF-2022-08-08,2,2022-08-09,SD,SF,SD,Mon
SD-SF-2022-08-08,3,2022-08-10,SD,SF,SD,Mon
SF-SD-2022-08-29,1,2022-08-29,SF,SD,SD,Mon
SF-SD-2022-08-29,2,2022-08-30,SF,SD,SD,Mon
SF-SD-2022-08-29,3,2022-08-31,SF,SD,SD,Mon
SD-SF-2022-10-03,1,2022-10-03,SD,SF,SD,Mon
SD-SF-2022-10-03,2,2022-10-04,SD,SF,SD,Mon
SD-SF-2022-10-03,3,2022-10-05,SD,SF,SF,Mon
SD-SF-2023-04-29,1,2023-04-29,SD,SF,SD,Sat
SD-SF-2023-04-29,2,2023-04-30,SD,SF,SD,Sat
SF-SD-2023-06-19,1,2023-06-19,SF,SD,SF,Mon
SF-SD-2023-06-19,2,2023-06-20,SF,SD,SF,Mon
SF-SD-2023-06-19,3,2023-06-21,SF,SD,SF,Mon
SF-SD-2023-06-19,4,2023-06-22,SF,SD,SD,Mon
SD-SF-2023-08-31,1,2023-08-31,SD,SF,SF,Thu
SD-SF-2023-08-31,2,2023-09-01,SD,SF,SD,Thu
SD-SF-2023-08-31,3,2023-09-02,SD,SF,SD,Thu
SD-SF-2023-08-31,4,2023-09-03,SD,SF,SD,Thu
SF-SD-2023-09-25,1,2023-09-25,SF,SD,SF,Mon
SF-SD-2023-09-25,2,2023-09-26,SF,SD,SD,Mon
SF-SD-2023-09-25,3,2023-09-27,SF,SD,SD,Mon
SD-SF-2024-03-28,1,2024-03-28,SD,SF,SD,Thu
SD-SF-2024-03-28,2,2024-03-29,SD,SF,SF,Thu
SD-SF-2024-03-28,3,2024-03-30,SD,SF,SF,Thu
SD-SF-2024-03-28,4,2024-03-31,SD,SF,SD,Thu
SF-SD-2024-04-05,1,2024-04-05,SF,SD,SF,Fri
SF-SD-2024-04-05,2,2024-04-06,SF,SD,SD,Fri
SF-SD-2024-04-05,3,2024-04-07,SF,SD,SF,Fri
SD-SF-2024-09-06,1,2024-09-06,SD,SF,SD,Fri
SD-SF-2024-09-06,2,2024-09-07,SD,SF,SF,Fri
SD-SF-2024-09-06,3,2024-09-08,SD,SF,SF,Fri
SF-SD-2024-09-13,1,2024-09-13,SF,SD,SD,Fri
SF-SD-2024-09-13,2,2024-09-14,SF,SD,SD,Fri
SF-SD-2024-09-13,3,2024-09-15,SF,SD,SD,Fri
SD-SF-2025-04-29,1,2025-04-29,SD,SF,SD,Tue
SD-SF-2025-04-29,2,2025-04-30,SD,SF,SD,Tue
SF-SD-2025-06-02,1,2025-06-02,SF,SD,SD,Mon
SF-SD-2025-06-02,2,2025-06-03,SF,SD,SD,Mon
SF-SD-2025-06-02,3,2025-06-04,SF,SD,SF,Mon
SF-SD-2025-06-02,4,2025-06-05,SF,SD,SF,Mon
SF-SD-2025-08-11,1,2025-08-11,SF,SD,SD,Mon
SF-SD-2025-08-11,2,2025-08-12,SF,SD,SD,Mon
SF-SD-2025-08-11,3,2025-08-13,SF,SD,SD,Mon
WAS-ATL-2021-04-06,1,2021-04-06,WAS,ATL,WAS,Tue
WAS-ATL-2021-04-06,2,2021-04-07,WAS,ATL,ATL,Tue
WAS-ATL-2021-05-04,1,2021-05-04,WAS,ATL,ATL,Tue
WAS-ATL-2021-05-04,2,2021-05-05,WAS,ATL,ATL,Tue
WAS-ATL-2021-05-04,3,2021-05-06,WAS,ATL,ATL,Tue
ATL-WAS-2021-05-31,1,2021-05-31,ATL,WAS,ATL,Mon
ATL-WAS-2021-05-31,2,2021-06-01,ATL,WAS,WAS,Mon
ATL-WAS-2021-05-31,3,2021-06-02,ATL,WAS,WAS,Mon
ATL-WAS-2021-05-31,4,2021-06-03,ATL,WAS,ATL,Mon
ATL-WAS-2021-08-06,1,2021-08-06,ATL,WAS,ATL,Fri
ATL-WAS-2021-08-06,2,2021-08-07,ATL,WAS,WAS,Fri
ATL-WAS-2021-08-06,3,2021-08-08,ATL,WAS,ATL,Fri
WAS-ATL-2021-08-13,1,2021-08-13,WAS,ATL,ATL,Fri
WAS-ATL-2021-08-13,2,2021-08-14,WAS,ATL,ATL,Fri
WAS-ATL-2021-08-13,3,2021-08-15,WAS,ATL,ATL,Fri
ATL-WAS-2021-09-07,1,2021-09-07,ATL,WAS,ATL,Tue
ATL-WAS-2021-09-07,2,2021-09-08,ATL,WAS,WAS,Tue
ATL-WAS-2021-09-07,3,2021-09-09,ATL,WAS,ATL,Tue
ATL-WAS-2022-04-11,1,2022-04-11,ATL,WAS,WAS,Mon
ATL-WAS-2022-04-11,2,2022-04-12,ATL,WAS,ATL,Mon
ATL-WAS-2022-04-11,3,2022-04-13,ATL,WAS,WAS,Mon
WAS-ATL-2022-06-13,1,2022-06-13,WAS,ATL,ATL,Mon
WAS-ATL-2022-06-13,2,2022-06-14,WAS,ATL,ATL,Mon
WAS-ATL-2022-06-13,3,2022-06-15,WAS,ATL,ATL,Mon
ATL-WAS-2022-07-08,1,2022-07-08,ATL,WAS,ATL,Fri
ATL-WAS-2022-07-08,2,2022-07-09,ATL,WAS,ATL,Fri
ATL-WAS-2022-07-08,3,2022-07-10,ATL,WAS,ATL,Fri
WAS-ATL-2022-07-14,1,2022-07-14,WAS,ATL,ATL,Thu
WAS-ATL-2022-07-14,2,2022-07-15,WAS,ATL,ATL,Thu
WAS-ATL-2022-07-14,3,2022-07-16,WAS,ATL,ATL,Thu
WAS-ATL-2022-07-14,4,2022-07-17,WAS,ATL,WAS,Thu
ATL-WAS-2022-09-19,1,2022-09-19,ATL,WAS,ATL,Mon
ATL-WAS-2022-09-19,2,2022-09-20,ATL,WAS,ATL,Mon
ATL-WAS-2022-09-19,3,2022-09-21,ATL,WAS,WAS,Mon
WAS-ATL-2022-09-26,1,2022-09-26,WAS,ATL,ATL,Mon
WAS-ATL-2022-09-26,2,2022-09-27,WAS,ATL,ATL,Mon
WAS-ATL-2022-09-26,3,2022-09-28,WAS,ATL,WAS,Mon
WAS-ATL-2023-03-30,1,2023-03-30,WAS,ATL,ATL,Thu
WAS-ATL-2023-03-30,2,2023-04-01,WAS,ATL,ATL,Thu
WAS-ATL-2023-03-30,3,2023-04-02,WAS,ATL,WAS,Thu
ATL-WAS-2023-06-09,1,2023-06-09,ATL,WAS,ATL,Fri
ATL-WAS-2023-06-09,2,2023-06-10,ATL,WAS,ATL,Fri
ATL-WAS-2023-06-09,3,2023-06-11,ATL,WAS,WAS,Fri
WAS-ATL-2023-09-21,1,2023-09-21,WAS,ATL,ATL,Thu
WAS-ATL-2023-09-21,2,2023-09-22,WAS,ATL,ATL,Thu
WAS-ATL-2023-09-21,3,2023-09-24,WAS,ATL,WAS,Thu
ATL-WAS-2023-09-29,1,2023-09-29,ATL,WAS,WAS,Fri
ATL-WAS-2023-09-29,2,2023-09-30,ATL,WAS,ATL,Fri
ATL-WAS-2023-09-29,3,2023-10-01,ATL,WAS,WAS,Fri
ATL-WAS-2024-05-27,1,2024-05-27,ATL,WAS,WAS,Mon
ATL-WAS-2024-05-27,2,2024-05-28,ATL,WAS,ATL,Mon
ATL-WAS-2024-05-27,3,2024-05-29,ATL,WAS,WAS,Mon
ATL-WAS-2024-05-27,4,2024-05-30,ATL,WAS,WAS,Mon
WAS-ATL-2024-06-06,1,2024-06-06,WAS,ATL,ATL,Thu
WAS-ATL-2024-06-06,2,2024-06-07,WAS,ATL,WAS,Thu
WAS-ATL-2024-06-06,3,2024-06-08,WAS,ATL,WAS,Thu
WAS-ATL-2024-06-06,4,2024-06-09,WAS,ATL,WAS,Thu
ATL-WAS-2024-08-23,1,2024-08-23,ATL,WAS,ATL,Fri
ATL-WAS-2024-08-23,2,2024-08-24,ATL,WAS,ATL,Fri
ATL-WAS-2024-08-23,3,2024-08-25,ATL,WAS,WAS,Fri
WAS-ATL-2024-09-10,1,2024-09-10,WAS,ATL,ATL,Tue
WAS-ATL-2024-09-10,2,2024-09-11,WAS,ATL,WAS,Tue
ATL-WAS-2025-05-12,1,2025-05-12,ATL,WAS,ATL,Mon
ATL-WAS-2025-05-12,2,2025-05-13,ATL,WAS,ATL,Mon
ATL-WAS-2025-05-12,3,2025-05-14,ATL,WAS,WAS,Mon
ATL-WAS-2025-05-12,4,2025-05-15,ATL,WAS,ATL,Mon
WAS-ATL-2025-05-20,1,2025-05-20,WAS,ATL,WAS,Tue
WAS-ATL-2025-05-20,2,2025-05-22,WAS,ATL,WAS,Tue
COL-ARI-2021-04-06,1,2021-04-06,COL,ARI,ARI,Tue
COL-ARI-2021-04-06,2,2021-04-07,COL,ARI,COL,Tue
COL-ARI-2021-04-06,3,2021-04-08,COL,ARI,COL,Tue
ARI-COL-2021-04-29,1,2021-04-29,ARI,COL,ARI,Thu
ARI-COL-2021-04-29,2,2021-04-30,ARI,COL,ARI,Thu
ARI-COL-2021-04-29,3,2021-05-01,ARI,COL,COL,Thu
ARI-COL-2021-04-29,4,2021-05-02,ARI,COL,ARI,Thu
COL-ARI-2021-05-21,1,2021-05-21,COL,ARI,COL,Fri
COL-ARI-2021-05-21,2,2021-05-22,COL,ARI,COL,Fri
COL-ARI-2021-05-21,3,2021-05-23,COL,ARI,COL,Fri
ARI-COL-2021-07-06,1,2021-07-06,ARI,COL,ARI,Tue
ARI-COL-2021-07-06,2,2021-07-07,ARI,COL,ARI,Tue
ARI-COL-2021-07-06,3,2021-07-08,ARI,COL,COL,Tue
COL-ARI-2021-08-20,1,2021-08-20,COL,ARI,COL,Fri
COL-ARI-2021-08-20,2,2021-08-21,COL,ARI,COL,Fri
COL-ARI-2021-08-20,3,2021-08-22,COL,ARI,ARI,Fri
ARI-COL-2021-10-01,1,2021-10-01,ARI,COL,COL,Fri
ARI-COL-2021-10-01,2,2021-10-02,ARI,COL,ARI,Fri
ARI-COL-2021-10-01,3,2021-10-03,ARI,COL,ARI,Fri
ARI-COL-2022-05-06,1,2022-05-06,ARI,COL,ARI,Fri
ARI-COL-2022-05-06,2,2022-05-07,ARI,COL,COL,Fri
ARI-COL-2022-05-06,3,2022-05-08,ARI,COL,ARI,Fri
COL-ARI-2022-07-01,1,2022-07-01,COL,ARI,ARI,Fri
COL-ARI-2022-07-01,2,2022-07-02,COL,ARI,COL,Fri
COL-ARI-2022-07-01,3,2022-07-03,COL,ARI,COL,Fri
ARI-COL-2022-07-07,1,2022-07-07,ARI,COL,COL,Thu
ARI-COL-2022-07-07,2,2022-07-08,ARI,COL,COL,Thu
ARI-COL-2022-07-07,3,2022-07-09,ARI,COL,ARI,Thu
ARI-COL-2022-07-07,4,2022-07-10,ARI,COL,COL,Thu
ARI-COL-2022-08-05,1,2022-08-05,ARI,COL,ARI,Fri
ARI-COL-2022-08-05,2,2022-08-06,ARI,COL,COL,Fri
ARI-COL-2022-08-05,3,2022-08-07,ARI,COL,ARI,Fri
COL-ARI-2022-08-12,1,2022-08-12,COL,ARI,COL,Fri
COL-ARI-2022-08-12,2,2022-08-13,COL,ARI,ARI,Fri
COL-ARI-2022-08-12,3,2022-08-14,COL,ARI,ARI,Fri
COL-ARI-2022-09-09,1,2022-09-09,COL,ARI,COL,Fri
COL-ARI-2022-09-09,2,2022-09-10,COL,ARI,COL,Fri
COL-ARI-2022-09-09,3,2022-09-11,COL,ARI,ARI,Fri
COL-ARI-2023-04-28,1,2023-04-28,COL,ARI,ARI,Fri
COL-ARI-2023-04-28,2,2023-04-29,COL,ARI,ARI,Fri
COL-ARI-2023-04-28,3,2023-04-30,COL,ARI,COL,Fri
ARI-COL-2023-05-29,1,2023-05-29,ARI,COL,ARI,Mon
ARI-COL-2023-05-29,2,2023-05-30,ARI,COL,ARI,Mon
ARI-COL-2023-05-29,3,2023-05-31,ARI,COL,ARI,Mon
ARI-COL-2023-05-29,4,2023-06-01,ARI,COL,ARI,Mon
COL-ARI-2023-08-14,1,2023-08-14,COL,ARI,COL,Mon
COL-ARI-2023-08-14,2,2023-08-15,COL,ARI,ARI,Mon
COL-ARI-2023-08-14,3,2023-08-16,COL,ARI,ARI,Mon
ARI-COL-2023-09-04,1,2023-09-04,ARI,COL,ARI,Mon
ARI-COL-2023-09-04,2,2023-09-05,ARI,COL,COL,Mon
ARI-COL-2023-09-04,3,2023-09-06,ARI,COL,ARI,Mon
NYM-MIA-2021-04-08,1,2021-04-08,NYM,MIA,NYM,Thu
NYM-MIA-2021-04-08,2,2021-04-10,NYM,MIA,MIA,Thu
MIA-NYM-2021-05-21,1,2021-05-21,MIA,NYM,NYM,Fri
MIA-NYM-2021-05-21,2,2021-05-22,MIA,NYM,MIA,Fri
MIA-NYM-2021-05-21,3,2021-05-23,MIA,NYM,MIA,Fri
MIA-NYM-2021-08-02,1,2021-08-02,MIA,NYM,MIA,Mon
MIA-NYM-2021-08-02,2,2021-08-03,MIA,NYM,MIA,Mon
MIA-NYM-2021-08-02,3,2021-08-04,MIA,NYM,NYM,Mon
MIA-NYM-2021-08-02,4,2021-08-05,MIA,NYM,MIA,Mon
NYM-MIA-2021-08-31,1,2021-08-31,NYM,MIA,NYM,Tue
NYM-MIA-2021-08-31,2,2021-09-02,NYM,MIA,NYM,Tue
MIA-NYM-2021-09-07,1,2021-09-07,MIA,NYM,NYM,Tue
MIA-NYM-2021-09-07,2,2021-09-08,MIA,NYM,MIA,Tue
MIA-NYM-2021-09-07,3,2021-09-09,MIA,NYM,MIA,Tue
NYM-MIA-2021-09-28,1,2021-09-28,NYM,MIA,NYM,Tue
NYM-MIA-2021-09-28,2,2021-09-29,NYM,MIA,MIA,Tue
NYM-MIA-2021-09-28,3,2021-09-30,NYM,MIA,NYM,Tue
NYM-MIA-2022-06-17,1,2022-06-17,NYM,MIA,NYM,Fri
NYM-MIA-2022-06-17,2,2022-06-18,NYM,MIA,NYM,Fri
NYM-MIA-2022-06-17,3,2022-06-19,NYM,MIA,MIA,Fri
NYM-MIA-2022-06-17,4,2022-06-20,NYM,MIA,NYM,Fri
MIA-NYM-2022-06-24,1,2022-06-24,MIA,NYM,NYM,Fri
MIA-NYM-2022-06-24,2,2022-06-25,MIA,NYM,NYM,Fri
MIA-NYM-2022-06-24,3,2022-06-26,MIA,NYM,MIA,Fri
NYM-MIA-2022-07-07,1,2022-07-07,NYM,MIA,NYM,Thu
NYM-MIA-2022-07-07,2,2022-07-08,NYM,MIA,MIA,Thu
NYM-MIA-2022-07-07,3,2022-07-09,NYM,MIA,NYM,Thu
NYM-MIA-2022-07-07,4,2022-07-10,NYM,MIA,MIA,Thu
MIA-NYM-2022-07-29,1,2022-07-29,MIA,NYM,NYM,Fri
MIA-NYM-2022-07-29,2,2022-07-30,MIA,NYM,NYM,Fri
MIA-NYM-2022-07-29,3,2022-07-31,MIA,NYM,NYM,Fri
MIA-NYM-2022-09-09,1,2022-09-09,MIA,NYM,MIA,Fri
MIA-NYM-2022-09-09,2,2022-09-10,MIA,NYM,NYM,Fri
MIA-NYM-2022-09-09,3,2022-09-11,MIA,NYM,NYM,Fri
NYM-MIA-2022-09-27,1,2022-09-27,NYM,MIA,MIA,Tue
NYM-MIA-2022-09-27,2,2022-09-28,NYM,MIA,NYM,Tue
MIA-NYM-2023-03-30,1,2023-03-30,MIA,NYM,NYM,Thu
MIA-NYM-2023-03-30,2,2023-03-31,MIA,NYM,MIA,Thu
MIA-NYM-2023-03-30,3,2023-04-01,MIA,NYM,NYM,Thu
MIA-NYM-2023-03-30,4,2023-04-02,MIA,NYM,NYM,Thu
NYM-MIA-2023-04-07,1,2023-04-07,NYM,MIA,NYM,Fri
NYM-MIA-2023-04-07,2,2023-04-08,NYM,MIA,NYM,Fri
NYM-MIA-2023-04-07,3,2023-04-09,NYM,MIA,MIA,Fri
MIA-NYM-2023-09-18,1,2023-09-18,MIA,NYM,NYM,Mon
MIA-NYM-2023-09-18,2,2023-09-19,MIA,NYM,MIA,Mon
MIA-NYM-2023-09-18,3,2023-09-20,MIA,NYM,NYM,Mon
NYM-MIA-2023-09-27,1,2023-09-27,NYM,MIA,NYM,Wed
NYM-MIA-2023-10-02,1,2023-10-02,NYM,MIA,NYM,Mon
MIA-NYM-2024-05-17,1,2024-05-17,MIA,NYM,MIA,Fri
MIA-NYM-2024-05-17,2,2024-05-18,MIA,NYM,MIA,Fri
MIA-NYM-2024-05-17,3,2024-05-19,MIA,NYM,NYM,Fri
NYM-MIA-2024-06-11,1,2024-06-11,NYM,MIA,MIA,Tue
NYM-MIA-2024-06-11,2,2024-06-12,NYM,MIA,NYM,Tue
NYM-MIA-2024-06-11,3,2024-06-13,NYM,MIA,NYM,Tue
MIA-NYM-2024-07-19,1,2024-07-19,MIA,NYM,MIA,Fri
MIA-NYM-2024-07-19,2,2024-07-20,MIA,NYM,NYM,Fri
MIA-NYM-2024-07-19,3,2024-07-21,MIA,NYM,MIA,Fri
MIA-NYM-2024-07-19,4,2024-07-22,MIA,NYM,NYM,Fri
NYM-MIA-2024-08-16,1,2024-08-16,NYM,MIA,NYM,Fri
NYM-MIA-2024-08-16,2,2024-08-17,NYM,MIA,NYM,Fri
NYM-MIA-2024-08-16,3,2024-08-18,NYM,MIA,MIA,Fri
MIA-NYM-2025-03-31,1,2025-03-31,MIA,NYM,NYM,Mon
MIA-NYM-2025-03-31,2,2025-04-01,MIA,NYM,MIA,Mon
MIA-NYM-2025-03-31,3,2025-04-02,MIA,NYM,NYM,Mon
NYM-MIA-2025-04-07,1,2025-04-07,NYM,MIA,NYM,Mon
NYM-MIA-2025-04-07,2,2025-04-08,NYM,MIA,NYM,Mon
NYM-MIA-2025-04-07,3,2025-04-09,NYM,MIA,MIA,Mon
MIN-SEA-2021-04-08,1,2021-04-08,MIN,SEA,MIN,Thu
MIN-SEA-2021-04-08,2,2021-04-10,MIN,SEA,SEA,Thu
MIN-SEA-2021-04-08,3,2021-04-11,MIN,SEA,SEA,Thu
SEA-MIN-2021-06-14,1,2021-06-14,SEA,MIN,SEA,Mon
SEA-MIN-2021-06-14,2,2021-06-15,SEA,MIN,SEA,Mon
SEA-MIN-2021-06-14,3,2021-06-16,SEA,MIN,MIN,Mon
MIN-SEA-2022-04-08,1,2022-04-08,MIN,SEA,SEA,Fri
MIN-SEA-2022-04-08,2,2022-04-09,MIN,SEA,SEA,Fri
MIN-SEA-2022-04-08,3,2022-04-10,MIN,SEA,MIN,Fri
MIN-SEA-2022-04-08,4,2022-04-11,MIN,SEA,MIN,Fri
SEA-MIN-2022-06-13,1,2022-06-13,SEA,MIN,MIN,Mon
SEA-MIN-2022-06-13,2,2022-06-14,SEA,MIN,SEA,Mon
SEA-MIN-2022-06-13,3,2022-06-15,SEA,MIN,MIN,Mon
SEA-MIN-2023-07-17,1,2023-07-17,SEA,MIN,SEA,Mon
SEA-MIN-2023-07-17,2,2023-07-18,SEA,MIN,MIN,Mon
SEA-MIN-2023-07-17,3,2023-07-19,SEA,MIN,MIN,Mon
SEA-MIN-2023-07-17,4,2023-07-20,SEA,MIN,SEA,Mon
MIN-SEA-2023-07-24,1,2023-07-24,MIN,SEA,MIN,Mon
MIN-SEA-2023-07-24,2,2023-07-25,MIN,SEA,SEA,Mon
MIN-SEA-2023-07-24,3,2023-07-26,MIN,SEA,SEA,Mon
MIN-SEA-2024-05-06,1,2024-05-06,MIN,SEA,MIN,Mon
MIN-SEA-2024-05-06,2,2024-05-07,MIN,SEA,SEA,Mon
MIN-SEA-2024-05-06,3,2024-05-08,MIN,SEA,MIN,Mon
MIN-SEA-2024-05-06,4,2024-05-09,MIN,SEA,MIN,Mon
SEA-MIN-2024-06-28,1,2024-06-28,SEA,MIN,SEA,Fri
SEA-MIN-2024-06-28,2,2024-06-29,SEA,MIN,MIN,Fri
SEA-MIN-2024-06-28,3,2024-06-30,SEA,MIN,MIN,Fri
SEA-MIN-2025-05-30,1,2025-05-30,SEA,MIN,MIN,Fri
SEA-MIN-2025-05-30,2,2025-05-31,SEA,MIN,SEA,Fri
SEA-MIN-2025-05-30,3,2025-06-01,SEA,MIN,SEA,Fri
MIN-SEA-2025-06-23,1,2025-06-23,MIN,SEA,SEA,Mon
MIN-SEA-2025-06-23,2,2025-06-24,MIN,SEA,SEA,Mon
MIN-SEA-2025-06-23,3,2025-06-25,MIN,SEA,MIN,Mon
MIN-SEA-2025-06-23,4,2025-06-26,MIN,SEA,MIN,Mon
CHW-KC-2021-04-08,1,2021-04-08,CHW,KC,CHW,Thu
CHW-KC-2021-04-11,1,2021-04-11,CHW,KC,KC,Sun
KC-CHW-2021-05-07,1,2021-05-07,KC,CHW,CHW,Fri
KC-CHW-2021-05-07,2,2021-05-08,KC,CHW,CHW,Fri
KC-CHW-2021-05-07,3,2021-05-09,KC,CHW,CHW,Fri
CHW-KC-2021-05-14,1,2021-05-14,CHW,KC,KC,Fri
CHW-KC-2021-05-14,2,2021-05-15,CHW,KC,KC,Fri
CHW-KC-2021-05-14,3,2021-05-16,CHW,KC,CHW,Fri
KC-CHW-2021-07-26,1,2021-07-26,KC,CHW,KC,Mon
KC-CHW-2021-07-26,2,2021-07-27,KC,CHW,CHW,Mon
KC-CHW-2021-07-26,3,2021-07-28,KC,CHW,KC,Mon
KC-CHW-2021-07-26,4,2021-07-29,KC,CHW,KC,Mon
CHW-KC-2021-08-03,1,2021-08-03,CHW,KC,CHW,Tue
CHW-KC-2021-08-03,2,2021-08-04,CHW,KC,KC,Tue
CHW-KC-2021-08-03,3,2021-08-05,CHW,KC,KC,Tue
KC-CHW-2021-09-03,1,2021-09-03,KC,CHW,KC,Fri
KC-CHW-2021-09-03,2,2021-09-04,KC,CHW,CHW,Fri
KC-CHW-2021-09-03,3,2021-09-05,KC,CHW,KC,Fri
CHW-KC-2022-04-26,1,2022-04-26,CHW,KC,KC,Tue
CHW-KC-2022-04-26,2,2022-04-27,CHW,KC,CHW,Tue
CHW-KC-2022-04-26,3,2022-04-28,CHW,KC,KC,Tue
KC-CHW-2022-05-16,1,2022-05-16,KC,CHW,CHW,Mon
KC-CHW-2022-05-16,2,2022-05-17,KC,CHW,CHW,Mon
KC-CHW-2022-05-16,3,2022-05-18,KC,CHW,KC,Mon
KC-CHW-2022-05-16,4,2022-05-19,KC,CHW,CHW,Mon
CHW-KC-2022-08-01,1,2022-08-01,CHW,KC,KC,Mon
CHW-KC-2022-08-01,2,2022-08-02,CHW,KC,CHW,Mon
CHW-KC-2022-08-01,3,2022-08-03,CHW,KC,CHW,Mon
KC-CHW-2022-08-09,1,2022-08-09,KC,CHW,KC,Tue
KC-CHW-2022-08-09,2,2022-08-10,KC,CHW,KC,Tue
KC-CHW-2022-08-09,3,2022-08-11,KC,CHW,KC,Tue
KC-CHW-2022-08-22,1,2022-08-22,KC,CHW,KC,Mon
CHW-KC-2022-08-30,1,2022-08-30,CHW,KC,KC,Tue
CHW-KC-2022-08-30,2,2022-08-31,CHW,KC,CHW,Tue
CHW-KC-2022-08-30,3,2022-09-01,CHW,KC,CHW,Tue
KC-CHW-2023-05-08,1,2023-05-08,KC,CHW,KC,Mon
KC-CHW-2023-05-08,2,2023-05-09,KC,CHW,CHW,Mon
KC-CHW-2023-05-08,3,2023-05-10,KC,CHW,KC,Mon
KC-CHW-2023-05-08,4,2023-05-11,KC,CHW,KC,Mon
CHW-KC-2023-05-19,1,2023-05-19,CHW,KC,CHW,Fri
CHW-KC-2023-05-19,2,2023-05-20,CHW,KC,CHW,Fri
CHW-KC-2023-05-19,3,2023-05-21,CHW,KC,CHW,Fri
KC-CHW-2023-09-04,1,2023-09-04,KC,CHW,KC,Mon
KC-CHW-2023-09-04,2,2023-09-05,KC,CHW,KC,Mon
KC-CHW-2023-09-04,3,2023-09-06,KC,CHW,CHW,Mon
CHW-KC-2023-09-12,1,2023-09-12,CHW,KC,CHW,Tue
CHW-KC-2023-09-12,2,2023-09-13,CHW,KC,KC,Tue
KC-CHW-2024-04-04,1,2024-04-04,KC,CHW,KC,Thu
KC-CHW-2024-04-04,2,2024-04-05,KC,CHW,KC,Thu
KC-CHW-2024-04-04,3,2024-04-06,KC,CHW,KC,Thu
KC-CHW-2024-04-04,4,2024-04-07,KC,CHW,KC,Thu
CHW-KC-2024-04-15,1,2024-04-15,CHW,KC,KC,Mon
CHW-KC-2024-04-15,2,2024-04-17,CHW,KC,KC,Mon
KC-CHW-2024-07-19,1,2024-07-19,KC,CHW,KC,Fri
KC-CHW-2024-07-19,2,2024-07-20,KC,CHW,KC,Fri
KC-CHW-2024-07-19,3,2024-07-21,KC,CHW,KC,Fri
CHW-KC-2024-07-29,1,2024-07-29,CHW,KC,KC,Mon
CHW-KC-2024-07-29,2,2024-07-30,CHW,KC,KC,Mon
CHW-KC-2024-07-29,3,2024-07-31,CHW,KC,KC,Mon
KC-CHW-2025-05-05,1,2025-05-05,KC,CHW,KC,Mon
KC-CHW-2025-05-05,2,2025-05-06,KC,CHW,KC,Mon
KC-CHW-2025-05-05,3,2025-05-07,KC,CHW,KC,Mon
KC-CHW-2025-05-05,4,2025-05-08,KC,CHW,KC,Mon
CHW-KC-2025-06-06,1,2025-06-06,CHW,KC,CHW,Fri
CHW-KC-2025-06-06,2,2025-06-07,CHW,KC,CHW,Fri
CHW-KC-2025-06-06,3,2025-06-08,CHW,KC,KC,Fri
KC-CHW-2025-08-15,1,2025-08-15,KC,CHW,KC,Fri
KC-CHW-2025-08-15,2,2025-08-16,KC,CHW,KC,Fri
STL-MIL-2021-04-08,1,2021-04-08,STL,MIL,STL,Thu
STL-MIL-2021-04-08,2,2021-04-10,STL,MIL,MIL,Thu
STL-MIL-2021-04-08,3,2021-04-11,STL,MIL,MIL,Thu
MIL-STL-2021-05-11,1,2021-05-11,MIL,STL,STL,Tue
MIL-STL-2021-05-11,2,2021-05-12,MIL,STL,MIL,Tue
MIL-STL-2021-05-11,3,2021-05-13,MIL,STL,STL,Tue
STL-MIL-2021-08-17,1,2021-08-17,STL,MIL,MIL,Tue
STL-MIL-2021-08-17,2,2021-08-18,STL,MIL,MIL,Tue
STL-MIL-2021-08-17,3,2021-08-19,STL,MIL,STL,Tue
MIL-STL-2021-09-03,1,2021-09-03,MIL,STL,STL,Fri
MIL-STL-2021-09-03,2,2021-09-04,MIL,STL,MIL,Fri
MIL-STL-2021-09-03,3,2021-09-05,MIL,STL,MIL,Fri
MIL-STL-2021-09-20,1,2021-09-20,MIL,STL,STL,Mon
MIL-STL-2021-09-20,2,2021-09-21,MIL,STL,STL,Mon
MIL-STL-2021-09-20,3,2021-09-22,MIL,STL,STL,Mon
MIL-STL-2021-09-20,4,2021-09-23,MIL,STL,STL,Mon
STL-MIL-2021-09-28,1,2021-09-28,STL,MIL,STL,Tue
STL-MIL-2021-09-28,2,2021-09-29,STL,MIL,MIL,Tue
STL-MIL-2021-09-28,3,2021-09-30,STL,MIL,STL,Tue
MIL-STL-2022-04-14,1,2022-04-14,MIL,STL,MIL,Thu
MIL-STL-2022-04-14,2,2022-04-15,MIL,STL,STL,Thu
MIL-STL-2022-04-14,3,2022-04-16,MIL,STL,STL,Thu
MIL-STL-2022-04-14,4,2022-04-17,MIL,STL,MIL,Thu
STL-MIL-2022-05-26,1,2022-05-26,STL,MIL,MIL,Thu
STL-MIL-2022-05-26,2,2022-05-27,STL,MIL,STL,Thu
STL-MIL-2022-05-26,3,2022-05-28,STL,MIL,STL,Thu
STL-MIL-2022-05-26,4,2022-05-29,STL,MIL,MIL,Thu
MIL-STL-2022-06-20,1,2022-06-20,MIL,STL,MIL,Mon
MIL-STL-2022-06-20,2,2022-06-21,MIL,STL,STL,Mon
MIL-STL-2022-06-20,3,2022-06-22,MIL,STL,STL,Mon
MIL-STL-2022-06-20,4,2022-06-23,MIL,STL,MIL,Mon
STL-MIL-2022-08-12,1,2022-08-12,STL,MIL,STL,Fri
STL-MIL-2022-08-12,2,2022-08-13,STL,MIL,MIL,Fri
STL-MIL-2022-08-12,3,2022-08-14,STL,MIL,STL,Fri
STL-MIL-2022-09-13,1,2022-09-13,STL,MIL,MIL,Tue
STL-MIL-2022-09-13,2,2022-09-14,STL,MIL,STL,Tue
MIL-STL-2022-09-27,1,2022-09-27,MIL,STL,STL,Tue
MIL-STL-2022-09-27,2,2022-09-28,MIL,STL,MIL,Tue
MIL-STL-2023-04-07,1,2023-04-07,MIL,STL,MIL,Fri
MIL-STL-2023-04-07,2,2023-04-08,MIL,STL,STL,Fri
MIL-STL-2023-04-07,3,2023-04-09,MIL,STL,MIL,Fri
STL-MIL-2023-05-15,1,2023-05-15,STL,MIL,STL,Mon
STL-MIL-2023-05-15,2,2023-05-16,STL,MIL,MIL,Mon
STL-MIL-2023-05-15,3,2023-05-17,STL,MIL,STL,Mon
STL-MIL-2023-09-18,1,2023-09-18,STL,MIL,STL,Mon
STL-MIL-2023-09-18,2,2023-09-19,STL,MIL,MIL,Mon
STL-MIL-2023-09-18,3,2023-09-20,STL,MIL,MIL,Mon
STL-MIL-2023-09-18,4,2023-09-21,STL,MIL,MIL,Mon
MIL-STL-2023-09-26,1,2023-09-26,MIL,STL,STL,Tue
MIL-STL-2023-09-26,2,2023-09-27,MIL,STL,MIL,Tue
MIL-STL-2023-09-26,3,2023-09-28,MIL,STL,MIL,Tue
STL-MIL-2024-04-19,1,2024-04-19,STL,MIL,MIL,Fri
STL-MIL-2024-04-19,2,2024-04-20,STL,MIL,MIL,Fri
STL-MIL-2024-04-19,3,2024-04-21,STL,MIL,MIL,Fri
MIL-STL-2024-05-09,1,2024-05-09,MIL,STL,MIL,Thu
MIL-STL-2024-05-09,2,2024-05-10,MIL,STL,MIL,Thu
MIL-STL-2024-05-09,3,2024-05-11,MIL,STL,MIL,Thu
MIL-STL-2024-05-09,4,2024-05-12,MIL,STL,STL,Thu
STL-MIL-2024-08-20,1,2024-08-20,STL,MIL,MIL,Tue
STL-MIL-2024-08-20,2,2024-08-21,STL,MIL,STL,Tue
STL-MIL-2024-08-20,3,2024-08-22,STL,MIL,STL,Tue
MIL-STL-2024-09-02,1,2024-09-02,MIL,STL,MIL,Mon
MIL-STL-2024-09-02,2,2024-09-03,MIL,STL,STL,Mon
MIL-STL-2024-09-02,3,2024-09-04,MIL,STL,STL,Mon
STL-MIL-2025-04-25,1,2025-04-25,STL,MIL,STL,Fri
STL-MIL-2025-04-25,2,2025-04-26,STL,MIL,STL,Fri
STL-MIL-2025-04-25,3,2025-04-27,STL,MIL,MIL,Fri
MIL-STL-2025-06-12,1,2025-06-12,MIL,STL,MIL,Thu
MIL-STL-2025-06-12,2,2025-06-13,MIL,STL,MIL,Thu
MIL-STL-2025-06-12,3,2025-06-14,MIL,STL,STL,Thu
MIL-STL-2025-06-12,4,2025-06-15,MIL,STL,MIL,Thu
TOR-LAA-2021-04-08,1,2021-04-08,TOR,LAA,LAA,Thu
TOR-LAA-2021-04-08,2,2021-04-09,TOR,LAA,LAA,Thu
TOR-LAA-2021-04-08,3,2021-04-10,TOR,LAA,TOR,Thu
TOR-LAA-2021-08-10,1,2021-08-10,TOR,LAA,LAA,Tue
LAA-TOR-2021-08-10,1,2021-08-10,LAA,TOR,TOR,Tue
LAA-TOR-2021-08-10,2,2021-08-11,LAA,TOR,TOR,Tue
LAA-TOR-2021-08-10,3,2021-08-12,LAA,TOR,LAA,Tue
LAA-TOR-2022-05-26,1,2022-05-26,LAA,TOR,TOR,Thu
LAA-TOR-2022-05-26,2,2022-05-27,LAA,TOR,TOR,Thu
LAA-TOR-2022-05-26,3,2022-05-28,LAA,TOR,TOR,Thu
LAA-TOR-2022-05-26,4,2022-05-29,LAA,TOR,TOR,Thu
TOR-LAA-2022-08-26,1,2022-08-26,TOR,LAA,LAA,Fri
TOR-LAA-2022-08-26,2,2022-08-27,TOR,LAA,LAA,Fri
TOR-LAA-2022-08-26,3,2022-08-28,TOR,LAA,LAA,Fri
LAA-TOR-2023-04-07,1,2023-04-07,LAA,TOR,TOR,Fri
LAA-TOR-2023-04-07,2,2023-04-08,LAA,TOR,LAA,Fri
LAA-TOR-2023-04-07,3,2023-04-09,LAA,TOR,TOR,Fri
TOR-LAA-2023-07-28,1,2023-07-28,TOR,LAA,TOR,Fri
TOR-LAA-2023-07-28,2,2023-07-29,TOR,LAA,TOR,Fri
TOR-LAA-2023-07-28,3,2023-07-30,TOR,LAA,LAA,Fri
LAA-TOR-2024-08-12,1,2024-08-12,LAA,TOR,TOR,Mon
LAA-TOR-2024-08-12,2,2024-08-13,LAA,TOR,TOR,Mon
LAA-TOR-2024-08-12,3,2024-08-14,LAA,TOR,TOR,Mon
TOR-LAA-2024-08-22,1,2024-08-22,TOR,LAA,TOR,Thu
TOR-LAA-2024-08-22,2,2024-08-23,TOR,LAA,TOR,Thu
TOR-LAA-2024-08-22,3,2024-08-24,TOR,LAA,TOR,Thu
TOR-LAA-2024-08-22,4,2024-08-25,TOR,LAA,TOR,Thu
LAA-TOR-2025-05-06,1,2025-05-06,LAA,TOR,LAA,Tue
LAA-TOR-2025-05-06,2,2025-05-07,LAA,TOR,LAA,Tue
LAA-TOR-2025-05-06,3,2025-05-08,LAA,TOR,TOR,Tue
TOR-LAA-2025-07-04,1,2025-07-04,TOR,LAA,TOR,Fri
TOR-LAA-2025-07-04,2,2025-07-05,TOR,LAA,TOR,Fri
TOR-LAA-2025-07-04,3,2025-07-06,TOR,LAA,TOR,Fri
TB-NYY-2021-04-09,1,2021-04-09,TB,NYY,TB,Fri
TB-NYY-2021-04-09,2,2021-04-10,TB,NYY,TB,Fri
TB-NYY-2021-04-09,3,2021-04-11,TB,NYY,NYY,Fri
NYY-TB-2021-04-16,1,2021-04-16,NYY,TB,TB,Fri
NYY-TB-2021-04-16,2,2021-04-17,NYY,TB,TB,Fri
NYY-TB-2021-04-16,3,2021-04-18,NYY,TB,TB,Fri
TB-NYY-2021-05-11,1,2021-05-11,TB,NYY,NYY,Tue
TB-NYY-2021-05-11,2,2021-05-12,TB,NYY,NYY,Tue
TB-NYY-2021-05-11,3,2021-05-13,TB,NYY,TB,Tue
NYY-TB-2021-05-31,1,2021-05-31,NYY,TB,TB,Mon
NYY-TB-2021-05-31,2,2021-06-01,NYY,TB,NYY,Mon
NYY-TB-2021-05-31,3,2021-06-02,NYY,TB,NYY,Mon
NYY-TB-2021-05-31,4,2021-06-03,NYY,TB,TB,Mon
TB-NYY-2021-07-27,1,2021-07-27,TB,NYY,NYY,Tue
TB-NYY-2021-07-27,2,2021-07-28,TB,NYY,NYY,Tue
TB-NYY-2021-07-27,3,2021-07-29,TB,NYY,TB,Tue
NYY-TB-2021-10-01,1,2021-10-01,NYY,TB,TB,Fri
NYY-TB-2021-10-01,2,2021-10-02,NYY,TB,TB,Fri
NYY-TB-2021-10-01,3,2021-10-03,NYY,TB,NYY,Fri
TB-NYY-2022-05-26,1,2022-05-26,TB,NYY,NYY,Thu
TB-NYY-2022-05-26,2,2022-05-27,TB,NYY,NYY,Thu
TB-NYY-2022-05-26,3,2022-05-28,TB,NYY,TB,Thu
TB-NYY-2022-05-26,4,2022-05-29,TB,NYY,TB,Thu
NYY-TB-2022-06-14,1,2022-06-14,NYY,TB,NYY,Tue
NYY-TB-2022-06-14,2,2022-06-15,NYY,TB,NYY,Tue
NYY-TB-2022-06-14,3,2022-06-16,NYY,TB,NYY,Tue
TB-NYY-2022-06-20,1,2022-06-20,TB,NYY,NYY,Mon
TB-NYY-2022-06-20,2,2022-06-21,TB,NYY,TB,Mon
TB-NYY-2022-06-20,3,2022-06-22,TB,NYY,NYY,Mon
NYY-TB-2022-08-15,1,2022-08-15,NYY,TB,TB,Mon
NYY-TB-2022-08-15,2,2022-08-16,NYY,TB,TB,Mon
NYY-TB-2022-08-15,3,2022-08-17,NYY,TB,NYY,Mon
TB-NYY-2022-09-02,1,2022-09-02,TB,NYY,TB,Fri
TB-NYY-2022-09-02,2,2022-09-03,TB,NYY,TB,Fri
TB-NYY-2022-09-02,3,2022-09-04,TB,NYY,NYY,Fri
NYY-TB-2022-09-09,1,2022-09-09,NYY,TB,TB,Fri
NYY-TB-2022-09-09,2,2022-09-10,NYY,TB,NYY,Fri
NYY-TB-2022-09-09,3,2022-09-11,NYY,TB,NYY,Fri
TB-NYY-2023-05-05,1,2023-05-05,TB,NYY,TB,Fri
TB-NYY-2023-05-05,2,2023-05-06,TB,NYY,NYY,Fri
TB-NYY-2023-05-05,3,2023-05-07,TB,NYY,TB,Fri
NYY-TB-2023-05-11,1,2023-05-11,NYY,TB,TB,Thu
NYY-TB-2023-05-11,2,2023-05-12,NYY,TB,NYY,Thu
NYY-TB-2023-05-11,3,2023-05-13,NYY,TB,NYY,Thu
NYY-TB-2023-05-11,4,2023-05-14,NYY,TB,TB,Thu
NYY-TB-2023-07-31,1,2023-07-31,NYY,TB,TB,Mon
NYY-TB-2023-07-31,2,2023-08-01,NYY,TB,TB,Mon
NYY-TB-2023-07-31,3,2023-08-02,NYY,TB,NYY,Mon
TB-NYY-2023-08-25,1,2023-08-25,TB,NYY,NYY,Fri
TB-NYY-2023-08-25,2,2023-08-26,TB,NYY,TB,Fri
TB-NYY-2023-08-25,3,2023-08-27,TB,NYY,TB,Fri
NYY-TB-2024-04-19,1,2024-04-19,NYY,TB,NYY,Fri
NYY-TB-2024-04-19,2,2024-04-20,NYY,TB,TB,Fri
NYY-TB-2024-04-19,3,2024-04-21,NYY,TB,NYY,Fri
TB-NYY-2024-05-10,1,2024-05-10,TB,NYY,NYY,Fri
TB-NYY-2024-05-10,2,2024-05-11,TB,NYY,TB,Fri
TB-NYY-2024-05-10,3,2024-05-12,TB,NYY,NYY,Fri
TB-NYY-2024-07-09,1,2024-07-09,TB,NYY,TB,Tue
TB-NYY-2024-07-09,2,2024-07-10,TB,NYY,NYY,Tue
TB-NYY-2024-07-09,3,2024-07-11,TB,NYY,TB,Tue
NYY-TB-2024-07-19,1,2024-07-19,NYY,TB,NYY,Fri
NYY-TB-2024-07-19,2,2024-07-20,NYY,TB,TB,Fri
NYY-TB-2024-07-19,3,2024-07-21,NYY,TB,TB,Fri
NYY-TB-2024-07-19,4,2024-07-22,NYY,TB,NYY,Fri
TB-NYY-2025-04-17,1,2025-04-17,TB,NYY,NYY,Thu
TB-NYY-2025-04-17,2,2025-04-18,TB,NYY,NYY,Thu
TB-NYY-2025-04-17,3,2025-04-19,TB,NYY,TB,Thu
TB-NYY-2025-04-17,4,2025-04-20,TB,NYY,NYY,Thu
NYY-TB-2025-05-02,1,2025-05-02,NYY,TB,NYY,Fri
NYY-TB-2025-05-02,2,2025-05-03,NYY,TB,TB,Fri
NYY-TB-2025-05-02,3,2025-05-04,NYY,TB,TB,Fri
NYY-TB-2025-07-28,1,2025-07-28,NYY,TB,TB,Mon
NYY-TB-2025-07-28,2,2025-07-29,NYY,TB,NYY,Mon
NYY-TB-2025-07-28,3,2025-07-30,NYY,TB,NYY,Mon
NYY-TB-2025-07-28,4,2025-07-31,NYY,TB,NYY,Mon
LAD-WAS-2021-04-09,1,2021-04-09,LAD,WAS,LAD,Fri
LAD-WAS-2021-04-09,2,2021-04-10,LAD,WAS,LAD,Fri
LAD-WAS-2021-04-09,3,2021-04-11,LAD,WAS,LAD,Fri
WAS-LAD-2021-07-01,1,2021-07-01,WAS,LAD,LAD,Thu
WAS-LAD-2021-07-01,2,2021-07-02,WAS,LAD,LAD,Thu
WAS-LAD-2021-07-01,3,2021-07-03,WAS,LAD,LAD,Thu
WAS-LAD-2021-07-01,4,2021-07-04,WAS,LAD,LAD,Thu
WAS-LAD-2022-05-23,1,2022-05-23,WAS,LAD,LAD,Mon
WAS-LAD-2022-05-23,2,2022-05-24,WAS,LAD,LAD,Mon
WAS-LAD-2022-05-23,3,2022-05-25,WAS,LAD,WAS,Mon
LAD-WAS-2022-07-25,1,2022-07-25,LAD,WAS,WAS,Mon
LAD-WAS-2022-07-25,2,2022-07-26,LAD,WAS,WAS,Mon
LAD-WAS-2022-07-25,3,2022-07-27,LAD,WAS,LAD,Mon
LAD-WAS-2023-05-29,1,2023-05-29,LAD,WAS,LAD,Mon
LAD-WAS-2023-05-29,2,2023-05-30,LAD,WAS,LAD,Mon
LAD-WAS-2023-05-29,3,2023-05-31,LAD,WAS,WAS,Mon
WAS-LAD-2023-09-08,1,2023-09-08,WAS,LAD,LAD,Fri
WAS-LAD-2023-09-08,2,2023-09-09,WAS,LAD,WAS,Fri
WAS-LAD-2023-09-08,3,2023-09-10,WAS,LAD,LAD,Fri
LAD-WAS-2024-04-15,1,2024-04-15,LAD,WAS,WAS,Mon
LAD-WAS-2024-04-15,2,2024-04-16,LAD,WAS,LAD,Mon
LAD-WAS-2024-04-15,3,2024-04-17,LAD,WAS,WAS,Mon
WAS-LAD-2024-04-23,1,2024-04-23,WAS,LAD,LAD,Tue
WAS-LAD-2024-04-23,2,2024-04-24,WAS,LAD,LAD,Tue
WAS-LAD-2024-04-23,3,2024-04-25,WAS,LAD,LAD,Tue
WAS-LAD-2025-04-07,1,2025-04-07,WAS,LAD,WAS,Mon
WAS-LAD-2025-04-07,2,2025-04-08,WAS,LAD,WAS,Mon
WAS-LAD-2025-04-07,3,2025-04-09,WAS,LAD,LAD,Mon
LAD-WAS-2025-06-20,1,2025-06-20,LAD,WAS,LAD,Fri
LAD-WAS-2025-06-20,2,2025-06-21,LAD,WAS,WAS,Fri
LAD-WAS-2025-06-20,3,2025-06-22,LAD,WAS,LAD,Fri
SF-COL-2021-04-09,1,2021-04-09,SF,COL,SF,Fri
SF-COL-2021-04-09,2,2021-04-10,SF,COL,SF,Fri
SF-COL-2021-04-09,3,2021-04-11,SF,COL,SF,Fri
SF-COL-2021-04-26,1,2021-04-26,SF,COL,SF,Mon
SF-COL-2021-04-26,2,2021-04-27,SF,COL,COL,Mon
SF-COL-2021-04-26,3,2021-04-28,SF,COL,SF,Mon
COL-SF-2021-05-04,1,2021-05-04,COL,SF,SF,Tue
COL-SF-2021-05-04,2,2021-05-05,COL,SF,COL,Tue
SF-COL-2021-08-12,1,2021-08-12,SF,COL,SF,Thu
SF-COL-2021-08-12,2,2021-08-13,SF,COL,SF,Thu
SF-COL-2021-08-12,3,2021-08-14,SF,COL,COL,Thu
SF-COL-2021-08-12,4,2021-08-15,SF,COL,SF,Thu
COL-SF-2021-09-06,1,2021-09-06,COL,SF,SF,Mon
COL-SF-2021-09-06,2,2021-09-07,COL,SF,SF,Mon
COL-SF-2021-09-06,3,2021-09-08,COL,SF,SF,Mon
COL-SF-2021-09-25,1,2021-09-25,COL,SF,SF,Sat
COL-SF-2021-09-25,2,2021-09-26,COL,SF,SF,Sat
SF-COL-2022-05-09,1,2022-05-09,SF,COL,SF,Mon
SF-COL-2022-05-09,2,2022-05-10,SF,COL,SF,Mon
SF-COL-2022-05-09,3,2022-05-11,SF,COL,SF,Mon
COL-SF-2022-05-16,1,2022-05-16,COL,SF,SF,Mon
COL-SF-2022-05-16,2,2022-05-17,COL,SF,SF,Mon
COL-SF-2022-05-16,3,2022-05-18,COL,SF,COL,Mon
SF-COL-2022-06-07,1,2022-06-07,SF,COL,COL,Tue
SF-COL-2022-06-07,2,2022-06-08,SF,COL,SF,Tue
SF-COL-2022-06-07,3,2022-06-09,SF,COL,COL,Tue
COL-SF-2022-08-19,1,2022-08-19,COL,SF,COL,Fri
COL-SF-2022-08-19,2,2022-08-20,COL,SF,COL,Fri
COL-SF-2022-08-19,3,2022-08-21,COL,SF,SF,Fri
COL-SF-2022-09-19,1,2022-09-19,COL,SF,SF,Mon
COL-SF-2022-09-19,2,2022-09-20,COL,SF,SF,Mon
COL-SF-2022-09-19,3,2022-09-21,COL,SF,SF,Mon
COL-SF-2022-09-19,4,2022-09-22,COL,SF,SF,Mon
SF-COL-2022-09-27,1,2022-09-27,SF,COL,SF,Tue
SF-COL-2022-09-27,2,2022-09-28,SF,COL,SF,Tue
SF-COL-2022-09-27,3,2022-09-29,SF,COL,SF,Tue
COL-SF-2023-06-06,1,2023-06-06,COL,SF,SF,Tue
COL-SF-2023-06-06,2,2023-06-07,COL,SF,SF,Tue
COL-SF-2023-06-06,3,2023-06-08,COL,SF,SF,Tue
SF-COL-2023-07-07,1,2023-07-07,SF,COL,COL,Fri
SF-COL-2023-07-07,2,2023-07-08,SF,COL,SF,Fri
SF-COL-2023-07-07,3,2023-07-09,SF,COL,SF,Fri
SF-COL-2023-09-08,1,2023-09-08,SF,COL,SF,Fri
SF-COL-2023-09-08,2,2023-09-09,SF,COL,SF,Fri
SF-COL-2023-09-08,3,2023-09-10,SF,COL,SF,Fri
COL-SF-2023-09-15,1,2023-09-15,COL,SF,COL,Fri
COL-SF-2023-09-15,2,2023-09-16,COL,SF,COL,Fri
COL-SF-2023-09-15,3,2023-09-17,COL,SF,SF,Fri
COL-SF-2024-05-07,1,2024-05-07,COL,SF,SF,Tue
COL-SF-2024-05-07,2,2024-05-08,COL,SF,SF,Tue
COL-SF-2024-05-07,3,2024-05-09,COL,SF,COL,Tue
SF-COL-2024-05-17,1,2024-05-17,SF,COL,SF,Fri
SF-COL-2024-05-17,2,2024-05-18,SF,COL,SF,Fri
SF-COL-2024-05-17,3,2024-05-19,SF,COL,SF,Fri
COL-SF-2024-07-19,1,2024-07-19,COL,SF,COL,Fri
COL-SF-2024-07-19,2,2024-07-20,COL,SF,COL,Fri
COL-SF-2024-07-19,3,2024-07-21,COL,SF,SF,Fri
SF-COL-2024-07-26,1,2024-07-26,SF,COL,SF,Fri
SF-COL-2024-07-26,2,2024-07-27,SF,COL,SF,Fri
SF-COL-2024-07-26,3,2024-07-28,SF,COL,SF,Fri
SF-COL-2025-05-01,1,2025-05-01,SF,COL,COL,Thu
SF-COL-2025-05-01,2,2025-05-02,SF,COL,SF,Thu
SF-COL-2025-05-01,3,2025-05-03,SF,COL,SF,Thu
SF-COL-2025-05-01,4,2025-05-04,SF,COL,SF,Thu
COL-SF-2025-06-10,1,2025-06-10,COL,SF,SF,Tue
COL-SF-2025-06-10,2,2025-06-11,COL,SF,SF,Tue
COL-SF-2025-06-10,3,2025-06-12,COL,SF,COL,Tue
TEX-SD-2021-04-09,1,2021-04-09,TEX,SD,SD,Fri
TEX-SD-2021-04-09,2,2021-04-10,TEX,SD,SD,Fri
TEX-SD-2021-04-09,3,2021-04-11,TEX,SD,SD,Fri
SD-TEX-2023-07-28,1,2023-07-28,SD,TEX,SD,Fri
SD-TEX-2023-07-28,2,2023-07-29,SD,TEX,SD,Fri
SD-TEX-2023-07-28,3,2023-07-30,SD,TEX,SD,Fri
TEX-SD-2024-07-02,1,2024-07-02,TEX,SD,TEX,Tue
TEX-SD-2024-07-02,2,2024-07-03,TEX,SD,SD,Tue
TEX-SD-2024-07-02,3,2024-07-04,TEX,SD,SD,Tue
SD-TEX-2025-07-04,1,2025-07-04,SD,TEX,SD,Fri
SD-TEX-2025-07-04,2,2025-07-05,SD,TEX,TEX,Fri
SD-TEX-2025-07-04,3,2025-07-06,SD,TEX,SD,Fri
ARI-CIN-2021-04-09,1,2021-04-09,ARI,CIN,CIN,Fri
ARI-CIN-2021-04-09,2,2021-04-10,ARI,CIN,ARI,Fri
ARI-CIN-2021-04-09,3,2021-04-11,ARI,CIN,ARI,Fri
CIN-ARI-2021-04-21,1,2021-04-21,CIN,ARI,ARI,Wed
CIN-ARI-2021-04-21,2,2021-04-22,CIN,ARI,ARI,Wed
CIN-ARI-2022-06-06,1,2022-06-06,CIN,ARI,CIN,Mon
CIN-ARI-2022-06-06,2,2022-06-07,CIN,ARI,CIN,Mon
CIN-ARI-2022-06-06,3,2022-06-08,CIN,ARI,ARI,Mon
CIN-ARI-2022-06-06,4,2022-06-09,CIN,ARI,ARI,Mon
ARI-CIN-2022-06-13,1,2022-06-13,ARI,CIN,CIN,Mon
ARI-CIN-2022-06-13,2,2022-06-14,ARI,CIN,CIN,Mon
ARI-CIN-2022-06-13,3,2022-06-15,ARI,CIN,ARI,Mon
CIN-ARI-2023-07-21,1,2023-07-21,CIN,ARI,CIN,Fri
CIN-ARI-2023-07-21,2,2023-07-22,CIN,ARI,CIN,Fri
CIN-ARI-2023-07-21,3,2023-07-23,CIN,ARI,CIN,Fri
ARI-CIN-2023-08-24,1,2023-08-24,ARI,CIN,ARI,Thu
ARI-CIN-2023-08-24,2,2023-08-25,ARI,CIN,ARI,Thu
ARI-CIN-2023-08-24,3,2023-08-26,ARI,CIN,CIN,Thu
ARI-CIN-2023-08-24,4,2023-08-27,ARI,CIN,ARI,Thu
PIT-SD-2021-04-12,1,2021-04-12,PIT,SD,SD,Mon
PIT-SD-2021-04-12,2,2021-04-13,PIT,SD,PIT,Mon
PIT-SD-2021-04-12,3,2021-04-14,PIT,SD,PIT,Mon
PIT-SD-2021-04-12,4,2021-04-15,PIT,SD,SD,Mon
SD-PIT-2021-05-03,1,2021-05-03,SD,PIT,SD,Mon
SD-PIT-2021-05-03,2,2021-05-04,SD,PIT,PIT,Mon
SD-PIT-2021-05-03,3,2021-05-05,SD,PIT,SD,Mon
PIT-SD-2022-04-29,1,2022-04-29,PIT,SD,SD,Fri
PIT-SD-2022-04-29,2,2022-04-30,PIT,SD,PIT,Fri
PIT-SD-2022-04-29,3,2022-05-01,PIT,SD,SD,Fri
SD-PIT-2022-05-27,1,2022-05-27,SD,PIT,SD,Fri
SD-PIT-2022-05-27,2,2022-05-28,SD,PIT,PIT,Fri
SD-PIT-2022-05-27,3,2022-05-29,SD,PIT,SD,Fri
PIT-SD-2023-06-27,1,2023-06-27,PIT,SD,PIT,Tue
PIT-SD-2023-06-27,2,2023-06-28,PIT,SD,PIT,Tue
PIT-SD-2023-06-27,3,2023-06-29,PIT,SD,PIT,Tue
SD-PIT-2023-07-24,1,2023-07-24,SD,PIT,PIT,Mon
SD-PIT-2023-07-24,2,2023-07-25,SD,PIT,SD,Mon
SD-PIT-2023-07-24,3,2023-07-26,SD,PIT,PIT,Mon
PIT-SD-2024-08-06,1,2024-08-06,PIT,SD,SD,Tue
PIT-SD-2024-08-06,2,2024-08-07,PIT,SD,SD,Tue
PIT-SD-2024-08-06,3,2024-08-08,PIT,SD,SD,Tue
SD-PIT-2024-08-12,1,2024-08-12,SD,PIT,SD,Mon
SD-PIT-2024-08-12,2,2024-08-13,SD,PIT,SD,Mon
SD-PIT-2024-08-12,3,2024-08-14,SD,PIT,SD,Mon
PIT-SD-2025-05-02,1,2025-05-02,PIT,SD,SD,Fri
PIT-SD-2025-05-02,2,2025-05-03,PIT,SD,SD,Fri
PIT-SD-2025-05-02,3,2025-05-04,PIT,SD,SD,Fri
SD-PIT-2025-05-30,1,2025-05-30,SD,PIT,SD,Fri
SD-PIT-2025-05-30,2,2025-05-31,SD,PIT,PIT,Fri
SD-PIT-2025-05-30,3,2025-06-01,SD,PIT,SD,Fri
TB-TEX-2021-04-12,1,2021-04-12,TB,TEX,TB,Mon
TB-TEX-2021-04-12,2,2021-04-13,TB,TEX,TEX,Mon
TB-TEX-2021-04-12,3,2021-04-14,TB,TEX,TEX,Mon
TB-TEX-2021-04-12,4,2021-04-15,TB,TEX,TEX,Mon
TEX-TB-2021-06-04,1,2021-06-04,TEX,TB,TEX,Fri
TEX-TB-2021-06-04,2,2021-06-05,TEX,TB,TB,Fri
TEX-TB-2021-06-04,3,2021-06-06,TEX,TB,TB,Fri
TEX-TB-2022-05-30,1,2022-05-30,TEX,TB,TEX,Mon
TEX-TB-2022-05-30,2,2022-05-31,TEX,TB,TEX,Mon
TEX-TB-2022-05-30,3,2022-06-01,TEX,TB,TB,Mon
TEX-TB-2022-05-30,4,2022-06-02,TEX,TB,TB,Mon
TB-TEX-2022-09-16,1,2022-09-16,TB,TEX,TEX,Fri
TB-TEX-2022-09-16,2,2022-09-17,TB,TEX,TB,Fri
TB-TEX-2022-09-16,3,2022-09-18,TB,TEX,TB,Fri
TB-TEX-2023-06-09,1,2023-06-09,TB,TEX,TB,Fri
TB-TEX-2023-06-09,2,2023-06-10,TB,TEX,TEX,Fri
TB-TEX-2023-06-09,3,2023-06-11,TB,TEX,TB,Fri
TEX-TB-2023-07-17,1,2023-07-17,TEX,TB,TEX,Mon
TEX-TB-2023-07-17,2,2023-07-18,TEX,TB,TEX,Mon
TEX-TB-2023-07-17,3,2023-07-19,TEX,TB,TEX,Mon
TB-TEX-2024-04-01,1,2024-04-01,TB,TEX,TEX,Mon
TB-TEX-2024-04-01,2,2024-04-02,TB,TEX,TB,Mon
TB-TEX-2024-04-01,3,2024-04-03,TB,TEX,TEX,Mon
TEX-TB-2024-07-05,1,2024-07-05,TEX,TB,TEX,Fri
TEX-TB-2024-07-05,2,2024-07-06,TEX,TB,TEX,Fri
TEX-TB-2024-07-05,3,2024-07-07,TEX,TB,TEX,Fri
TEX-TB-2025-04-04,1,2025-04-04,TEX,TB,TEX,Fri
TEX-TB-2025-04-04,2,2025-04-05,TEX,TB,TEX,Fri
TEX-TB-2025-04-04,3,2025-04-06,TEX,TB,TEX,Fri
TB-TEX-2025-06-03,1,2025-06-03,TB,TEX,TB,Tue
TB-TEX-2025-06-03,2,2025-06-04,TB,TEX,TB,Tue
TB-TEX-2025-06-03,3,2025-06-05,TB,TEX,TB,Tue
ATL-MIA-2021-04-12,1,2021-04-12,ATL,MIA,MIA,Mon
ATL-MIA-2021-04-12,2,2021-04-13,ATL,MIA,MIA,Mon
ATL-MIA-2021-04-12,3,2021-04-14,ATL,MIA,MIA,Mon
ATL-MIA-2021-04-12,4,2021-04-15,ATL,MIA,ATL,Mon
MIA-ATL-2021-06-11,1,2021-06-11,MIA,ATL,MIA,Fri
MIA-ATL-2021-06-11,2,2021-06-12,MIA,ATL,MIA,Fri
MIA-ATL-2021-06-11,3,2021-06-13,MIA,ATL,ATL,Fri
ATL-MIA-2021-07-02,1,2021-07-02,ATL,MIA,ATL,Fri
ATL-MIA-2021-07-02,2,2021-07-03,ATL,MIA,MIA,Fri
ATL-MIA-2021-07-02,3,2021-07-04,ATL,MIA,ATL,Fri
MIA-ATL-2021-07-09,1,2021-07-09,MIA,ATL,ATL,Fri
MIA-ATL-2021-07-09,2,2021-07-10,MIA,ATL,ATL,Fri
MIA-ATL-2021-07-09,3,2021-07-11,MIA,ATL,MIA,Fri
MIA-ATL-2021-08-16,1,2021-08-16,MIA,ATL,ATL,Mon
MIA-ATL-2021-08-16,2,2021-08-17,MIA,ATL,ATL,Mon
MIA-ATL-2021-08-16,3,2021-08-18,MIA,ATL,ATL,Mon
ATL-MIA-2021-09-10,1,2021-09-10,ATL,MIA,ATL,Fri
ATL-MIA-2021-09-10,2,2021-09-11,ATL,MIA,MIA,Fri
ATL-MIA-2021-09-10,3,2021-09-12,ATL,MIA,ATL,Fri
ATL-MIA-2022-04-22,1,2022-04-22,ATL,MIA,ATL,Fri
ATL-MIA-2022-04-22,2,2022-04-23,ATL,MIA,MIA,Fri
ATL-MIA-2022-04-22,3,2022-04-24,ATL,MIA,MIA,Fri
MIA-ATL-2022-05-20,1,2022-05-20,MIA,ATL,ATL,Fri
MIA-ATL-2022-05-20,2,2022-05-21,MIA,ATL,ATL,Fri
MIA-ATL-2022-05-20,3,2022-05-22,MIA,ATL,MIA,Fri
ATL-MIA-2022-05-27,1,2022-05-27,ATL,MIA,ATL,Fri
ATL-MIA-2022-05-27,2,2022-05-28,ATL,MIA,MIA,Fri
ATL-MIA-2022-05-27,3,2022-05-29,ATL,MIA,ATL,Fri
MIA-ATL-2022-08-12,1,2022-08-12,MIA,ATL,ATL,Fri
MIA-ATL-2022-08-12,2,2022-08-13,MIA,ATL,ATL,Fri
MIA-ATL-2022-08-12,3,2022-08-14,MIA,ATL,ATL,Fri
ATL-MIA-2022-09-02,1,2022-09-02,ATL,MIA,ATL,Fri
ATL-MIA-2022-09-02,2,2022-09-03,ATL,MIA,ATL,Fri
ATL-MIA-2022-09-02,3,2022-09-04,ATL,MIA,ATL,Fri
MIA-ATL-2022-10-03,1,2022-10-03,MIA,ATL,MIA,Mon
MIA-ATL-2022-10-03,2,2022-10-04,MIA,ATL,ATL,Mon
MIA-ATL-2022-10-03,3,2022-10-05,MIA,ATL,MIA,Mon
ATL-MIA-2023-04-24,1,2023-04-24,ATL,MIA,ATL,Mon
ATL-MIA-2023-04-24,2,2023-04-25,ATL,MIA,ATL,Mon
ATL-MIA-2023-04-24,3,2023-04-26,ATL,MIA,ATL,Mon
ATL-MIA-2023-04-24,4,2023-04-27,ATL,MIA,MIA,Mon
MIA-ATL-2023-05-02,1,2023-05-02,MIA,ATL,ATL,Tue
MIA-ATL-2023-05-02,2,2023-05-03,MIA,ATL,ATL,Tue
MIA-ATL-2023-05-02,3,2023-05-04,MIA,ATL,ATL,Tue
ATL-MIA-2023-06-30,1,2023-06-30,ATL,MIA,ATL,Fri
ATL-MIA-2023-06-30,2,2023-07-01,ATL,MIA,ATL,Fri
ATL-MIA-2023-06-30,3,2023-07-02,ATL,MIA,ATL,Fri
MIA-ATL-2023-09-15,1,2023-09-15,MIA,ATL,MIA,Fri
MIA-ATL-2023-09-15,2,2023-09-16,MIA,ATL,MIA,Fri
MIA-ATL-2023-09-15,3,2023-09-17,MIA,ATL,MIA,Fri
MIA-ATL-2024-04-12,1,2024-04-12,MIA,ATL,ATL,Fri
MIA-ATL-2024-04-12,2,2024-04-13,MIA,ATL,MIA,Fri
MIA-ATL-2024-04-12,3,2024-04-14,MIA,ATL,ATL,Fri
ATL-MIA-2024-04-22,1,2024-04-22,ATL,MIA,ATL,Mon
ATL-MIA-2024-04-22,2,2024-04-23,ATL,MIA,ATL,Mon
ATL-MIA-2024-04-22,3,2024-04-24,ATL,MIA,ATL,Mon
ATL-MIA-2024-08-01,1,2024-08-01,ATL,MIA,ATL,Thu
ATL-MIA-2024-08-01,2,2024-08-02,ATL,MIA,ATL,Thu
ATL-MIA-2024-08-01,3,2024-08-03,ATL,MIA,MIA,Thu
ATL-MIA-2024-08-01,4,2024-08-04,ATL,MIA,MIA,Thu
MIA-ATL-2024-09-20,1,2024-09-20,MIA,ATL,MIA,Fri
MIA-ATL-2024-09-20,2,2024-09-21,MIA,ATL,ATL,Fri
MIA-ATL-2024-09-20,3,2024-09-22,MIA,ATL,ATL,Fri
ATL-MIA-2025-04-04,1,2025-04-04,ATL,MIA,ATL,Fri
ATL-MIA-2025-04-04,2,2025-04-05,ATL,MIA,MIA,Fri
MIA-ATL-2025-06-20,1,2025-06-20,MIA,ATL,MIA,Fri
MIA-ATL-2025-06-20,2,2025-06-21,MIA,ATL,ATL,Fri
MIA-ATL-2025-06-20,3,2025-06-22,MIA,ATL,MIA,Fri
ATL-MIA-2025-08-07,1,2025-08-07,ATL,MIA,ATL,Thu
ATL-MIA-2025-08-07,2,2025-08-08,ATL,MIA,MIA,Thu
ATL-MIA-2025-08-07,3,2025-08-09,ATL,MIA,ATL,Thu
ATL-MIA-2025-08-07,4,2025-08-10,ATL,MIA,ATL,Thu
STL-WAS-2021-04-12,1,2021-04-12,STL,WAS,WAS,Mon
STL-WAS-2021-04-12,2,2021-04-13,STL,WAS,STL,Mon
STL-WAS-2021-04-12,3,2021-04-14,STL,WAS,WAS,Mon
WAS-STL-2021-04-19,1,2021-04-19,WAS,STL,STL,Mon
WAS-STL-2021-04-19,2,2021-04-20,WAS,STL,WAS,Mon
WAS-STL-2021-04-19,3,2021-04-21,WAS,STL,WAS,Mon
WAS-STL-2022-07-29,1,2022-07-29,WAS,STL,STL,Fri
WAS-STL-2022-07-29,2,2022-07-30,WAS,STL,WAS,Fri
WAS-STL-2022-07-29,3,2022-07-31,WAS,STL,STL,Fri
STL-WAS-2022-09-05,1,2022-09-05,STL,WAS,WAS,Mon
STL-WAS-2022-09-05,2,2022-09-06,STL,WAS,STL,Mon
STL-WAS-2022-09-05,3,2022-09-07,STL,WAS,STL,Mon
STL-WAS-2022-09-05,4,2022-09-08,STL,WAS,WAS,Mon
WAS-STL-2023-06-19,1,2023-06-19,WAS,STL,STL,Mon
WAS-STL-2023-06-19,2,2023-06-20,WAS,STL,STL,Mon
WAS-STL-2023-06-19,3,2023-06-21,WAS,STL,WAS,Mon
STL-WAS-2023-07-15,1,2023-07-15,STL,WAS,WAS,Sat
STL-WAS-2023-07-15,2,2023-07-16,STL,WAS,STL,Sat
WAS-STL-2024-07-05,1,2024-07-05,WAS,STL,STL,Fri
WAS-STL-2024-07-05,2,2024-07-06,WAS,STL,WAS,Fri
WAS-STL-2024-07-05,3,2024-07-07,WAS,STL,STL,Fri
WAS-STL-2024-07-05,4,2024-07-08,WAS,STL,STL,Fri
STL-WAS-2024-07-26,1,2024-07-26,STL,WAS,WAS,Fri
STL-WAS-2024-07-26,2,2024-07-27,STL,WAS,WAS,Fri
STL-WAS-2024-07-26,3,2024-07-28,STL,WAS,STL,Fri
WAS-STL-2025-05-09,1,2025-05-09,WAS,STL,STL,Fri
WAS-STL-2025-05-09,2,2025-05-10,WAS,STL,STL,Fri
WAS-STL-2025-05-09,3,2025-05-11,WAS,STL,STL,Fri
STL-WAS-2025-07-08,1,2025-07-08,STL,WAS,STL,Tue
STL-WAS-2025-07-08,2,2025-07-09,STL,WAS,WAS,Tue
STL-WAS-2025-07-08,3,2025-07-10,STL,WAS,STL,Tue
KC-LAA-2021-04-12,1,2021-04-12,KC,LAA,LAA,Mon
KC-LAA-2021-04-12,2,2021-04-13,KC,LAA,KC,Mon
KC-LAA-2021-04-12,3,2021-04-14,KC,LAA,KC,Mon
LAA-KC-2021-06-07,1,2021-06-07,LAA,KC,LAA,Mon
LAA-KC-2021-06-07,2,2021-06-08,LAA,KC,LAA,Mon
LAA-KC-2021-06-07,3,2021-06-09,LAA,KC,LAA,Mon
LAA-KC-2022-06-20,1,2022-06-20,LAA,KC,KC,Mon
LAA-KC-2022-06-20,2,2022-06-21,LAA,KC,KC,Mon
LAA-KC-2022-06-20,3,2022-06-22,LAA,KC,LAA,Mon
KC-LAA-2022-07-25,1,2022-07-25,KC,LAA,KC,Mon
KC-LAA-2022-07-25,2,2022-07-26,KC,LAA,LAA,Mon
KC-LAA-2022-07-25,3,2022-07-27,KC,LAA,LAA,Mon
LAA-KC-2023-04-21,1,2023-04-21,LAA,KC,LAA,Fri
LAA-KC-2023-04-21,2,2023-04-22,LAA,KC,KC,Fri
LAA-KC-2023-04-21,3,2023-04-23,LAA,KC,LAA,Fri
KC-LAA-2023-06-16,1,2023-06-16,KC,LAA,LAA,Fri
KC-LAA-2023-06-16,2,2023-06-17,KC,LAA,KC,Fri
KC-LAA-2023-06-16,3,2023-06-18,KC,LAA,LAA,Fri
LAA-KC-2024-05-09,1,2024-05-09,LAA,KC,KC,Thu
LAA-KC-2024-05-09,2,2024-05-10,LAA,KC,KC,Thu
LAA-KC-2024-05-09,3,2024-05-11,LAA,KC,LAA,Thu
LAA-KC-2024-05-09,4,2024-05-12,LAA,KC,KC,Thu
KC-LAA-2024-08-19,1,2024-08-19,KC,LAA,KC,Mon
KC-LAA-2024-08-19,2,2024-08-20,KC,LAA,LAA,Mon
KC-LAA-2024-08-19,3,2024-08-21,KC,LAA,KC,Mon
HOU-DET-2021-04-12,1,2021-04-12,HOU,DET,DET,Mon
HOU-DET-2021-04-12,2,2021-04-13,HOU,DET,DET,Mon
HOU-DET-2021-04-12,3,2021-04-14,HOU,DET,DET,Mon
DET-HOU-2021-06-24,1,2021-06-24,DET,HOU,HOU,Thu
DET-HOU-2021-06-24,2,2021-06-26,DET,HOU,DET,Thu
DET-HOU-2021-06-24,3,2021-06-27,DET,HOU,DET,Thu
HOU-DET-2022-05-05,1,2022-05-05,HOU,DET,HOU,Thu
HOU-DET-2022-05-05,2,2022-05-06,HOU,DET,HOU,Thu
HOU-DET-2022-05-05,3,2022-05-07,HOU,DET,HOU,Thu
HOU-DET-2022-05-05,4,2022-05-08,HOU,DET,HOU,Thu
DET-HOU-2022-09-12,1,2022-09-12,DET,HOU,HOU,Mon
DET-HOU-2022-09-12,2,2022-09-13,DET,HOU,HOU,Mon
DET-HOU-2022-09-12,3,2022-09-14,DET,HOU,HOU,Mon
HOU-DET-2023-04-03,1,2023-04-03,HOU,DET,DET,Mon
HOU-DET-2023-04-03,2,2023-04-04,HOU,DET,DET,Mon
HOU-DET-2023-04-03,3,2023-04-05,HOU,DET,HOU,Mon
DET-HOU-2023-08-25,1,2023-08-25,DET,HOU,DET,Fri
DET-HOU-2023-08-25,2,2023-08-26,DET,HOU,HOU,Fri
DET-HOU-2023-08-25,3,2023-08-27,DET,HOU,HOU,Fri
DET-HOU-2024-05-10,1,2024-05-10,DET,HOU,HOU,Fri
DET-HOU-2024-05-10,2,2024-05-11,DET,HOU,DET,Fri
DET-HOU-2024-05-10,3,2024-05-12,DET,HOU,HOU,Fri
HOU-DET-2024-06-14,1,2024-06-14,HOU,DET,HOU,Fri
HOU-DET-2024-06-14,2,2024-06-15,HOU,DET,DET,Fri
HOU-DET-2024-06-14,3,2024-06-16,HOU,DET,HOU,Fri
HOU-DET-2025-04-28,1,2025-04-28,HOU,DET,HOU,Mon
HOU-DET-2025-04-28,2,2025-04-29,HOU,DET,HOU,Mon
HOU-DET-2025-04-28,3,2025-04-30,HOU,DET,DET,Mon
ARI-OAK-2021-04-12,1,2021-04-12,ARI,OAK,OAK,Mon
ARI-OAK-2021-04-12,2,2021-04-13,ARI,OAK,OAK,Mon
OAK-ARI-2021-06-08,1,2021-06-08,OAK,ARI,OAK,Tue
OAK-ARI-2021-06-08,2,2021-06-09,OAK,ARI,OAK,Tue
OAK-ARI-2023-05-15,1,2023-05-15,OAK,ARI,ARI,Mon
OAK-ARI-2023-05-15,2,2023-05-16,OAK,ARI,OAK,Mon
OAK-ARI-2023-05-15,3,2023-05-17,OAK,ARI,ARI,Mon
SF-CIN-2021-04-12,1,2021-04-12,SF,CIN,CIN,Mon
SF-CIN-2021-04-12,2,2021-04-13,SF,CIN,SF,Mon
SF-CIN-2021-04-12,3,2021-04-14,SF,CIN,SF,Mon
CIN-SF-2021-05-17,1,2021-05-17,CIN,SF,SF,Mon
CIN-SF-2021-05-17,2,2021-05-18,CIN,SF,SF,Mon
CIN-SF-2021-05-17,3,2021-05-19,CIN,SF,SF,Mon
CIN-SF-2021-05-17,4,2021-05-20,CIN,SF,SF,Mon
CIN-SF-2022-05-27,1,2022-05-27,CIN,SF,CIN,Fri
CIN-SF-2022-05-27,2,2022-05-28,CIN,SF,CIN,Fri
CIN-SF-2022-05-27,3,2022-05-29,CIN,SF,SF,Fri
SF-CIN-2022-06-24,1,2022-06-24,SF,CIN,CIN,Fri
SF-CIN-2022-06-24,2,2022-06-25,SF,CIN,SF,Fri
SF-CIN-2022-06-24,3,2022-06-26,SF,CIN,CIN,Fri
CIN-SF-2023-07-18,1,2023-07-18,CIN,SF,SF,Tue
CIN-SF-2023-07-18,2,2023-07-19,CIN,SF,CIN,Tue
CIN-SF-2023-07-18,3,2023-07-20,CIN,SF,CIN,Tue
SF-CIN-2023-08-28,1,2023-08-28,SF,CIN,SF,Mon
SF-CIN-2023-08-28,2,2023-08-29,SF,CIN,SF,Mon
SF-CIN-2023-08-28,3,2023-08-30,SF,CIN,CIN,Mon
SF-CIN-2024-05-10,1,2024-05-10,SF,CIN,CIN,Fri
SF-CIN-2024-05-10,2,2024-05-11,SF,CIN,SF,Fri
SF-CIN-2024-05-10,3,2024-05-12,SF,CIN,SF,Fri
CIN-SF-2024-08-02,1,2024-08-02,CIN,SF,SF,Fri
CIN-SF-2024-08-02,2,2024-08-03,CIN,SF,CIN,Fri
CIN-SF-2024-08-02,3,2024-08-04,CIN,SF,SF,Fri
CIN-SF-2025-03-27,1,2025-03-27,CIN,SF,SF,Thu
CIN-SF-2025-03-27,2,2025-03-29,CIN,SF,CIN,Thu
CIN-SF-2025-03-27,3,2025-03-30,CIN,SF,SF,Thu
SF-CIN-2025-04-07,1,2025-04-07,SF,CIN,CIN,Mon
SF-CIN-2025-04-07,2,2025-04-08,SF,CIN,CIN,Mon
SF-CIN-2025-04-07,3,2025-04-09,SF,CIN,SF,Mon
MIN-BOS-2021-04-13,1,2021-04-13,MIN,BOS,BOS,Tue
MIN-BOS-2021-04-13,2,2021-04-14,MIN,BOS,BOS,Tue
MIN-BOS-2021-04-13,3,2021-04-15,MIN,BOS,MIN,Tue
BOS-MIN-2021-08-24,1,2021-08-24,BOS,MIN,BOS,Tue
BOS-MIN-2021-08-24,2,2021-08-25,BOS,MIN,MIN,Tue
BOS-MIN-2021-08-24,3,2021-08-26,BOS,MIN,BOS,Tue
BOS-MIN-2022-04-15,1,2022-04-15,BOS,MIN,MIN,Fri
BOS-MIN-2022-04-15,2,2022-04-16,BOS,MIN,BOS,Fri
BOS-MIN-2022-04-15,3,2022-04-17,BOS,MIN,BOS,Fri
BOS-MIN-2022-04-15,4,2022-04-18,BOS,MIN,MIN,Fri
MIN-BOS-2022-08-29,1,2022-08-29,MIN,BOS,MIN,Mon
MIN-BOS-2022-08-29,2,2022-08-30,MIN,BOS,MIN,Mon
MIN-BOS-2022-08-29,3,2022-08-31,MIN,BOS,BOS,Mon
BOS-MIN-2023-04-18,1,2023-04-18,BOS,MIN,BOS,Tue
BOS-MIN-2023-04-18,2,2023-04-19,BOS,MIN,MIN,Tue
BOS-MIN-2023-04-18,3,2023-04-20,BOS,MIN,BOS,Tue
MIN-BOS-2023-06-19,1,2023-06-19,MIN,BOS,BOS,Mon
MIN-BOS-2023-06-19,2,2023-06-20,MIN,BOS,BOS,Mon
MIN-BOS-2023-06-19,3,2023-06-21,MIN,BOS,MIN,Mon
MIN-BOS-2023-06-19,4,2023-06-22,MIN,BOS,MIN,Mon
MIN-BOS-2024-05-03,1,2024-05-03,MIN,BOS,MIN,Fri
MIN-BOS-2024-05-03,2,2024-05-04,MIN,BOS,MIN,Fri
MIN-BOS-2024-05-03,3,2024-05-05,MIN,BOS,BOS,Fri
BOS-MIN-2024-09-20,1,2024-09-20,BOS,MIN,MIN,Fri
BOS-MIN-2024-09-20,2,2024-09-22,BOS,MIN,BOS,Fri
BOS-MIN-2025-05-02,1,2025-05-02,BOS,MIN,BOS,Fri
BOS-MIN-2025-05-02,2,2025-05-03,BOS,MIN,MIN,Fri
BOS-MIN-2025-05-02,3,2025-05-04,BOS,MIN,MIN,Fri
MIN-BOS-2025-07-28,1,2025-07-28,MIN,BOS,MIN,Mon
MIN-BOS-2025-07-28,2,2025-07-29,MIN,BOS,BOS,Mon
MIN-BOS-2025-07-28,3,2025-07-30,MIN,BOS,BOS,Mon
BAL-SEA-2021-04-13,1,2021-04-13,BAL,SEA,SEA,Tue
BAL-SEA-2021-04-13,2,2021-04-15,BAL,SEA,SEA,Tue
SEA-BAL-2021-05-03,1,2021-05-03,SEA,BAL,BAL,Mon
SEA-BAL-2021-05-03,2,2021-05-04,SEA,BAL,SEA,Mon
SEA-BAL-2021-05-03,3,2021-05-05,SEA,BAL,BAL,Mon
BAL-SEA-2022-05-31,1,2022-05-31,BAL,SEA,SEA,Tue
BAL-SEA-2022-05-31,2,2022-06-01,BAL,SEA,BAL,Tue
BAL-SEA-2022-05-31,3,2022-06-02,BAL,SEA,SEA,Tue
SEA-BAL-2022-06-27,1,2022-06-27,SEA,BAL,BAL,Mon
SEA-BAL-2022-06-27,2,2022-06-28,SEA,BAL,SEA,Mon
SEA-BAL-2022-06-27,3,2022-06-29,SEA,BAL,SEA,Mon
BAL-SEA-2023-06-23,1,2023-06-23,BAL,SEA,SEA,Fri
BAL-SEA-2023-06-23,2,2023-06-24,BAL,SEA,BAL,Fri
BAL-SEA-2023-06-23,3,2023-06-25,BAL,SEA,BAL,Fri
SEA-BAL-2023-08-11,1,2023-08-11,SEA,BAL,SEA,Fri
SEA-BAL-2023-08-11,2,2023-08-12,SEA,BAL,BAL,Fri
SEA-BAL-2023-08-11,3,2023-08-13,SEA,BAL,BAL,Fri
BAL-SEA-2024-05-17,1,2024-05-17,BAL,SEA,BAL,Fri
BAL-SEA-2024-05-17,2,2024-05-18,BAL,SEA,SEA,Fri
BAL-SEA-2024-05-17,3,2024-05-19,BAL,SEA,BAL,Fri
SEA-BAL-2024-07-02,1,2024-07-02,SEA,BAL,BAL,Tue
SEA-BAL-2024-07-02,2,2024-07-03,SEA,BAL,BAL,Tue
SEA-BAL-2024-07-02,3,2024-07-04,SEA,BAL,SEA,Tue
SEA-BAL-2025-06-03,1,2025-06-03,SEA,BAL,BAL,Tue
SEA-BAL-2025-06-03,2,2025-06-04,SEA,BAL,BAL,Tue
SEA-BAL-2025-06-03,3,2025-06-05,SEA,BAL,BAL,Tue
BAL-SEA-2025-08-12,1,2025-08-12,BAL,SEA,SEA,Tue
BAL-SEA-2025-08-12,2,2025-08-13,BAL,SEA,BAL,Tue
BAL-SEA-2025-08-12,3,2025-08-14,BAL,SEA,BAL,Tue
WAS-ARI-2021-04-15,1,2021-04-15,WAS,ARI,ARI,Thu
WAS-ARI-2021-04-15,2,2021-04-16,WAS,ARI,WAS,Thu
WAS-ARI-2021-04-15,3,2021-04-17,WAS,ARI,WAS,Thu
WAS-ARI-2021-04-15,4,2021-04-18,WAS,ARI,ARI,Thu
ARI-WAS-2021-05-14,1,2021-05-14,ARI,WAS,WAS,Fri
ARI-WAS-2021-05-14,2,2021-05-15,ARI,WAS,ARI,Fri
ARI-WAS-2021-05-14,3,2021-05-16,ARI,WAS,WAS,Fri
WAS-ARI-2022-04-19,1,2022-04-19,WAS,ARI,WAS,Tue
WAS-ARI-2022-04-19,2,2022-04-20,WAS,ARI,ARI,Tue
WAS-ARI-2022-04-19,3,2022-04-21,WAS,ARI,ARI,Tue
ARI-WAS-2022-07-22,1,2022-07-22,ARI,WAS,ARI,Fri
ARI-WAS-2022-07-22,2,2022-07-23,ARI,WAS,ARI,Fri
ARI-WAS-2022-07-22,3,2022-07-24,ARI,WAS,WAS,Fri
ARI-WAS-2023-05-05,1,2023-05-05,ARI,WAS,ARI,Fri
ARI-WAS-2023-05-05,2,2023-05-06,ARI,WAS,ARI,Fri
ARI-WAS-2023-05-05,3,2023-05-07,ARI,WAS,WAS,Fri
WAS-ARI-2023-06-06,1,2023-06-06,WAS,ARI,ARI,Tue
WAS-ARI-2023-06-06,2,2023-06-07,WAS,ARI,ARI,Tue
WAS-ARI-2023-06-22,1,2023-06-22,WAS,ARI,ARI,Thu
KC-TOR-2021-04-15,1,2021-04-15,KC,TOR,KC,Thu
KC-TOR-2021-04-15,2,2021-04-17,KC,TOR,TOR,Thu
KC-TOR-2021-04-15,3,2021-04-18,KC,TOR,KC,Thu
TOR-KC-2021-07-30,1,2021-07-30,TOR,KC,TOR,Fri
TOR-KC-2021-07-30,2,2021-07-31,TOR,KC,TOR,Fri
TOR-KC-2021-07-30,3,2021-08-01,TOR,KC,TOR,Fri
KC-TOR-2022-06-06,1,2022-06-06,KC,TOR,TOR,Mon
KC-TOR-2022-06-06,2,2022-06-07,KC,TOR,TOR,Mon
KC-TOR-2022-06-06,3,2022-06-08,KC,TOR,KC,Mon
TOR-KC-2022-07-14,1,2022-07-14,TOR,KC,KC,Thu
TOR-KC-2022-07-14,2,2022-07-15,TOR,KC,TOR,Thu
TOR-KC-2022-07-14,3,2022-07-16,TOR,KC,TOR,Thu
TOR-KC-2022-07-14,4,2022-07-17,TOR,KC,TOR,Thu
KC-TOR-2023-04-03,1,2023-04-03,KC,TOR,KC,Mon
KC-TOR-2023-04-03,2,2023-04-04,KC,TOR,TOR,Mon
KC-TOR-2023-04-03,3,2023-04-05,KC,TOR,TOR,Mon
KC-TOR-2023-04-03,4,2023-04-06,KC,TOR,TOR,Mon
TOR-KC-2023-09-08,1,2023-09-08,TOR,KC,TOR,Fri
TOR-KC-2023-09-08,2,2023-09-09,TOR,KC,TOR,Fri
TOR-KC-2023-09-08,3,2023-09-10,TOR,KC,TOR,Fri
KC-TOR-2024-04-22,1,2024-04-22,KC,TOR,TOR,Mon
KC-TOR-2024-04-22,2,2024-04-23,KC,TOR,KC,Mon
KC-TOR-2024-04-22,3,2024-04-24,KC,TOR,KC,Mon
KC-TOR-2024-04-22,4,2024-04-25,KC,TOR,KC,Mon
TOR-KC-2024-04-29,1,2024-04-29,TOR,KC,TOR,Mon
TOR-KC-2024-04-29,2,2024-04-30,TOR,KC,KC,Mon
TOR-KC-2024-04-29,3,2024-05-01,TOR,KC,KC,Mon
TOR-KC-2025-08-01,1,2025-08-01,TOR,KC,KC,Fri
TOR-KC-2025-08-01,2,2025-08-02,TOR,KC,TOR,Fri
TOR-KC-2025-08-01,3,2025-08-03,TOR,KC,KC,Fri
OAK-DET-2021-04-15,1,2021-04-15,OAK,DET,OAK,Thu
OAK-DET-2021-04-15,2,2021-04-16,OAK,DET,OAK,Thu
OAK-DET-2021-04-15,3,2021-04-17,OAK,DET,OAK,Thu
OAK-DET-2021-04-15,4,2021-04-18,OAK,DET,OAK,Thu
DET-OAK-2021-08-31,1,2021-08-31,DET,OAK,OAK,Tue
DET-OAK-2021-08-31,2,2021-09-01,DET,OAK,DET,Tue
DET-OAK-2021-08-31,3,2021-09-02,DET,OAK,OAK,Tue
DET-OAK-2022-05-09,1,2022-05-09,DET,OAK,OAK,Mon
OAK-DET-2022-05-10,1,2022-05-10,OAK,DET,DET,Tue
DET-OAK-2022-05-10,1,2022-05-10,DET,OAK,OAK,Tue
DET-OAK-2022-05-10,2,2022-05-11,DET,OAK,OAK,Tue
DET-OAK-2022-05-10,3,2022-05-12,DET,OAK,OAK,Tue
OAK-DET-2022-07-21,1,2022-07-21,OAK,DET,DET,Thu
DET-OAK-2023-07-04,1,2023-07-04,DET,OAK,OAK,Tue
DET-OAK-2023-07-04,2,2023-07-05,DET,OAK,OAK,Tue
DET-OAK-2023-07-04,3,2023-07-06,DET,OAK,DET,Tue
OAK-DET-2023-09-21,1,2023-09-21,OAK,DET,DET,Thu
OAK-DET-2023-09-21,2,2023-09-22,OAK,DET,OAK,Thu
OAK-DET-2023-09-21,3,2023-09-23,OAK,DET,OAK,Thu
OAK-DET-2023-09-21,4,2023-09-24,OAK,DET,DET,Thu
CHC-ATL-2021-04-16,1,2021-04-16,CHC,ATL,ATL,Fri
CHC-ATL-2021-04-16,2,2021-04-17,CHC,ATL,CHC,Fri
CHC-ATL-2021-04-16,3,2021-04-18,CHC,ATL,ATL,Fri
ATL-CHC-2021-04-26,1,2021-04-26,ATL,CHC,ATL,Mon
ATL-CHC-2021-04-26,2,2021-04-27,ATL,CHC,ATL,Mon
ATL-CHC-2021-04-26,3,2021-04-28,ATL,CHC,ATL,Mon
ATL-CHC-2021-04-26,4,2021-04-29,ATL,CHC,CHC,Mon
ATL-CHC-2022-04-26,1,2022-04-26,ATL,CHC,ATL,Tue
ATL-CHC-2022-04-26,2,2022-04-27,ATL,CHC,CHC,Tue
ATL-CHC-2022-04-26,3,2022-04-28,ATL,CHC,ATL,Tue
CHC-ATL-2022-06-17,1,2022-06-17,CHC,ATL,CHC,Fri
CHC-ATL-2022-06-17,2,2022-06-18,CHC,ATL,CHC,Fri
CHC-ATL-2022-06-17,3,2022-06-19,CHC,ATL,ATL,Fri
CHC-ATL-2023-08-04,1,2023-08-04,CHC,ATL,ATL,Fri
CHC-ATL-2023-08-04,2,2023-08-05,CHC,ATL,CHC,Fri
CHC-ATL-2023-08-04,3,2023-08-06,CHC,ATL,CHC,Fri
ATL-CHC-2023-09-26,1,2023-09-26,ATL,CHC,ATL,Tue
ATL-CHC-2023-09-26,2,2023-09-27,ATL,CHC,ATL,Tue
ATL-CHC-2023-09-26,3,2023-09-28,ATL,CHC,ATL,Tue
ATL-CHC-2024-05-13,1,2024-05-13,ATL,CHC,ATL,Mon
ATL-CHC-2024-05-13,2,2024-05-14,ATL,CHC,ATL,Mon
ATL-CHC-2024-05-13,3,2024-05-15,ATL,CHC,CHC,Mon
CHC-ATL-2024-05-21,1,2024-05-21,CHC,ATL,CHC,Tue
CHC-ATL-2024-05-21,2,2024-05-22,CHC,ATL,ATL,Tue
CHC-ATL-2024-05-21,3,2024-05-23,CHC,ATL,ATL,Tue
PHI-STL-2021-04-16,1,2021-04-16,PHI,STL,PHI,Fri
PHI-STL-2021-04-16,2,2021-04-17,PHI,STL,STL,Fri
PHI-STL-2021-04-16,3,2021-04-18,PHI,STL,PHI,Fri
STL-PHI-2021-04-26,1,2021-04-26,STL,PHI,PHI,Mon
STL-PHI-2021-04-26,2,2021-04-27,STL,PHI,STL,Mon
STL-PHI-2021-04-26,3,2021-04-28,STL,PHI,PHI,Mon
STL-PHI-2021-04-26,4,2021-04-29,STL,PHI,STL,Mon
PHI-STL-2022-07-01,1,2022-07-01,PHI,STL,PHI,Fri
PHI-STL-2022-07-01,2,2022-07-02,PHI,STL,STL,Fri
PHI-STL-2022-07-01,3,2022-07-03,PHI,STL,PHI,Fri
STL-PHI-2022-07-08,1,2022-07-08,STL,PHI,PHI,Fri
STL-PHI-2022-07-08,2,2022-07-09,STL,PHI,PHI,Fri
STL-PHI-2022-07-08,3,2022-07-10,STL,PHI,STL,Fri
STL-PHI-2022-07-08,4,2022-07-11,STL,PHI,STL,Fri
PHI-STL-2023-08-25,1,2023-08-25,PHI,STL,PHI,Fri
PHI-STL-2023-08-25,2,2023-08-26,PHI,STL,PHI,Fri
PHI-STL-2023-08-25,3,2023-08-27,PHI,STL,PHI,Fri
STL-PHI-2023-09-15,1,2023-09-15,STL,PHI,PHI,Fri
STL-PHI-2023-09-15,2,2023-09-16,STL,PHI,PHI,Fri
STL-PHI-2023-09-15,3,2023-09-17,STL,PHI,STL,Fri
STL-PHI-2024-04-08,1,2024-04-08,STL,PHI,PHI,Mon
STL-PHI-2024-04-08,2,2024-04-09,STL,PHI,STL,Mon
STL-PHI-2024-04-08,3,2024-04-10,STL,PHI,PHI,Mon
PHI-STL-2024-05-31,1,2024-05-31,PHI,STL,PHI,Fri
PHI-STL-2024-05-31,2,2024-06-01,PHI,STL,PHI,Fri
PHI-STL-2024-05-31,3,2024-06-02,PHI,STL,STL,Fri
STL-PHI-2025-04-11,1,2025-04-11,STL,PHI,STL,Fri
STL-PHI-2025-04-11,2,2025-04-12,STL,PHI,PHI,Fri
STL-PHI-2025-04-11,3,2025-04-13,STL,PHI,STL,Fri
PHI-STL-2025-05-12,1,2025-05-12,PHI,STL,STL,Mon
PHI-STL-2025-05-12,2,2025-05-14,PHI,STL,PHI,Mon
MIA-SF-2021-04-16,1,2021-04-16,MIA,SF,MIA,Fri
MIA-SF-2021-04-16,2,2021-04-17,MIA,SF,MIA,Fri
MIA-SF-2021-04-16,3,2021-04-18,MIA,SF,SF,Fri
SF-MIA-2021-04-22,1,2021-04-22,SF,MIA,SF,Thu
SF-MIA-2021-04-22,2,2021-04-23,SF,MIA,SF,Thu
SF-MIA-2021-04-22,3,2021-04-24,SF,MIA,MIA,Thu
SF-MIA-2021-04-22,4,2021-04-25,SF,MIA,SF,Thu
SF-MIA-2022-04-08,1,2022-04-08,SF,MIA,SF,Fri
SF-MIA-2022-04-08,2,2022-04-09,SF,MIA,MIA,Fri
SF-MIA-2022-04-08,3,2022-04-10,SF,MIA,SF,Fri
MIA-SF-2022-06-02,1,2022-06-02,MIA,SF,MIA,Thu
MIA-SF-2022-06-02,2,2022-06-03,MIA,SF,SF,Thu
MIA-SF-2022-06-02,3,2022-06-04,MIA,SF,MIA,Thu
MIA-SF-2022-06-02,4,2022-06-05,MIA,SF,SF,Thu
MIA-SF-2023-04-17,1,2023-04-17,MIA,SF,MIA,Mon
MIA-SF-2023-04-17,2,2023-04-18,MIA,SF,MIA,Mon
MIA-SF-2023-04-17,3,2023-04-19,MIA,SF,SF,Mon
SF-MIA-2023-05-19,1,2023-05-19,SF,MIA,SF,Fri
SF-MIA-2023-05-19,2,2023-05-20,SF,MIA,MIA,Fri
SF-MIA-2023-05-19,3,2023-05-21,SF,MIA,SF,Fri
MIA-SF-2024-04-15,1,2024-04-15,MIA,SF,SF,Mon
MIA-SF-2024-04-15,2,2024-04-16,MIA,SF,MIA,Mon
MIA-SF-2024-04-15,3,2024-04-17,MIA,SF,SF,Mon
SF-MIA-2024-08-30,1,2024-08-30,SF,MIA,SF,Fri
SF-MIA-2024-08-30,2,2024-08-31,SF,MIA,MIA,Fri
SF-MIA-2024-08-30,3,2024-09-01,SF,MIA,MIA,Fri
MIA-SF-2025-05-30,1,2025-05-30,MIA,SF,SF,Fri
MIA-SF-2025-05-30,2,2025-05-31,MIA,SF,MIA,Fri
MIA-SF-2025-05-30,3,2025-06-01,MIA,SF,SF,Fri
SF-MIA-2025-06-24,1,2025-06-24,SF,MIA,MIA,Tue
SF-MIA-2025-06-24,2,2025-06-25,SF,MIA,MIA,Tue
SF-MIA-2025-06-24,3,2025-06-26,SF,MIA,MIA,Tue
TEX-BAL-2021-04-16,1,2021-04-16,TEX,BAL,BAL,Fri
TEX-BAL-2021-04-16,2,2021-04-17,TEX,BAL,BAL,Fri
TEX-BAL-2021-04-16,3,2021-04-18,TEX,BAL,TEX,Fri
BAL-TEX-2021-09-23,1,2021-09-23,BAL,TEX,BAL,Thu
BAL-TEX-2021-09-23,2,2021-09-25,BAL,TEX,BAL,Thu
BAL-TEX-2021-09-23,3,2021-09-26,BAL,TEX,TEX,Thu
BAL-TEX-2022-07-04,1,2022-07-04,BAL,TEX,BAL,Mon
BAL-TEX-2022-07-04,2,2022-07-05,BAL,TEX,BAL,Mon
BAL-TEX-2022-07-04,3,2022-07-06,BAL,TEX,BAL,Mon
TEX-BAL-2022-08-01,1,2022-08-01,TEX,BAL,BAL,Mon
TEX-BAL-2022-08-01,2,2022-08-02,TEX,BAL,BAL,Mon
TEX-BAL-2022-08-01,3,2022-08-03,TEX,BAL,BAL,Mon
TEX-BAL-2023-04-03,1,2023-04-03,TEX,BAL,BAL,Mon
TEX-BAL-2023-04-03,2,2023-04-04,TEX,BAL,BAL,Mon
TEX-BAL-2023-04-03,3,2023-04-05,TEX,BAL,TEX,Mon
BAL-TEX-2023-05-26,1,2023-05-26,BAL,TEX,TEX,Fri
BAL-TEX-2023-05-26,2,2023-05-27,BAL,TEX,TEX,Fri
BAL-TEX-2023-05-26,3,2023-05-28,BAL,TEX,BAL,Fri
BAL-TEX-2024-06-27,1,2024-06-27,BAL,TEX,BAL,Thu
BAL-TEX-2024-06-27,2,2024-06-28,BAL,TEX,BAL,Thu
BAL-TEX-2024-06-27,3,2024-06-29,BAL,TEX,BAL,Thu
BAL-TEX-2024-06-27,4,2024-06-30,BAL,TEX,TEX,Thu
TEX-BAL-2024-07-19,1,2024-07-19,TEX,BAL,BAL,Fri
TEX-BAL-2024-07-19,2,2024-07-20,TEX,BAL,BAL,Fri
TEX-BAL-2024-07-19,3,2024-07-21,TEX,BAL,TEX,Fri
BAL-TEX-2025-06-23,1,2025-06-23,BAL,TEX,BAL,Mon
BAL-TEX-2025-06-23,2,2025-06-24,BAL,TEX,TEX,Mon
BAL-TEX-2025-06-23,3,2025-06-25,BAL,TEX,TEX,Mon
TEX-BAL-2025-06-30,1,2025-06-30,TEX,BAL,BAL,Mon
TEX-BAL-2025-06-30,2,2025-07-01,TEX,BAL,TEX,Mon
TEX-BAL-2025-06-30,3,2025-07-02,TEX,BAL,TEX,Mon
MIL-PIT-2021-04-16,1,2021-04-16,MIL,PIT,PIT,Fri
MIL-PIT-2021-04-16,2,2021-04-17,MIL,PIT,MIL,Fri
MIL-PIT-2021-04-16,3,2021-04-18,MIL,PIT,PIT,Fri
MIL-PIT-2021-06-11,1,2021-06-11,MIL,PIT,MIL,Fri
MIL-PIT-2021-06-11,2,2021-06-12,MIL,PIT,MIL,Fri
MIL-PIT-2021-06-11,3,2021-06-13,MIL,PIT,MIL,Fri
PIT-MIL-2021-07-01,1,2021-07-01,PIT,MIL,MIL,Thu
PIT-MIL-2021-07-01,2,2021-07-02,PIT,MIL,MIL,Thu
PIT-MIL-2021-07-01,3,2021-07-03,PIT,MIL,MIL,Thu
PIT-MIL-2021-07-01,4,2021-07-04,PIT,MIL,PIT,Thu
PIT-MIL-2021-07-27,1,2021-07-27,PIT,MIL,MIL,Tue
PIT-MIL-2021-07-27,2,2021-07-28,PIT,MIL,MIL,Tue
PIT-MIL-2021-07-27,3,2021-07-29,PIT,MIL,MIL,Tue
MIL-PIT-2021-08-02,1,2021-08-02,MIL,PIT,MIL,Mon
MIL-PIT-2021-08-02,2,2021-08-03,MIL,PIT,PIT,Mon
MIL-PIT-2021-08-02,3,2021-08-04,MIL,PIT,MIL,Mon
PIT-MIL-2021-08-14,1,2021-08-14,PIT,MIL,PIT,Sat
PIT-MIL-2021-08-14,2,2021-08-15,PIT,MIL,MIL,Sat
MIL-PIT-2022-04-18,1,2022-04-18,MIL,PIT,MIL,Mon
MIL-PIT-2022-04-18,2,2022-04-19,MIL,PIT,MIL,Mon
MIL-PIT-2022-04-18,3,2022-04-20,MIL,PIT,MIL,Mon
PIT-MIL-2022-04-26,1,2022-04-26,PIT,MIL,MIL,Tue
PIT-MIL-2022-04-26,2,2022-04-27,PIT,MIL,MIL,Tue
PIT-MIL-2022-04-26,3,2022-04-28,PIT,MIL,MIL,Tue
PIT-MIL-2022-06-30,1,2022-06-30,PIT,MIL,PIT,Thu
PIT-MIL-2022-06-30,2,2022-07-01,PIT,MIL,MIL,Thu
PIT-MIL-2022-06-30,3,2022-07-02,PIT,MIL,PIT,Thu
PIT-MIL-2022-06-30,4,2022-07-03,PIT,MIL,MIL,Thu
MIL-PIT-2022-07-08,1,2022-07-08,MIL,PIT,MIL,Fri
MIL-PIT-2022-07-08,2,2022-07-09,MIL,PIT,PIT,Fri
MIL-PIT-2022-07-08,3,2022-07-10,MIL,PIT,PIT,Fri
PIT-MIL-2022-08-02,1,2022-08-02,PIT,MIL,PIT,Tue
PIT-MIL-2022-08-02,2,2022-08-03,PIT,MIL,PIT,Tue
PIT-MIL-2022-08-02,3,2022-08-04,PIT,MIL,PIT,Tue
MIL-PIT-2022-08-29,1,2022-08-29,MIL,PIT,MIL,Mon
MIL-PIT-2022-08-29,2,2022-08-30,MIL,PIT,PIT,Mon
MIL-PIT-2022-08-29,3,2022-08-31,MIL,PIT,MIL,Mon
MIL-PIT-2023-06-16,1,2023-06-16,MIL,PIT,MIL,Fri
MIL-PIT-2023-06-16,2,2023-06-17,MIL,PIT,MIL,Fri
MIL-PIT-2023-06-16,3,2023-06-18,MIL,PIT,MIL,Fri
PIT-MIL-2023-06-30,1,2023-06-30,PIT,MIL,PIT,Fri
PIT-MIL-2023-06-30,2,2023-07-01,PIT,MIL,MIL,Fri
PIT-MIL-2023-06-30,3,2023-07-02,PIT,MIL,MIL,Fri
MIL-PIT-2023-08-03,1,2023-08-03,MIL,PIT,MIL,Thu
MIL-PIT-2023-08-03,2,2023-08-04,MIL,PIT,PIT,Thu
MIL-PIT-2023-08-03,3,2023-08-05,MIL,PIT,MIL,Thu
MIL-PIT-2023-08-03,4,2023-08-06,MIL,PIT,PIT,Thu
PIT-MIL-2023-09-04,1,2023-09-04,PIT,MIL,PIT,Mon
PIT-MIL-2023-09-04,2,2023-09-05,PIT,MIL,MIL,Mon
PIT-MIL-2023-09-04,3,2023-09-06,PIT,MIL,PIT,Mon
PIT-MIL-2024-04-22,1,2024-04-22,PIT,MIL,PIT,Mon
PIT-MIL-2024-04-22,2,2024-04-23,PIT,MIL,PIT,Mon
PIT-MIL-2024-04-22,3,2024-04-24,PIT,MIL,MIL,Mon
PIT-MIL-2024-04-22,4,2024-04-25,PIT,MIL,MIL,Mon
MIL-PIT-2024-05-13,1,2024-05-13,MIL,PIT,PIT,Mon
MIL-PIT-2024-05-13,2,2024-05-14,MIL,PIT,MIL,Mon
MIL-PIT-2024-05-13,3,2024-05-15,MIL,PIT,MIL,Mon
MIL-PIT-2024-07-09,1,2024-07-09,MIL,PIT,PIT,Tue
MIL-PIT-2024-07-09,2,2024-07-10,MIL,PIT,MIL,Tue
MIL-PIT-2024-07-09,3,2024-07-11,MIL,PIT,PIT,Tue
PIT-MIL-2024-09-24,1,2024-09-24,PIT,MIL,MIL,Tue
PIT-MIL-2024-09-24,2,2024-09-25,PIT,MIL,PIT,Tue
PIT-MIL-2024-09-24,3,2024-09-26,PIT,MIL,MIL,Tue
PIT-MIL-2025-05-22,1,2025-05-22,PIT,MIL,MIL,Thu
PIT-MIL-2025-05-22,2,2025-05-23,PIT,MIL,PIT,Thu
PIT-MIL-2025-05-22,3,2025-05-24,PIT,MIL,PIT,Thu
PIT-MIL-2025-05-22,4,2025-05-25,PIT,MIL,MIL,Thu
MIL-PIT-2025-06-23,1,2025-06-23,MIL,PIT,PIT,Mon
MIL-PIT-2025-06-23,2,2025-06-24,MIL,PIT,MIL,Mon
MIL-PIT-2025-06-23,3,2025-06-25,MIL,PIT,MIL,Mon
MIL-PIT-2025-08-11,1,2025-08-11,MIL,PIT,MIL,Mon
MIL-PIT-2025-08-11,2,2025-08-12,MIL,PIT,MIL,Mon
MIL-PIT-2025-08-11,3,2025-08-13,MIL,PIT,MIL,Mon
LAA-MIN-2021-04-16,1,2021-04-16,LAA,MIN,LAA,Fri
LAA-MIN-2021-05-20,1,2021-05-20,LAA,MIN,LAA,Thu
MIN-LAA-2021-07-22,1,2021-07-22,MIN,LAA,LAA,Thu
MIN-LAA-2021-07-22,2,2021-07-23,MIN,LAA,MIN,Thu
MIN-LAA-2021-07-22,3,2021-07-24,MIN,LAA,LAA,Thu
MIN-LAA-2021-07-22,4,2021-07-25,MIN,LAA,LAA,Thu
LAA-MIN-2022-08-12,1,2022-08-12,LAA,MIN,MIN,Fri
LAA-MIN-2022-08-12,2,2022-08-13,LAA,MIN,LAA,Fri
LAA-MIN-2022-08-12,3,2022-08-14,LAA,MIN,LAA,Fri
MIN-LAA-2022-09-23,1,2022-09-23,MIN,LAA,LAA,Fri
MIN-LAA-2022-09-23,2,2022-09-24,MIN,LAA,MIN,Fri
MIN-LAA-2022-09-23,3,2022-09-25,MIN,LAA,LAA,Fri
LAA-MIN-2023-05-19,1,2023-05-19,LAA,MIN,LAA,Fri
LAA-MIN-2023-05-19,2,2023-05-20,LAA,MIN,MIN,Fri
LAA-MIN-2023-05-19,3,2023-05-21,LAA,MIN,LAA,Fri
MIN-LAA-2023-09-22,1,2023-09-22,MIN,LAA,MIN,Fri
MIN-LAA-2023-09-22,2,2023-09-23,MIN,LAA,LAA,Fri
MIN-LAA-2023-09-22,3,2023-09-24,MIN,LAA,MIN,Fri
LAA-MIN-2024-04-26,1,2024-04-26,LAA,MIN,MIN,Fri
LAA-MIN-2024-04-26,2,2024-04-27,LAA,MIN,MIN,Fri
LAA-MIN-2024-04-26,3,2024-04-28,LAA,MIN,MIN,Fri
MIN-LAA-2024-09-09,1,2024-09-09,MIN,LAA,LAA,Mon
MIN-LAA-2024-09-09,2,2024-09-10,MIN,LAA,MIN,Mon
MIN-LAA-2024-09-09,3,2024-09-11,MIN,LAA,MIN,Mon
MIN-LAA-2025-04-25,1,2025-04-25,MIN,LAA,MIN,Fri
MIN-LAA-2025-04-25,2,2025-04-26,MIN,LAA,MIN,Fri
MIN-LAA-2025-04-25,3,2025-04-27,MIN,LAA,MIN,Fri
SD-LAD-2021-04-16,1,2021-04-16,SD,LAD,LAD,Fri
SD-LAD-2021-04-16,2,2021-04-17,SD,LAD,LAD,Fri
SD-LAD-2021-04-16,3,2021-04-18,SD,LAD,SD,Fri
LAD-SD-2021-04-22,1,2021-04-22,LAD,SD,SD,Thu
LAD-SD-2021-04-22,2,2021-04-23,LAD,SD,SD,Thu
LAD-SD-2021-04-22,3,2021-04-24,LAD,SD,LAD,Thu
LAD-SD-2021-04-22,4,2021-04-25,LAD,SD,SD,Thu
SD-LAD-2021-06-21,1,2021-06-21,SD,LAD,SD,Mon
SD-LAD-2021-06-21,2,2021-06-22,SD,LAD,SD,Mon
SD-LAD-2021-06-21,3,2021-06-23,SD,LAD,SD,Mon
SD-LAD-2021-08-24,1,2021-08-24,SD,LAD,LAD,Tue
SD-LAD-2021-08-24,2,2021-08-25,SD,LAD,LAD,Tue
SD-LAD-2021-08-24,3,2021-08-26,SD,LAD,LAD,Tue
LAD-SD-2021-09-10,1,2021-09-10,LAD,SD,LAD,Fri
LAD-SD-2021-09-10,2,2021-09-11,LAD,SD,LAD,Fri
LAD-SD-2021-09-10,3,2021-09-12,LAD,SD,LAD,Fri
LAD-SD-2021-09-28,1,2021-09-28,LAD,SD,LAD,Tue
LAD-SD-2021-09-28,2,2021-09-29,LAD,SD,LAD,Tue
LAD-SD-2021-09-28,3,2021-09-30,LAD,SD,LAD,Tue
SD-LAD-2022-04-22,1,2022-04-22,SD,LAD,LAD,Fri
SD-LAD-2022-04-22,2,2022-04-23,SD,LAD,SD,Fri
SD-LAD-2022-04-22,3,2022-04-24,SD,LAD,LAD,Fri
LAD-SD-2022-06-30,1,2022-06-30,LAD,SD,LAD,Thu
LAD-SD-2022-06-30,2,2022-07-01,LAD,SD,LAD,Thu
LAD-SD-2022-06-30,3,2022-07-02,LAD,SD,LAD,Thu
LAD-SD-2022-06-30,4,2022-07-03,LAD,SD,SD,Thu
LAD-SD-2022-08-05,1,2022-08-05,LAD,SD,LAD,Fri
LAD-SD-2022-08-05,2,2022-08-06,LAD,SD,LAD,Fri
LAD-SD-2022-08-05,3,2022-08-07,LAD,SD,LAD,Fri
LAD-SD-2022-09-02,1,2022-09-02,LAD,SD,SD,Fri
LAD-SD-2022-09-02,2,2022-09-03,LAD,SD,LAD,Fri
LAD-SD-2022-09-02,3,2022-09-04,LAD,SD,LAD,Fri
SD-LAD-2022-09-09,1,2022-09-09,SD,LAD,SD,Fri
SD-LAD-2022-09-09,2,2022-09-10,SD,LAD,LAD,Fri
SD-LAD-2022-09-09,3,2022-09-11,SD,LAD,LAD,Fri
SD-LAD-2022-09-27,1,2022-09-27,SD,LAD,SD,Tue
SD-LAD-2022-09-27,2,2022-09-28,SD,LAD,LAD,Tue
SD-LAD-2022-09-27,3,2022-09-29,SD,LAD,LAD,Tue
SD-LAD-2023-05-05,1,2023-05-05,SD,LAD,SD,Fri
SD-LAD-2023-05-05,2,2023-05-06,SD,LAD,LAD,Fri
SD-LAD-2023-05-05,3,2023-05-07,SD,LAD,LAD,Fri
LAD-SD-2023-05-12,1,2023-05-12,LAD,SD,LAD,Fri
LAD-SD-2023-05-12,2,2023-05-13,LAD,SD,LAD,Fri
LAD-SD-2023-05-12,3,2023-05-14,LAD,SD,LAD,Fri
SD-LAD-2023-08-04,1,2023-08-04,SD,LAD,LAD,Fri
SD-LAD-2023-08-04,2,2023-08-05,SD,LAD,SD,Fri
SD-LAD-2023-08-04,3,2023-08-06,SD,LAD,LAD,Fri
SD-LAD-2023-08-04,4,2023-08-07,SD,LAD,LAD,Fri
LAD-SD-2023-09-11,1,2023-09-11,LAD,SD,SD,Mon
LAD-SD-2023-09-11,2,2023-09-12,LAD,SD,LAD,Mon
LAD-SD-2023-09-11,3,2023-09-13,LAD,SD,SD,Mon
SD-LAD-2024-03-20,1,2024-03-20,SD,LAD,LAD,Wed
LAD-SD-2024-03-21,1,2024-03-21,LAD,SD,SD,Thu
LAD-SD-2024-04-12,1,2024-04-12,LAD,SD,SD,Fri
LAD-SD-2024-04-12,2,2024-04-13,LAD,SD,LAD,Fri
LAD-SD-2024-04-12,3,2024-04-14,LAD,SD,SD,Fri
SD-LAD-2024-05-10,1,2024-05-10,SD,LAD,SD,Fri
SD-LAD-2024-05-10,2,2024-05-11,SD,LAD,LAD,Fri
SD-LAD-2024-05-10,3,2024-05-12,SD,LAD,SD,Fri
SD-LAD-2024-07-30,1,2024-07-30,SD,LAD,SD,Tue
SD-LAD-2024-07-30,2,2024-07-31,SD,LAD,SD,Tue
LAD-SD-2024-09-24,1,2024-09-24,LAD,SD,SD,Tue
LAD-SD-2024-09-24,2,2024-09-25,LAD,SD,LAD,Tue
LAD-SD-2024-09-24,3,2024-09-26,LAD,SD,LAD,Tue
SD-LAD-2025-06-09,1,2025-06-09,SD,LAD,LAD,Mon
SD-LAD-2025-06-09,2,2025-06-10,SD,LAD,SD,Mon
SD-LAD-2025-06-09,3,2025-06-11,SD,LAD,LAD,Mon
LAD-SD-2025-06-16,1,2025-06-16,LAD,SD,LAD,Mon
LAD-SD-2025-06-16,2,2025-06-17,LAD,SD,LAD,Mon
LAD-SD-2025-06-16,3,2025-06-18,LAD,SD,LAD,Mon
LAD-SD-2025-06-16,4,2025-06-19,LAD,SD,SD,Mon
LAD-SD-2025-08-15,1,2025-08-15,LAD,SD,LAD,Fri
LAD-SD-2025-08-15,2,2025-08-16,LAD,SD,LAD,Fri
SEA-HOU-2021-04-16,1,2021-04-16,SEA,HOU,SEA,Fri
SEA-HOU-2021-04-16,2,2021-04-17,SEA,HOU,HOU,Fri
SEA-HOU-2021-04-16,3,2021-04-18,SEA,HOU,SEA,Fri
HOU-SEA-2021-04-26,1,2021-04-26,HOU,SEA,HOU,Mon
HOU-SEA-2021-04-26,2,2021-04-27,HOU,SEA,HOU,Mon
HOU-SEA-2021-04-26,3,2021-04-28,HOU,SEA,HOU,Mon
HOU-SEA-2021-04-26,4,2021-04-29,HOU,SEA,SEA,Mon
SEA-HOU-2021-07-26,1,2021-07-26,SEA,HOU,SEA,Mon
SEA-HOU-2021-07-26,2,2021-07-27,SEA,HOU,HOU,Mon
SEA-HOU-2021-07-26,3,2021-07-28,SEA,HOU,HOU,Mon
HOU-SEA-2021-08-20,1,2021-08-20,HOU,SEA,HOU,Fri
HOU-SEA-2021-08-20,2,2021-08-21,HOU,SEA,HOU,Fri
HOU-SEA-2021-08-20,3,2021-08-22,HOU,SEA,SEA,Fri
SEA-HOU-2021-08-30,1,2021-08-30,SEA,HOU,HOU,Mon
SEA-HOU-2021-08-30,2,2021-08-31,SEA,HOU,SEA,Mon
SEA-HOU-2021-08-30,3,2021-09-01,SEA,HOU,SEA,Mon
HOU-SEA-2021-09-06,1,2021-09-06,HOU,SEA,HOU,Mon
HOU-SEA-2021-09-06,2,2021-09-07,HOU,SEA,HOU,Mon
HOU-SEA-2021-09-06,3,2021-09-08,HOU,SEA,SEA,Mon
SEA-HOU-2022-04-15,1,2022-04-15,SEA,HOU,SEA,Fri
SEA-HOU-2022-04-15,2,2022-04-16,SEA,HOU,HOU,Fri
SEA-HOU-2022-04-15,3,2022-04-17,SEA,HOU,SEA,Fri
HOU-SEA-2022-05-02,1,2022-05-02,HOU,SEA,HOU,Mon
HOU-SEA-2022-05-02,2,2022-05-03,HOU,SEA,HOU,Mon
HOU-SEA-2022-05-02,3,2022-05-04,HOU,SEA,HOU,Mon
SEA-HOU-2022-05-27,1,2022-05-27,SEA,HOU,SEA,Fri
SEA-HOU-2022-05-27,2,2022-05-28,SEA,HOU,SEA,Fri
SEA-HOU-2022-05-27,3,2022-05-29,SEA,HOU,HOU,Fri
HOU-SEA-2022-06-06,1,2022-06-06,HOU,SEA,SEA,Mon
HOU-SEA-2022-06-06,2,2022-06-07,HOU,SEA,HOU,Mon
HOU-SEA-2022-06-06,3,2022-06-08,HOU,SEA,SEA,Mon
SEA-HOU-2022-07-22,1,2022-07-22,SEA,HOU,HOU,Fri
SEA-HOU-2022-07-22,2,2022-07-23,SEA,HOU,HOU,Fri
SEA-HOU-2022-07-22,3,2022-07-24,SEA,HOU,HOU,Fri
HOU-SEA-2022-07-28,1,2022-07-28,HOU,SEA,HOU,Thu
HOU-SEA-2022-07-28,2,2022-07-29,HOU,SEA,HOU,Thu
HOU-SEA-2022-07-28,3,2022-07-30,HOU,SEA,SEA,Thu
HOU-SEA-2022-07-28,4,2022-07-31,HOU,SEA,HOU,Thu
SEA-HOU-2023-05-05,1,2023-05-05,SEA,HOU,HOU,Fri
SEA-HOU-2023-05-05,2,2023-05-06,SEA,HOU,SEA,Fri
SEA-HOU-2023-05-05,3,2023-05-07,SEA,HOU,SEA,Fri
HOU-SEA-2023-07-06,1,2023-07-06,HOU,SEA,SEA,Thu
HOU-SEA-2023-07-06,2,2023-07-07,HOU,SEA,SEA,Thu
HOU-SEA-2023-07-06,3,2023-07-08,HOU,SEA,HOU,Thu
HOU-SEA-2023-07-06,4,2023-07-09,HOU,SEA,SEA,Thu
HOU-SEA-2023-08-18,1,2023-08-18,HOU,SEA,SEA,Fri
HOU-SEA-2023-08-18,2,2023-08-19,HOU,SEA,SEA,Fri
HOU-SEA-2023-08-18,3,2023-08-20,HOU,SEA,SEA,Fri
SEA-HOU-2023-09-25,1,2023-09-25,SEA,HOU,HOU,Mon
SEA-HOU-2023-09-25,2,2023-09-26,SEA,HOU,SEA,Mon
SEA-HOU-2023-09-25,3,2023-09-27,SEA,HOU,HOU,Mon
HOU-SEA-2024-05-03,1,2024-05-03,HOU,SEA,HOU,Fri
HOU-SEA-2024-05-03,2,2024-05-04,HOU,SEA,SEA,Fri
HOU-SEA-2024-05-03,3,2024-05-05,HOU,SEA,SEA,Fri
SEA-HOU-2024-05-27,1,2024-05-27,SEA,HOU,SEA,Mon
SEA-HOU-2024-05-27,2,2024-05-28,SEA,HOU,SEA,Mon
SEA-HOU-2024-05-27,3,2024-05-29,SEA,HOU,SEA,Mon
SEA-HOU-2024-05-27,4,2024-05-30,SEA,HOU,HOU,Mon
SEA-HOU-2024-07-19,1,2024-07-19,SEA,HOU,HOU,Fri
SEA-HOU-2024-07-19,2,2024-07-20,SEA,HOU,HOU,Fri
SEA-HOU-2024-07-19,3,2024-07-21,SEA,HOU,SEA,Fri
HOU-SEA-2024-09-23,1,2024-09-23,HOU,SEA,SEA,Mon
HOU-SEA-2024-09-23,2,2024-09-24,HOU,SEA,HOU,Mon
HOU-SEA-2024-09-23,3,2024-09-25,HOU,SEA,SEA,Mon
SEA-HOU-2025-04-07,1,2025-04-07,SEA,HOU,SEA,Mon
SEA-HOU-2025-04-07,2,2025-04-08,SEA,HOU,HOU,Mon
SEA-HOU-2025-04-07,3,2025-04-09,SEA,HOU,SEA,Mon
HOU-SEA-2025-05-22,1,2025-05-22,HOU,SEA,HOU,Thu
HOU-SEA-2025-05-22,2,2025-05-23,HOU,SEA,SEA,Thu
HOU-SEA-2025-05-22,3,2025-05-24,HOU,SEA,HOU,Thu
HOU-SEA-2025-05-22,4,2025-05-25,HOU,SEA,HOU,Thu
SEA-HOU-2025-07-18,1,2025-07-18,SEA,HOU,SEA,Fri
SEA-HOU-2025-07-18,2,2025-07-19,SEA,HOU,SEA,Fri
SEA-HOU-2025-07-18,3,2025-07-20,SEA,HOU,HOU,Fri
BOS-CHW-2021-04-17,1,2021-04-17,BOS,CHW,BOS,Sat
BOS-CHW-2021-04-17,2,2021-04-18,BOS,CHW,CHW,Sat
BOS-CHW-2021-04-17,3,2021-04-19,BOS,CHW,BOS,Sat
CHW-BOS-2021-09-10,1,2021-09-10,CHW,BOS,CHW,Fri
CHW-BOS-2021-09-10,2,2021-09-11,CHW,BOS,BOS,Fri
CHW-BOS-2021-09-10,3,2021-09-12,CHW,BOS,CHW,Fri
BOS-CHW-2022-05-06,1,2022-05-06,BOS,CHW,CHW,Fri
BOS-CHW-2022-05-06,2,2022-05-07,BOS,CHW,CHW,Fri
BOS-CHW-2022-05-06,3,2022-05-08,BOS,CHW,CHW,Fri
CHW-BOS-2022-05-24,1,2022-05-24,CHW,BOS,BOS,Tue
CHW-BOS-2022-05-24,2,2022-05-25,CHW,BOS,CHW,Tue
CHW-BOS-2022-05-24,3,2022-05-26,CHW,BOS,BOS,Tue
CHW-BOS-2023-06-23,1,2023-06-23,CHW,BOS,BOS,Fri
CHW-BOS-2023-06-23,2,2023-06-24,CHW,BOS,CHW,Fri
CHW-BOS-2023-06-23,3,2023-06-25,CHW,BOS,CHW,Fri
BOS-CHW-2023-09-22,1,2023-09-22,BOS,CHW,BOS,Fri
BOS-CHW-2023-09-22,2,2023-09-23,BOS,CHW,CHW,Fri
BOS-CHW-2023-09-22,3,2023-09-24,BOS,CHW,CHW,Fri
CHW-BOS-2024-06-06,1,2024-06-06,CHW,BOS,BOS,Thu
CHW-BOS-2024-06-06,2,2024-06-07,CHW,BOS,CHW,Thu
CHW-BOS-2024-06-06,3,2024-06-08,CHW,BOS,CHW,Thu
CHW-BOS-2024-06-06,4,2024-06-09,CHW,BOS,BOS,Thu
BOS-CHW-2024-09-06,1,2024-09-06,BOS,CHW,BOS,Fri
BOS-CHW-2024-09-06,2,2024-09-07,BOS,CHW,BOS,Fri
BOS-CHW-2024-09-06,3,2024-09-08,BOS,CHW,CHW,Fri
CHW-BOS-2025-04-11,1,2025-04-11,CHW,BOS,CHW,Fri
CHW-BOS-2025-04-11,2,2025-04-12,CHW,BOS,CHW,Fri
CHW-BOS-2025-04-11,3,2025-04-13,CHW,BOS,BOS,Fri
BOS-CHW-2025-04-18,1,2025-04-18,BOS,CHW,BOS,Fri
BOS-CHW-2025-04-18,2,2025-04-19,BOS,CHW,BOS,Fri
BOS-CHW-2025-04-18,3,2025-04-20,BOS,CHW,CHW,Fri
BOS-CHW-2025-04-18,4,2025-04-21,BOS,CHW,BOS,Fri
COL-NYM-2021-04-17,1,2021-04-17,COL,NYM,NYM,Sat
COL-NYM-2021-04-17,2,2021-04-18,COL,NYM,NYM,Sat
NYM-COL-2021-05-24,1,2021-05-24,NYM,COL,COL,Mon
NYM-COL-2021-05-24,2,2021-05-25,NYM,COL,NYM,Mon
NYM-COL-2021-05-24,3,2021-05-27,NYM,COL,NYM,Mon
COL-NYM-2022-05-21,1,2022-05-21,COL,NYM,NYM,Sat
COL-NYM-2022-05-21,2,2022-05-22,COL,NYM,NYM,Sat
NYM-COL-2022-08-25,1,2022-08-25,NYM,COL,NYM,Thu
NYM-COL-2022-08-25,2,2022-08-26,NYM,COL,NYM,Thu
NYM-COL-2022-08-25,3,2022-08-27,NYM,COL,NYM,Thu
NYM-COL-2022-08-25,4,2022-08-28,NYM,COL,COL,Thu
NYM-COL-2023-05-05,1,2023-05-05,NYM,COL,NYM,Fri
NYM-COL-2023-05-05,2,2023-05-06,NYM,COL,COL,Fri
NYM-COL-2023-05-05,3,2023-05-07,NYM,COL,COL,Fri
COL-NYM-2023-05-26,1,2023-05-26,COL,NYM,NYM,Fri
COL-NYM-2023-05-26,2,2023-05-27,COL,NYM,COL,Fri
COL-NYM-2023-05-26,3,2023-05-28,COL,NYM,COL,Fri
NYM-COL-2024-07-12,1,2024-07-12,NYM,COL,NYM,Fri
NYM-COL-2024-07-12,2,2024-07-13,NYM,COL,NYM,Fri
NYM-COL-2024-07-12,3,2024-07-14,NYM,COL,COL,Fri
COL-NYM-2024-08-06,1,2024-08-06,COL,NYM,COL,Tue
COL-NYM-2024-08-06,2,2024-08-07,COL,NYM,NYM,Tue
COL-NYM-2024-08-06,3,2024-08-08,COL,NYM,NYM,Tue
NYM-COL-2025-05-30,1,2025-05-30,NYM,COL,NYM,Fri
NYM-COL-2025-05-30,2,2025-05-31,NYM,COL,NYM,Fri
NYM-COL-2025-05-30,3,2025-06-01,NYM,COL,NYM,Fri
COL-NYM-2025-06-06,1,2025-06-06,COL,NYM,NYM,Fri
COL-NYM-2025-06-06,2,2025-06-07,COL,NYM,NYM,Fri
COL-NYM-2025-06-06,3,2025-06-08,COL,NYM,NYM,Fri
PHI-SF-2021-04-19,1,2021-04-19,PHI,SF,SF,Mon
PHI-SF-2021-04-19,2,2021-04-20,PHI,SF,SF,Mon
PHI-SF-2021-04-19,3,2021-04-21,PHI,SF,PHI,Mon
SF-PHI-2021-06-18,1,2021-06-18,SF,PHI,SF,Fri
SF-PHI-2021-06-18,2,2021-06-19,SF,PHI,PHI,Fri
SF-PHI-2021-06-18,3,2021-06-20,SF,PHI,SF,Fri
PHI-SF-2022-05-30,1,2022-05-30,PHI,SF,SF,Mon
PHI-SF-2022-05-30,2,2022-05-31,PHI,SF,SF,Mon
PHI-SF-2022-05-30,3,2022-06-01,PHI,SF,PHI,Mon
SF-PHI-2022-09-02,1,2022-09-02,SF,PHI,SF,Fri
SF-PHI-2022-09-02,2,2022-09-03,SF,PHI,SF,Fri
SF-PHI-2022-09-02,3,2022-09-04,SF,PHI,SF,Fri
SF-PHI-2023-05-15,1,2023-05-15,SF,PHI,SF,Mon
SF-PHI-2023-05-15,2,2023-05-16,SF,PHI,SF,Mon
SF-PHI-2023-05-15,3,2023-05-17,SF,PHI,SF,Mon
PHI-SF-2023-08-21,1,2023-08-21,PHI,SF,PHI,Mon
PHI-SF-2023-08-21,2,2023-08-22,PHI,SF,PHI,Mon
PHI-SF-2023-08-21,3,2023-08-23,PHI,SF,SF,Mon
PHI-SF-2024-05-03,1,2024-05-03,PHI,SF,PHI,Fri
PHI-SF-2024-05-03,2,2024-05-04,PHI,SF,PHI,Fri
PHI-SF-2024-05-03,3,2024-05-05,PHI,SF,PHI,Fri
PHI-SF-2024-05-03,4,2024-05-06,PHI,SF,PHI,Fri
SF-PHI-2024-05-27,1,2024-05-27,SF,PHI,SF,Mon
SF-PHI-2024-05-27,2,2024-05-28,SF,PHI,SF,Mon
SF-PHI-2024-05-27,3,2024-05-29,SF,PHI,PHI,Mon
PHI-SF-2025-04-14,1,2025-04-14,PHI,SF,SF,Mon
PHI-SF-2025-04-14,2,2025-04-15,PHI,SF,PHI,Mon
PHI-SF-2025-04-14,3,2025-04-16,PHI,SF,SF,Mon
PHI-SF-2025-04-14,4,2025-04-17,PHI,SF,PHI,Mon
SF-PHI-2025-07-07,1,2025-07-07,SF,PHI,SF,Mon
SF-PHI-2025-07-07,2,2025-07-08,SF,PHI,SF,Mon
SF-PHI-2025-07-07,3,2025-07-09,SF,PHI,PHI,Mon
KC-TB-2021-04-19,1,2021-04-19,KC,TB,TB,Mon
KC-TB-2021-04-19,2,2021-04-20,KC,TB,TB,Mon
KC-TB-2021-04-19,3,2021-04-21,KC,TB,KC,Mon
TB-KC-2021-05-25,1,2021-05-25,TB,KC,KC,Tue
TB-KC-2021-05-25,2,2021-05-26,TB,KC,TB,Tue
TB-KC-2021-05-25,3,2021-05-27,TB,KC,TB,Tue
KC-TB-2022-07-22,1,2022-07-22,KC,TB,TB,Fri
KC-TB-2022-07-22,2,2022-07-23,KC,TB,KC,Fri
KC-TB-2022-07-22,3,2022-07-24,KC,TB,KC,Fri
TB-KC-2022-08-18,1,2022-08-18,TB,KC,TB,Thu
TB-KC-2022-08-18,2,2022-08-19,TB,KC,KC,Thu
TB-KC-2022-08-18,3,2022-08-20,TB,KC,TB,Thu
TB-KC-2022-08-18,4,2022-08-21,TB,KC,TB,Thu
TB-KC-2023-06-22,1,2023-06-22,TB,KC,KC,Thu
TB-KC-2023-06-22,2,2023-06-23,TB,KC,TB,Thu
TB-KC-2023-06-22,3,2023-06-24,TB,KC,KC,Thu
TB-KC-2023-06-22,4,2023-06-25,TB,KC,TB,Thu
KC-TB-2023-07-15,1,2023-07-15,KC,TB,TB,Sat
KC-TB-2023-07-15,2,2023-07-16,KC,TB,KC,Sat
TB-KC-2024-05-24,1,2024-05-24,TB,KC,KC,Fri
TB-KC-2024-05-24,2,2024-05-25,TB,KC,KC,Fri
TB-KC-2024-05-24,3,2024-05-26,TB,KC,TB,Fri
KC-TB-2024-07-02,1,2024-07-02,KC,TB,TB,Tue
KC-TB-2024-07-02,2,2024-07-03,KC,TB,KC,Tue
KC-TB-2024-07-02,3,2024-07-04,KC,TB,TB,Tue
TB-KC-2025-04-29,1,2025-04-29,TB,KC,KC,Tue
TB-KC-2025-04-29,2,2025-04-30,TB,KC,KC,Tue
TB-KC-2025-04-29,3,2025-05-01,TB,KC,KC,Tue
KC-TB-2025-06-24,1,2025-06-24,KC,TB,TB,Tue
KC-TB-2025-06-24,2,2025-06-25,KC,TB,TB,Tue
KC-TB-2025-06-24,3,2025-06-26,KC,TB,TB,Tue
LAA-TEX-2021-04-19,1,2021-04-19,LAA,TEX,TEX,Mon
LAA-TEX-2021-04-19,2,2021-04-20,LAA,TEX,LAA,Mon
LAA-TEX-2021-04-19,3,2021-04-21,LAA,TEX,TEX,Mon
TEX-LAA-2021-04-26,1,2021-04-26,TEX,LAA,LAA,Mon
TEX-LAA-2021-04-26,2,2021-04-27,TEX,LAA,TEX,Mon
TEX-LAA-2021-04-26,3,2021-04-28,TEX,LAA,LAA,Mon
LAA-TEX-2021-05-25,1,2021-05-25,LAA,TEX,LAA,Tue
LAA-TEX-2021-05-25,2,2021-05-26,LAA,TEX,LAA,Tue
TEX-LAA-2021-08-02,1,2021-08-02,TEX,LAA,TEX,Mon
TEX-LAA-2021-08-02,2,2021-08-03,TEX,LAA,LAA,Mon
TEX-LAA-2021-08-02,3,2021-08-04,TEX,LAA,LAA,Mon
TEX-LAA-2021-08-02,4,2021-08-05,TEX,LAA,LAA,Mon
LAA-TEX-2021-09-03,1,2021-09-03,LAA,TEX,LAA,Fri
LAA-TEX-2021-09-03,2,2021-09-04,LAA,TEX,LAA,Fri
LAA-TEX-2021-09-03,3,2021-09-05,LAA,TEX,TEX,Fri
LAA-TEX-2021-09-03,4,2021-09-06,LAA,TEX,TEX,Fri
TEX-LAA-2021-09-28,1,2021-09-28,TEX,LAA,TEX,Tue
TEX-LAA-2021-09-28,2,2021-09-29,TEX,LAA,LAA,Tue
TEX-LAA-2021-09-28,3,2021-09-30,TEX,LAA,TEX,Tue
TEX-LAA-2022-04-14,1,2022-04-14,TEX,LAA,TEX,Thu
TEX-LAA-2022-04-14,2,2022-04-15,TEX,LAA,LAA,Thu
TEX-LAA-2022-04-14,3,2022-04-16,TEX,LAA,LAA,Thu
TEX-LAA-2022-04-14,4,2022-04-17,TEX,LAA,LAA,Thu
TEX-LAA-2022-05-16,1,2022-05-16,TEX,LAA,TEX,Mon
TEX-LAA-2022-05-16,2,2022-05-17,TEX,LAA,TEX,Mon
TEX-LAA-2022-05-16,3,2022-05-18,TEX,LAA,TEX,Mon
LAA-TEX-2022-05-24,1,2022-05-24,LAA,TEX,LAA,Tue
LAA-TEX-2022-05-24,2,2022-05-25,LAA,TEX,TEX,Tue
LAA-TEX-2022-07-28,1,2022-07-28,LAA,TEX,TEX,Thu
LAA-TEX-2022-07-28,2,2022-07-29,LAA,TEX,TEX,Thu
LAA-TEX-2022-07-28,3,2022-07-30,LAA,TEX,LAA,Thu
LAA-TEX-2022-07-28,4,2022-07-31,LAA,TEX,TEX,Thu
TEX-LAA-2022-09-20,1,2022-09-20,TEX,LAA,LAA,Tue
TEX-LAA-2022-09-20,2,2022-09-21,TEX,LAA,TEX,Tue
TEX-LAA-2022-09-20,3,2022-09-22,TEX,LAA,TEX,Tue
LAA-TEX-2022-09-30,1,2022-09-30,LAA,TEX,LAA,Fri
LAA-TEX-2022-09-30,2,2022-10-01,LAA,TEX,LAA,Fri
LAA-TEX-2022-09-30,3,2022-10-02,LAA,TEX,LAA,Fri
LAA-TEX-2023-05-05,1,2023-05-05,LAA,TEX,LAA,Fri
LAA-TEX-2023-05-05,2,2023-05-06,LAA,TEX,TEX,Fri
LAA-TEX-2023-05-05,3,2023-05-07,LAA,TEX,TEX,Fri
TEX-LAA-2023-06-12,1,2023-06-12,TEX,LAA,LAA,Mon
TEX-LAA-2023-06-12,2,2023-06-13,TEX,LAA,LAA,Mon
TEX-LAA-2023-06-12,3,2023-06-14,TEX,LAA,TEX,Mon
TEX-LAA-2023-06-12,4,2023-06-15,TEX,LAA,LAA,Mon
TEX-LAA-2023-08-14,1,2023-08-14,TEX,LAA,TEX,Mon
TEX-LAA-2023-08-14,2,2023-08-15,TEX,LAA,TEX,Mon
TEX-LAA-2023-08-14,3,2023-08-16,TEX,LAA,LAA,Mon
LAA-TEX-2023-09-25,1,2023-09-25,LAA,TEX,TEX,Mon
LAA-TEX-2023-09-25,2,2023-09-26,LAA,TEX,LAA,Mon
LAA-TEX-2023-09-25,3,2023-09-27,LAA,TEX,TEX,Mon
TEX-LAA-2024-05-17,1,2024-05-17,TEX,LAA,LAA,Fri
TEX-LAA-2024-05-17,2,2024-05-18,TEX,LAA,TEX,Fri
TEX-LAA-2024-05-17,3,2024-05-19,TEX,LAA,LAA,Fri
LAA-TEX-2024-07-08,1,2024-07-08,LAA,TEX,TEX,Mon
LAA-TEX-2024-07-08,2,2024-07-09,LAA,TEX,TEX,Mon
LAA-TEX-2024-07-08,3,2024-07-10,LAA,TEX,LAA,Mon
TEX-LAA-2024-09-05,1,2024-09-05,TEX,LAA,TEX,Thu
TEX-LAA-2024-09-05,2,2024-09-06,TEX,LAA,LAA,Thu
TEX-LAA-2024-09-05,3,2024-09-07,TEX,LAA,TEX,Thu
TEX-LAA-2024-09-05,4,2024-09-08,TEX,LAA,TEX,Thu
LAA-TEX-2024-09-27,1,2024-09-27,LAA,TEX,TEX,Fri
LAA-TEX-2024-09-27,2,2024-09-28,LAA,TEX,TEX,Fri
LAA-TEX-2024-09-27,3,2024-09-29,LAA,TEX,TEX,Fri
TEX-LAA-2025-04-15,1,2025-04-15,TEX,LAA,TEX,Tue
TEX-LAA-2025-04-15,2,2025-04-16,TEX,LAA,TEX,Tue
TEX-LAA-2025-04-15,3,2025-04-17,TEX,LAA,TEX,Tue
LAA-TEX-2025-07-07,1,2025-07-07,LAA,TEX,LAA,Mon
LAA-TEX-2025-07-07,2,2025-07-08,LAA,TEX,TEX,Mon
LAA-TEX-2025-07-07,3,2025-07-09,LAA,TEX,LAA,Mon
LAA-TEX-2025-07-07,4,2025-07-10,LAA,TEX,TEX,Mon
LAA-TEX-2025-07-28,1,2025-07-28,LAA,TEX,LAA,Mon
LAA-TEX-2025-07-28,2,2025-07-29,LAA,TEX,LAA,Mon
LAA-TEX-2025-07-28,3,2025-07-30,LAA,TEX,TEX,Mon
SD-MIL-2021-04-19,1,2021-04-19,SD,MIL,MIL,Mon
SD-MIL-2021-04-19,2,2021-04-20,SD,MIL,MIL,Mon
SD-MIL-2021-04-19,3,2021-04-21,SD,MIL,MIL,Mon
MIL-SD-2021-05-24,1,2021-05-24,MIL,SD,MIL,Mon
MIL-SD-2021-05-24,2,2021-05-25,MIL,SD,SD,Mon
MIL-SD-2021-05-24,3,2021-05-26,MIL,SD,SD,Mon
MIL-SD-2021-05-24,4,2021-05-27,MIL,SD,MIL,Mon
SD-MIL-2022-05-23,1,2022-05-23,SD,MIL,SD,Mon
SD-MIL-2022-05-23,2,2022-05-24,SD,MIL,MIL,Mon
SD-MIL-2022-05-23,3,2022-05-25,SD,MIL,MIL,Mon
MIL-SD-2022-06-02,1,2022-06-02,MIL,SD,MIL,Thu
MIL-SD-2022-06-02,2,2022-06-03,MIL,SD,SD,Thu
MIL-SD-2022-06-02,3,2022-06-04,MIL,SD,SD,Thu
MIL-SD-2022-06-02,4,2022-06-05,MIL,SD,SD,Thu
SD-MIL-2023-04-13,1,2023-04-13,SD,MIL,MIL,Thu
SD-MIL-2023-04-13,2,2023-04-14,SD,MIL,MIL,Thu
SD-MIL-2023-04-13,3,2023-04-15,SD,MIL,SD,Thu
SD-MIL-2023-04-13,4,2023-04-16,SD,MIL,MIL,Thu
MIL-SD-2023-08-25,1,2023-08-25,MIL,SD,MIL,Fri
MIL-SD-2023-08-25,2,2023-08-26,MIL,SD,MIL,Fri
MIL-SD-2023-08-25,3,2023-08-27,MIL,SD,MIL,Fri
MIL-SD-2024-04-15,1,2024-04-15,MIL,SD,SD,Mon
MIL-SD-2024-04-15,2,2024-04-16,MIL,SD,SD,Mon
MIL-SD-2024-04-15,3,2024-04-17,MIL,SD,MIL,Mon
SD-MIL-2024-06-20,1,2024-06-20,SD,MIL,SD,Thu
SD-MIL-2024-06-20,2,2024-06-21,SD,MIL,SD,Thu
SD-MIL-2024-06-20,3,2024-06-22,SD,MIL,SD,Thu
SD-MIL-2024-06-20,4,2024-06-23,SD,MIL,MIL,Thu
MIL-SD-2025-06-06,1,2025-06-06,MIL,SD,SD,Fri
MIL-SD-2025-06-06,2,2025-06-07,MIL,SD,MIL,Fri
MIL-SD-2025-06-06,3,2025-06-08,MIL,SD,SD,Fri
SEA-LAD-2021-04-19,1,2021-04-19,SEA,LAD,SEA,Mon
SEA-LAD-2021-04-19,2,2021-04-20,SEA,LAD,LAD,Mon
LAD-SEA-2021-05-11,1,2021-05-11,LAD,SEA,LAD,Tue
LAD-SEA-2021-05-11,2,2021-05-12,LAD,SEA,LAD,Tue
SEA-LAD-2023-09-15,1,2023-09-15,SEA,LAD,LAD,Fri
SEA-LAD-2023-09-15,2,2023-09-16,SEA,LAD,LAD,Fri
SEA-LAD-2023-09-15,3,2023-09-17,SEA,LAD,LAD,Fri
LAD-SEA-2024-08-19,1,2024-08-19,LAD,SEA,LAD,Mon
LAD-SEA-2024-08-19,2,2024-08-20,LAD,SEA,LAD,Mon
LAD-SEA-2024-08-19,3,2024-08-21,LAD,SEA,LAD,Mon
OAK-MIN-2021-04-20,1,2021-04-20,OAK,MIN,OAK,Tue
OAK-MIN-2021-04-20,2,2021-04-21,OAK,MIN,OAK,Tue
MIN-OAK-2021-05-14,1,2021-05-14,MIN,OAK,OAK,Fri
MIN-OAK-2021-05-14,2,2021-05-15,MIN,OAK,MIN,Fri
MIN-OAK-2021-05-14,3,2021-05-16,MIN,OAK,OAK,Fri
MIN-OAK-2022-05-06,1,2022-05-06,MIN,OAK,MIN,Fri
MIN-OAK-2022-05-06,2,2022-05-07,MIN,OAK,MIN,Fri
MIN-OAK-2022-05-06,3,2022-05-08,MIN,OAK,MIN,Fri
OAK-MIN-2022-05-16,1,2022-05-16,OAK,MIN,MIN,Mon
OAK-MIN-2022-05-16,2,2022-05-17,OAK,MIN,OAK,Mon
OAK-MIN-2022-05-16,3,2022-05-18,OAK,MIN,MIN,Mon
OAK-MIN-2023-07-14,1,2023-07-14,OAK,MIN,MIN,Fri
OAK-MIN-2023-07-14,2,2023-07-15,OAK,MIN,MIN,Fri
OAK-MIN-2023-07-14,3,2023-07-16,OAK,MIN,MIN,Fri
MIN-OAK-2023-09-26,1,2023-09-26,MIN,OAK,MIN,Tue
MIN-OAK-2023-09-26,2,2023-09-27,MIN,OAK,MIN,Tue
MIN-OAK-2023-09-26,3,2023-09-28,MIN,OAK,OAK,Tue
NYY-ATL-2021-04-20,1,2021-04-20,NYY,ATL,NYY,Tue
NYY-ATL-2021-04-20,2,2021-04-21,NYY,ATL,ATL,Tue
ATL-NYY-2021-08-23,1,2021-08-23,ATL,NYY,NYY,Mon
ATL-NYY-2021-08-23,2,2021-08-24,ATL,NYY,NYY,Mon
ATL-NYY-2023-08-14,1,2023-08-14,ATL,NYY,ATL,Mon
ATL-NYY-2023-08-14,2,2023-08-15,ATL,NYY,ATL,Mon
ATL-NYY-2023-08-14,3,2023-08-16,ATL,NYY,ATL,Mon
NYY-ATL-2024-06-21,1,2024-06-21,NYY,ATL,ATL,Fri
NYY-ATL-2024-06-21,2,2024-06-22,NYY,ATL,NYY,Fri
NYY-ATL-2024-06-21,3,2024-06-23,NYY,ATL,ATL,Fri
ATL-NYY-2025-07-18,1,2025-07-18,ATL,NYY,ATL,Fri
ATL-NYY-2025-07-18,2,2025-07-19,ATL,NYY,NYY,Fri
ATL-NYY-2025-07-18,3,2025-07-20,ATL,NYY,NYY,Fri
MIA-BAL-2021-04-20,1,2021-04-20,MIA,BAL,BAL,Tue
MIA-BAL-2021-04-20,2,2021-04-21,MIA,BAL,MIA,Tue
BAL-MIA-2021-07-27,1,2021-07-27,BAL,MIA,MIA,Tue
BAL-MIA-2021-07-27,2,2021-07-28,BAL,MIA,BAL,Tue
BAL-MIA-2023-07-14,1,2023-07-14,BAL,MIA,BAL,Fri
BAL-MIA-2023-07-14,2,2023-07-15,BAL,MIA,BAL,Fri
BAL-MIA-2023-07-14,3,2023-07-16,BAL,MIA,BAL,Fri
MIA-BAL-2024-07-23,1,2024-07-23,MIA,BAL,MIA,Tue
MIA-BAL-2024-07-23,2,2024-07-24,MIA,BAL,MIA,Tue
MIA-BAL-2024-07-23,3,2024-07-25,MIA,BAL,BAL,Tue
BAL-MIA-2025-07-11,1,2025-07-11,BAL,MIA,BAL,Fri
BAL-MIA-2025-07-11,2,2025-07-12,BAL,MIA,MIA,Fri
BAL-MIA-2025-07-11,3,2025-07-13,BAL,MIA,MIA,Fri
BOS-TOR-2021-04-20,1,2021-04-20,BOS,TOR,BOS,Tue
BOS-TOR-2021-04-20,2,2021-04-21,BOS,TOR,TOR,Tue
TOR-BOS-2021-05-18,1,2021-05-18,TOR,BOS,TOR,Tue
TOR-BOS-2021-05-18,2,2021-05-19,TOR,BOS,BOS,Tue
TOR-BOS-2021-05-18,3,2021-05-20,TOR,BOS,BOS,Tue
BOS-TOR-2021-06-11,1,2021-06-11,BOS,TOR,BOS,Fri
BOS-TOR-2021-06-11,2,2021-06-12,BOS,TOR,TOR,Fri
BOS-TOR-2021-06-11,3,2021-06-13,BOS,TOR,TOR,Fri
BOS-TOR-2021-06-11,4,2021-06-14,BOS,TOR,BOS,Fri
TOR-BOS-2021-07-19,1,2021-07-19,TOR,BOS,BOS,Mon
TOR-BOS-2021-07-19,2,2021-07-21,TOR,BOS,BOS,Mon
BOS-TOR-2021-07-26,1,2021-07-26,BOS,TOR,BOS,Mon
BOS-TOR-2021-07-26,2,2021-07-28,BOS,TOR,TOR,Mon
BOS-TOR-2021-07-26,3,2021-07-29,BOS,TOR,TOR,Mon
TOR-BOS-2021-08-06,1,2021-08-06,TOR,BOS,TOR,Fri
TOR-BOS-2021-08-06,2,2021-08-07,TOR,BOS,TOR,Fri
TOR-BOS-2021-08-06,3,2021-08-08,TOR,BOS,TOR,Fri
BOS-TOR-2022-04-19,1,2022-04-19,BOS,TOR,BOS,Tue
BOS-TOR-2022-04-19,2,2022-04-20,BOS,TOR,TOR,Tue
BOS-TOR-2022-04-19,3,2022-04-21,BOS,TOR,TOR,Tue
TOR-BOS-2022-04-25,1,2022-04-25,TOR,BOS,TOR,Mon
TOR-BOS-2022-04-25,2,2022-04-26,TOR,BOS,TOR,Mon
TOR-BOS-2022-04-25,3,2022-04-27,TOR,BOS,BOS,Mon
TOR-BOS-2022-04-25,4,2022-04-28,TOR,BOS,TOR,Mon
TOR-BOS-2022-06-27,1,2022-06-27,TOR,BOS,TOR,Mon
TOR-BOS-2022-06-27,2,2022-06-28,TOR,BOS,TOR,Mon
TOR-BOS-2022-06-27,3,2022-06-29,TOR,BOS,BOS,Mon
BOS-TOR-2022-07-22,1,2022-07-22,BOS,TOR,TOR,Fri
BOS-TOR-2022-07-22,2,2022-07-23,BOS,TOR,TOR,Fri
BOS-TOR-2022-07-22,3,2022-07-24,BOS,TOR,TOR,Fri
BOS-TOR-2022-08-23,1,2022-08-23,BOS,TOR,TOR,Tue
BOS-TOR-2022-08-23,2,2022-08-24,BOS,TOR,TOR,Tue
BOS-TOR-2022-08-23,3,2022-08-25,BOS,TOR,TOR,Tue
TOR-BOS-2022-09-30,1,2022-09-30,TOR,BOS,TOR,Fri
TOR-BOS-2022-09-30,2,2022-10-01,TOR,BOS,TOR,Fri
TOR-BOS-2022-09-30,3,2022-10-02,TOR,BOS,TOR,Fri
BOS-TOR-2023-05-01,1,2023-05-01,BOS,TOR,BOS,Mon
BOS-TOR-2023-05-01,2,2023-05-02,BOS,TOR,BOS,Mon
BOS-TOR-2023-05-01,3,2023-05-03,BOS,TOR,BOS,Mon
BOS-TOR-2023-05-01,4,2023-05-04,BOS,TOR,BOS,Mon
TOR-BOS-2023-06-30,1,2023-06-30,TOR,BOS,BOS,Fri
TOR-BOS-2023-06-30,2,2023-07-01,TOR,BOS,BOS,Fri
TOR-BOS-2023-06-30,3,2023-07-02,TOR,BOS,BOS,Fri
BOS-TOR-2023-08-04,1,2023-08-04,BOS,TOR,TOR,Fri
BOS-TOR-2023-08-04,2,2023-08-05,BOS,TOR,TOR,Fri
BOS-TOR-2023-08-04,3,2023-08-06,BOS,TOR,TOR,Fri
TOR-BOS-2023-09-15,1,2023-09-15,TOR,BOS,TOR,Fri
TOR-BOS-2023-09-15,2,2023-09-16,TOR,BOS,TOR,Fri
TOR-BOS-2023-09-15,3,2023-09-17,TOR,BOS,TOR,Fri
TOR-BOS-2024-06-17,1,2024-06-17,TOR,BOS,BOS,Mon
TOR-BOS-2024-06-17,2,2024-06-18,TOR,BOS,BOS,Mon
TOR-BOS-2024-06-17,3,2024-06-19,TOR,BOS,BOS,Mon
BOS-TOR-2024-06-24,1,2024-06-24,BOS,TOR,BOS,Mon
BOS-TOR-2024-06-24,2,2024-06-25,BOS,TOR,TOR,Mon
BOS-TOR-2024-08-26,1,2024-08-26,BOS,TOR,TOR,Mon
BOS-TOR-2024-08-26,2,2024-08-27,BOS,TOR,BOS,Mon
BOS-TOR-2024-08-26,3,2024-08-28,BOS,TOR,BOS,Mon
BOS-TOR-2024-08-26,4,2024-08-29,BOS,TOR,TOR,Mon
TOR-BOS-2024-09-23,1,2024-09-23,TOR,BOS,BOS,Mon
TOR-BOS-2024-09-23,2,2024-09-24,TOR,BOS,BOS,Mon
TOR-BOS-2024-09-23,3,2024-09-25,TOR,BOS,TOR,Mon
BOS-TOR-2025-04-07,1,2025-04-07,BOS,TOR,TOR,Mon
BOS-TOR-2025-04-07,2,2025-04-08,BOS,TOR,TOR,Mon
BOS-TOR-2025-04-07,3,2025-04-09,BOS,TOR,TOR,Mon
BOS-TOR-2025-04-07,4,2025-04-10,BOS,TOR,BOS,Mon
TOR-BOS-2025-04-29,1,2025-04-29,TOR,BOS,BOS,Tue
TOR-BOS-2025-04-29,2,2025-04-30,TOR,BOS,TOR,Tue
TOR-BOS-2025-04-29,3,2025-05-01,TOR,BOS,TOR,Tue
BOS-TOR-2025-06-27,1,2025-06-27,BOS,TOR,TOR,Fri
BOS-TOR-2025-06-27,2,2025-06-28,BOS,TOR,BOS,Fri
BOS-TOR-2025-06-27,3,2025-06-29,BOS,TOR,TOR,Fri
CHC-NYM-2021-04-20,1,2021-04-20,CHC,NYM,CHC,Tue
CHC-NYM-2021-04-20,2,2021-04-21,CHC,NYM,CHC,Tue
CHC-NYM-2021-04-20,3,2021-04-22,CHC,NYM,CHC,Tue
NYM-CHC-2021-06-14,1,2021-06-14,NYM,CHC,NYM,Mon
NYM-CHC-2021-06-14,2,2021-06-15,NYM,CHC,NYM,Mon
NYM-CHC-2021-06-14,3,2021-06-16,NYM,CHC,NYM,Mon
NYM-CHC-2021-06-14,4,2021-06-17,NYM,CHC,CHC,Mon
CHC-NYM-2022-07-14,1,2022-07-14,CHC,NYM,NYM,Thu
CHC-NYM-2022-07-14,2,2022-07-16,CHC,NYM,NYM,Thu
CHC-NYM-2022-07-14,3,2022-07-17,CHC,NYM,CHC,Thu
NYM-CHC-2022-09-12,1,2022-09-12,NYM,CHC,CHC,Mon
NYM-CHC-2022-09-12,2,2022-09-13,NYM,CHC,CHC,Mon
NYM-CHC-2022-09-12,3,2022-09-14,NYM,CHC,CHC,Mon
CHC-NYM-2023-05-23,1,2023-05-23,CHC,NYM,CHC,Tue
CHC-NYM-2023-05-23,2,2023-05-24,CHC,NYM,CHC,Tue
CHC-NYM-2023-05-23,3,2023-05-25,CHC,NYM,NYM,Tue
NYM-CHC-2023-08-07,1,2023-08-07,NYM,CHC,NYM,Mon
NYM-CHC-2023-08-07,2,2023-08-08,NYM,CHC,CHC,Mon
NYM-CHC-2023-08-07,3,2023-08-09,NYM,CHC,NYM,Mon
NYM-CHC-2024-04-29,1,2024-04-29,NYM,CHC,CHC,Mon
NYM-CHC-2024-04-29,2,2024-04-30,NYM,CHC,NYM,Mon
NYM-CHC-2024-04-29,3,2024-05-01,NYM,CHC,CHC,Mon
NYM-CHC-2024-04-29,4,2024-05-02,NYM,CHC,NYM,Mon
CHC-NYM-2024-06-21,1,2024-06-21,CHC,NYM,NYM,Fri
CHC-NYM-2024-06-21,2,2024-06-22,CHC,NYM,CHC,Fri
CHC-NYM-2024-06-21,3,2024-06-23,CHC,NYM,NYM,Fri
NYM-CHC-2025-05-09,1,2025-05-09,NYM,CHC,NYM,Fri
NYM-CHC-2025-05-09,2,2025-05-10,NYM,CHC,CHC,Fri
NYM-CHC-2025-05-09,3,2025-05-11,NYM,CHC,NYM,Fri
COL-HOU-2021-04-20,1,2021-04-20,COL,HOU,COL,Tue
COL-HOU-2021-04-20,2,2021-04-21,COL,HOU,COL,Tue
HOU-COL-2021-08-10,1,2021-08-10,HOU,COL,HOU,Tue
HOU-COL-2021-08-10,2,2021-08-11,HOU,COL,HOU,Tue
HOU-COL-2023-07-04,1,2023-07-04,HOU,COL,HOU,Tue
HOU-COL-2023-07-04,2,2023-07-05,HOU,COL,HOU,Tue
COL-HOU-2023-07-18,1,2023-07-18,COL,HOU,COL,Tue
COL-HOU-2023-07-18,2,2023-07-19,COL,HOU,HOU,Tue
COL-HOU-2024-04-27,1,2024-04-27,COL,HOU,HOU,Sat
COL-HOU-2024-04-27,2,2024-04-28,COL,HOU,HOU,Sat
HOU-COL-2024-06-25,1,2024-06-25,HOU,COL,HOU,Tue
HOU-COL-2024-06-25,2,2024-06-26,HOU,COL,HOU,Tue
COL-HOU-2025-07-01,1,2025-07-01,COL,HOU,HOU,Tue
COL-HOU-2025-07-01,2,2025-07-02,COL,HOU,HOU,Tue
COL-HOU-2025-07-01,3,2025-07-03,COL,HOU,COL,Tue
DET-PIT-2021-04-21,1,2021-04-21,DET,PIT,PIT,Wed
DET-PIT-2021-04-21,2,2021-04-22,DET,PIT,PIT,Wed
PIT-DET-2021-09-06,1,2021-09-06,PIT,DET,PIT,Mon
PIT-DET-2021-09-06,2,2021-09-07,PIT,DET,PIT,Mon
PIT-DET-2021-09-06,3,2021-09-08,PIT,DET,DET,Mon
DET-PIT-2022-05-04,1,2022-05-04,DET,PIT,DET,Wed
PIT-DET-2022-06-07,1,2022-06-07,PIT,DET,DET,Tue
PIT-DET-2022-06-07,2,2022-06-08,PIT,DET,DET,Tue
DET-PIT-2023-05-16,1,2023-05-16,DET,PIT,DET,Tue
DET-PIT-2023-05-16,2,2023-05-17,DET,PIT,PIT,Tue
PIT-DET-2023-08-01,1,2023-08-01,PIT,DET,PIT,Tue
PIT-DET-2023-08-01,2,2023-08-02,PIT,DET,DET,Tue
PIT-DET-2024-04-08,1,2024-04-08,PIT,DET,PIT,Mon
PIT-DET-2024-04-08,2,2024-04-09,PIT,DET,DET,Mon
DET-PIT-2024-05-29,1,2024-05-29,DET,PIT,DET,Wed
DET-PIT-2025-06-17,1,2025-06-17,DET,PIT,DET,Tue
DET-PIT-2025-06-17,2,2025-06-19,DET,PIT,DET,Tue
PIT-DET-2025-07-21,1,2025-07-21,PIT,DET,PIT,Mon
PIT-DET-2025-07-21,2,2025-07-22,PIT,DET,PIT,Mon
PIT-DET-2025-07-21,3,2025-07-23,PIT,DET,PIT,Mon
BOS-SEA-2021-04-22,1,2021-04-22,BOS,SEA,SEA,Thu
BOS-SEA-2021-04-22,2,2021-04-23,BOS,SEA,BOS,Thu
BOS-SEA-2021-04-22,3,2021-04-24,BOS,SEA,SEA,Thu
BOS-SEA-2021-04-22,4,2021-04-25,BOS,SEA,BOS,Thu
SEA-BOS-2021-09-13,1,2021-09-13,SEA,BOS,SEA,Mon
SEA-BOS-2021-09-13,2,2021-09-14,SEA,BOS,BOS,Mon
SEA-BOS-2021-09-13,3,2021-09-15,SEA,BOS,BOS,Mon
BOS-SEA-2022-05-19,1,2022-05-19,BOS,SEA,BOS,Thu
BOS-SEA-2022-05-19,2,2022-05-20,BOS,SEA,BOS,Thu
BOS-SEA-2022-05-19,3,2022-05-21,BOS,SEA,BOS,Thu
BOS-SEA-2022-05-19,4,2022-05-22,BOS,SEA,BOS,Thu
SEA-BOS-2022-06-10,1,2022-06-10,SEA,BOS,BOS,Fri
SEA-BOS-2022-06-10,2,2022-06-11,SEA,BOS,SEA,Fri
SEA-BOS-2022-06-10,3,2022-06-12,SEA,BOS,BOS,Fri
BOS-SEA-2023-05-15,1,2023-05-15,BOS,SEA,SEA,Mon
BOS-SEA-2023-05-15,2,2023-05-16,BOS,SEA,BOS,Mon
BOS-SEA-2023-05-15,3,2023-05-17,BOS,SEA,BOS,Mon
SEA-BOS-2023-07-31,1,2023-07-31,SEA,BOS,SEA,Mon
SEA-BOS-2023-07-31,2,2023-08-01,SEA,BOS,BOS,Mon
SEA-BOS-2023-07-31,3,2023-08-02,SEA,BOS,SEA,Mon
SEA-BOS-2024-03-28,1,2024-03-28,SEA,BOS,BOS,Thu
SEA-BOS-2024-03-28,2,2024-03-29,SEA,BOS,SEA,Thu
SEA-BOS-2024-03-28,3,2024-03-30,SEA,BOS,SEA,Thu
SEA-BOS-2024-03-28,4,2024-03-31,SEA,BOS,BOS,Thu
BOS-SEA-2024-07-29,1,2024-07-29,BOS,SEA,BOS,Mon
BOS-SEA-2024-07-29,2,2024-07-30,BOS,SEA,SEA,Mon
BOS-SEA-2024-07-29,3,2024-07-31,BOS,SEA,BOS,Mon
BOS-SEA-2025-04-22,1,2025-04-22,BOS,SEA,BOS,Tue
BOS-SEA-2025-04-22,2,2025-04-23,BOS,SEA,SEA,Tue
BOS-SEA-2025-04-22,3,2025-04-24,BOS,SEA,SEA,Tue
SEA-BOS-2025-06-16,1,2025-06-16,SEA,BOS,BOS,Mon
SEA-BOS-2025-06-16,2,2025-06-17,SEA,BOS,SEA,Mon
SEA-BOS-2025-06-16,3,2025-06-18,SEA,BOS,BOS,Mon
BAL-OAK-2021-04-23,1,2021-04-23,BAL,OAK,OAK,Fri
BAL-OAK-2021-04-23,2,2021-04-24,BAL,OAK,OAK,Fri
BAL-OAK-2021-04-23,3,2021-04-25,BAL,OAK,BAL,Fri
OAK-BAL-2021-04-30,1,2021-04-30,OAK,BAL,BAL,Fri
OAK-BAL-2021-04-30,2,2021-05-01,OAK,BAL,BAL,Fri
OAK-BAL-2021-04-30,3,2021-05-02,OAK,BAL,OAK,Fri
OAK-BAL-2022-04-18,1,2022-04-18,OAK,BAL,OAK,Mon
OAK-BAL-2022-04-18,2,2022-04-19,OAK,BAL,OAK,Mon
OAK-BAL-2022-04-18,3,2022-04-20,OAK,BAL,BAL,Mon
OAK-BAL-2022-04-18,4,2022-04-21,OAK,BAL,OAK,Mon
BAL-OAK-2022-09-02,1,2022-09-02,BAL,OAK,BAL,Fri
BAL-OAK-2022-09-02,2,2022-09-03,BAL,OAK,BAL,Fri
BAL-OAK-2022-09-02,3,2022-09-04,BAL,OAK,OAK,Fri
BAL-OAK-2023-04-10,1,2023-04-10,BAL,OAK,BAL,Mon
BAL-OAK-2023-04-10,2,2023-04-11,BAL,OAK,BAL,Mon
BAL-OAK-2023-04-10,3,2023-04-12,BAL,OAK,OAK,Mon
BAL-OAK-2023-04-10,4,2023-04-13,BAL,OAK,BAL,Mon
OAK-BAL-2023-08-18,1,2023-08-18,OAK,BAL,BAL,Fri
OAK-BAL-2023-08-18,2,2023-08-19,OAK,BAL,BAL,Fri
OAK-BAL-2023-08-18,3,2023-08-20,OAK,BAL,BAL,Fri
TB-TOR-2021-04-23,1,2021-04-23,TB,TOR,TOR,Fri
TB-TOR-2021-04-23,2,2021-04-24,TB,TOR,TB,Fri
TB-TOR-2021-04-23,3,2021-04-25,TB,TOR,TOR,Fri
TOR-TB-2021-05-21,1,2021-05-21,TOR,TB,TB,Fri
TOR-TB-2021-05-21,2,2021-05-22,TOR,TB,TB,Fri
TOR-TB-2021-05-21,3,2021-05-23,TOR,TB,TB,Fri
TOR-TB-2021-05-21,4,2021-05-24,TOR,TB,TB,Fri
TOR-TB-2021-07-02,1,2021-07-02,TOR,TB,TOR,Fri
TOR-TB-2021-07-02,2,2021-07-03,TOR,TB,TOR,Fri
TOR-TB-2021-07-02,3,2021-07-04,TOR,TB,TB,Fri
TB-TOR-2021-07-09,1,2021-07-09,TB,TOR,TB,Fri
TB-TOR-2021-07-09,2,2021-07-10,TB,TOR,TB,Fri
TB-TOR-2021-07-09,3,2021-07-11,TB,TOR,TOR,Fri
TOR-TB-2021-09-13,1,2021-09-13,TOR,TB,TOR,Mon
TOR-TB-2021-09-13,2,2021-09-14,TOR,TB,TB,Mon
TOR-TB-2021-09-13,3,2021-09-15,TOR,TB,TOR,Mon
TB-TOR-2021-09-20,1,2021-09-20,TB,TOR,TB,Mon
TB-TOR-2021-09-20,2,2021-09-21,TB,TOR,TOR,Mon
TB-TOR-2021-09-20,3,2021-09-22,TB,TOR,TB,Mon
TB-TOR-2022-05-13,1,2022-05-13,TB,TOR,TB,Fri
TB-TOR-2022-05-13,2,2022-05-14,TB,TOR,TOR,Fri
TB-TOR-2022-05-13,3,2022-05-15,TB,TOR,TB,Fri
TOR-TB-2022-06-30,1,2022-06-30,TOR,TB,TOR,Thu
TOR-TB-2022-06-30,2,2022-07-01,TOR,TB,TOR,Thu
TOR-TB-2022-06-30,3,2022-07-02,TOR,TB,TB,Thu
TOR-TB-2022-06-30,4,2022-07-03,TOR,TB,TB,Thu
TB-TOR-2022-08-02,1,2022-08-02,TB,TOR,TOR,Tue
TB-TOR-2022-08-02,2,2022-08-03,TB,TOR,TB,Tue
TOR-TB-2022-09-12,1,2022-09-12,TOR,TB,TOR,Mon
TOR-TB-2022-09-12,2,2022-09-13,TOR,TB,TB,Mon
TOR-TB-2022-09-12,3,2022-09-14,TOR,TB,TOR,Mon
TOR-TB-2022-09-12,4,2022-09-15,TOR,TB,TB,Mon
TB-TOR-2022-09-22,1,2022-09-22,TB,TOR,TB,Thu
TB-TOR-2022-09-22,2,2022-09-23,TB,TOR,TB,Thu
TB-TOR-2022-09-22,3,2022-09-24,TB,TOR,TOR,Thu
TB-TOR-2022-09-22,4,2022-09-25,TB,TOR,TOR,Thu
TOR-TB-2023-04-14,1,2023-04-14,TOR,TB,TOR,Fri
TOR-TB-2023-04-14,2,2023-04-15,TOR,TB,TOR,Fri
TOR-TB-2023-04-14,3,2023-04-16,TOR,TB,TB,Fri
TB-TOR-2023-05-22,1,2023-05-22,TB,TOR,TB,Mon
TB-TOR-2023-05-22,2,2023-05-23,TB,TOR,TOR,Mon
TB-TOR-2023-05-22,3,2023-05-24,TB,TOR,TB,Mon
TB-TOR-2023-05-22,4,2023-05-25,TB,TOR,TB,Mon
TB-TOR-2023-09-22,1,2023-09-22,TB,TOR,TOR,Fri
TB-TOR-2023-09-22,2,2023-09-23,TB,TOR,TB,Fri
TB-TOR-2023-09-22,3,2023-09-24,TB,TOR,TOR,Fri
TOR-TB-2023-09-29,1,2023-09-29,TOR,TB,TOR,Fri
TOR-TB-2023-09-29,2,2023-09-30,TOR,TB,TB,Fri
TOR-TB-2023-09-29,3,2023-10-01,TOR,TB,TB,Fri
TB-TOR-2024-03-28,1,2024-03-28,TB,TOR,TOR,Thu
TB-TOR-2024-03-28,2,2024-03-29,TB,TOR,TB,Thu
TB-TOR-2024-03-28,3,2024-03-30,TB,TOR,TB,Thu
TB-TOR-2024-03-28,4,2024-03-31,TB,TOR,TOR,Thu
TOR-TB-2024-05-17,1,2024-05-17,TOR,TB,TB,Fri
TOR-TB-2024-05-17,2,2024-05-18,TOR,TB,TB,Fri
TOR-TB-2024-05-17,3,2024-05-19,TOR,TB,TOR,Fri
TOR-TB-2024-07-23,1,2024-07-23,TOR,TB,TB,Tue
TOR-TB-2024-07-23,2,2024-07-24,TOR,TB,TOR,Tue
TOR-TB-2024-07-23,3,2024-07-25,TOR,TB,TB,Tue
TB-TOR-2024-09-20,1,2024-09-20,TB,TOR,TB,Fri
TB-TOR-2024-09-20,2,2024-09-21,TB,TOR,TB,Fri
TB-TOR-2024-09-20,3,2024-09-22,TB,TOR,TB,Fri
TOR-TB-2025-05-13,1,2025-05-13,TOR,TB,TB,Tue
TOR-TB-2025-05-13,2,2025-05-14,TOR,TB,TOR,Tue
TOR-TB-2025-05-13,3,2025-05-15,TOR,TB,TB,Tue
TB-TOR-2025-05-23,1,2025-05-23,TB,TOR,TB,Fri
TB-TOR-2025-05-23,2,2025-05-24,TB,TOR,TB,Fri
TB-TOR-2025-05-23,3,2025-05-25,TB,TOR,TB,Fri
DET-KC-2021-04-23,1,2021-04-23,DET,KC,KC,Fri
DET-KC-2021-04-23,2,2021-04-24,DET,KC,KC,Fri
DET-KC-2021-04-23,3,2021-04-25,DET,KC,KC,Fri
DET-KC-2021-04-23,4,2021-04-26,DET,KC,KC,Fri
DET-KC-2021-05-11,1,2021-05-11,DET,KC,DET,Tue
DET-KC-2021-05-11,2,2021-05-12,DET,KC,DET,Tue
DET-KC-2021-05-11,3,2021-05-13,DET,KC,DET,Tue
KC-DET-2021-05-21,1,2021-05-21,KC,DET,DET,Fri
KC-DET-2021-05-21,2,2021-05-22,KC,DET,KC,Fri
KC-DET-2021-05-21,3,2021-05-23,KC,DET,KC,Fri
KC-DET-2021-06-14,1,2021-06-14,KC,DET,DET,Mon
KC-DET-2021-06-14,2,2021-06-15,KC,DET,DET,Mon
KC-DET-2021-06-14,3,2021-06-16,KC,DET,DET,Mon
KC-DET-2021-07-23,1,2021-07-23,KC,DET,KC,Fri
KC-DET-2021-07-23,2,2021-07-24,KC,DET,KC,Fri
KC-DET-2021-07-23,3,2021-07-25,KC,DET,KC,Fri
DET-KC-2021-09-25,1,2021-09-25,DET,KC,DET,Sat
DET-KC-2021-09-25,2,2021-09-26,DET,KC,KC,Sat
KC-DET-2022-04-14,1,2022-04-14,KC,DET,DET,Thu
KC-DET-2022-04-14,2,2022-04-15,KC,DET,DET,Thu
KC-DET-2022-04-14,3,2022-04-16,KC,DET,KC,Thu
DET-KC-2022-07-01,1,2022-07-01,DET,KC,KC,Fri
DET-KC-2022-07-01,2,2022-07-02,DET,KC,DET,Fri
DET-KC-2022-07-01,3,2022-07-03,DET,KC,KC,Fri
KC-DET-2022-07-11,1,2022-07-11,KC,DET,KC,Mon
KC-DET-2022-07-11,2,2022-07-12,KC,DET,DET,Mon
KC-DET-2022-07-11,3,2022-07-13,KC,DET,KC,Mon
DET-KC-2022-09-02,1,2022-09-02,DET,KC,DET,Fri
DET-KC-2022-09-02,2,2022-09-03,DET,KC,KC,Fri
DET-KC-2022-09-02,3,2022-09-04,DET,KC,KC,Fri
KC-DET-2022-09-09,1,2022-09-09,KC,DET,DET,Fri
KC-DET-2022-09-09,2,2022-09-10,KC,DET,DET,Fri
KC-DET-2022-09-09,3,2022-09-11,KC,DET,KC,Fri
DET-KC-2022-09-27,1,2022-09-27,DET,KC,DET,Tue
DET-KC-2022-09-27,2,2022-09-28,DET,KC,DET,Tue
DET-KC-2022-09-27,3,2022-09-29,DET,KC,DET,Tue
KC-DET-2023-05-22,1,2023-05-22,KC,DET,DET,Mon
KC-DET-2023-05-22,2,2023-05-23,KC,DET,KC,Mon
KC-DET-2023-05-22,3,2023-05-24,KC,DET,DET,Mon
DET-KC-2023-06-19,1,2023-06-19,DET,KC,DET,Mon
DET-KC-2023-06-19,2,2023-06-20,DET,KC,KC,Mon
DET-KC-2023-06-19,3,2023-06-21,DET,KC,DET,Mon
KC-DET-2023-07-17,1,2023-07-17,KC,DET,DET,Mon
KC-DET-2023-07-17,2,2023-07-18,KC,DET,KC,Mon
KC-DET-2023-07-17,3,2023-07-19,KC,DET,DET,Mon
KC-DET-2023-07-17,4,2023-07-20,KC,DET,DET,Mon
DET-KC-2023-09-26,1,2023-09-26,DET,KC,DET,Tue
DET-KC-2023-09-26,2,2023-09-28,DET,KC,DET,Tue
DET-KC-2024-04-26,1,2024-04-26,DET,KC,KC,Fri
DET-KC-2024-04-26,2,2024-04-27,DET,KC,DET,Fri
DET-KC-2024-04-26,3,2024-04-28,DET,KC,DET,Fri
KC-DET-2024-05-20,1,2024-05-20,KC,DET,KC,Mon
KC-DET-2024-05-20,2,2024-05-21,KC,DET,KC,Mon
KC-DET-2024-05-20,3,2024-05-22,KC,DET,KC,Mon
DET-KC-2024-08-01,1,2024-08-01,DET,KC,KC,Thu
DET-KC-2024-08-01,2,2024-08-02,DET,KC,KC,Thu
DET-KC-2024-08-01,3,2024-08-03,DET,KC,DET,Thu
DET-KC-2024-08-01,4,2024-08-04,DET,KC,KC,Thu
KC-DET-2024-09-16,1,2024-09-16,KC,DET,DET,Mon
KC-DET-2024-09-16,2,2024-09-17,KC,DET,DET,Mon
KC-DET-2024-09-16,3,2024-09-18,KC,DET,DET,Mon
DET-KC-2025-04-17,1,2025-04-17,DET,KC,DET,Thu
DET-KC-2025-04-17,2,2025-04-18,DET,KC,DET,Thu
DET-KC-2025-04-17,3,2025-04-19,DET,KC,DET,Thu
DET-KC-2025-04-17,4,2025-04-20,DET,KC,KC,Thu
KC-DET-2025-05-30,1,2025-05-30,KC,DET,DET,Fri
KC-DET-2025-05-30,2,2025-05-31,KC,DET,KC,Fri
KC-DET-2025-05-30,3,2025-06-01,KC,DET,DET,Fri
NYM-WAS-2021-04-23,1,2021-04-23,NYM,WAS,NYM,Fri
NYM-WAS-2021-04-23,2,2021-04-24,NYM,WAS,WAS,Fri
NYM-WAS-2021-04-23,3,2021-04-25,NYM,WAS,NYM,Fri
WAS-NYM-2021-06-18,1,2021-06-18,WAS,NYM,WAS,Fri
WAS-NYM-2021-06-18,2,2021-06-19,WAS,NYM,NYM,Fri
WAS-NYM-2021-06-18,3,2021-06-20,WAS,NYM,WAS,Fri
WAS-NYM-2021-06-28,1,2021-06-28,WAS,NYM,WAS,Mon
NYM-WAS-2021-08-11,1,2021-08-11,NYM,WAS,NYM,Wed
NYM-WAS-2021-08-11,2,2021-08-12,NYM,WAS,NYM,Wed
NYM-WAS-2021-08-27,1,2021-08-27,NYM,WAS,WAS,Fri
NYM-WAS-2021-08-27,2,2021-08-28,NYM,WAS,NYM,Fri
NYM-WAS-2021-08-27,3,2021-08-29,NYM,WAS,NYM,Fri
WAS-NYM-2021-09-03,1,2021-09-03,WAS,NYM,NYM,Fri
WAS-NYM-2021-09-03,2,2021-09-04,WAS,NYM,NYM,Fri
WAS-NYM-2021-09-03,3,2021-09-05,WAS,NYM,NYM,Fri
WAS-NYM-2021-09-03,4,2021-09-06,WAS,NYM,WAS,Fri
WAS-NYM-2022-04-07,1,2022-04-07,WAS,NYM,NYM,Thu
WAS-NYM-2022-04-07,2,2022-04-08,WAS,NYM,NYM,Thu
WAS-NYM-2022-04-07,3,2022-04-09,WAS,NYM,NYM,Thu
WAS-NYM-2022-04-07,4,2022-04-10,WAS,NYM,WAS,Thu
WAS-NYM-2022-05-10,1,2022-05-10,WAS,NYM,NYM,Tue
WAS-NYM-2022-05-10,2,2022-05-11,WAS,NYM,WAS,Tue
WAS-NYM-2022-05-10,3,2022-05-12,WAS,NYM,NYM,Tue
NYM-WAS-2022-05-30,1,2022-05-30,NYM,WAS,NYM,Mon
NYM-WAS-2022-05-30,2,2022-05-31,NYM,WAS,NYM,Mon
NYM-WAS-2022-05-30,3,2022-06-01,NYM,WAS,NYM,Mon
WAS-NYM-2022-08-01,1,2022-08-01,WAS,NYM,NYM,Mon
WAS-NYM-2022-08-01,2,2022-08-02,WAS,NYM,WAS,Mon
WAS-NYM-2022-08-01,3,2022-08-03,WAS,NYM,NYM,Mon
NYM-WAS-2022-09-02,1,2022-09-02,NYM,WAS,NYM,Fri
NYM-WAS-2022-09-02,2,2022-09-03,NYM,WAS,WAS,Fri
NYM-WAS-2022-09-02,3,2022-09-04,NYM,WAS,WAS,Fri
NYM-WAS-2022-10-04,1,2022-10-04,NYM,WAS,NYM,Tue
NYM-WAS-2022-10-04,2,2022-10-05,NYM,WAS,NYM,Tue
NYM-WAS-2023-04-25,1,2023-04-25,NYM,WAS,WAS,Tue
NYM-WAS-2023-04-25,2,2023-04-26,NYM,WAS,WAS,Tue
NYM-WAS-2023-04-25,3,2023-04-27,NYM,WAS,NYM,Tue
WAS-NYM-2023-05-12,1,2023-05-12,WAS,NYM,NYM,Fri
WAS-NYM-2023-05-12,2,2023-05-14,WAS,NYM,WAS,Fri
WAS-NYM-2023-05-12,3,2023-05-15,WAS,NYM,WAS,Fri
NYM-WAS-2023-07-27,1,2023-07-27,NYM,WAS,NYM,Thu
NYM-WAS-2023-07-27,2,2023-07-28,NYM,WAS,NYM,Thu
NYM-WAS-2023-07-27,3,2023-07-29,NYM,WAS,WAS,Thu
NYM-WAS-2023-07-27,4,2023-07-30,NYM,WAS,NYM,Thu
WAS-NYM-2023-09-05,1,2023-09-05,WAS,NYM,NYM,Tue
WAS-NYM-2023-09-05,2,2023-09-06,WAS,NYM,WAS,Tue
WAS-NYM-2024-06-03,1,2024-06-03,WAS,NYM,NYM,Mon
WAS-NYM-2024-06-03,2,2024-06-04,WAS,NYM,NYM,Mon
WAS-NYM-2024-06-03,3,2024-06-05,WAS,NYM,NYM,Mon
WAS-NYM-2024-07-01,1,2024-07-01,WAS,NYM,NYM,Mon
WAS-NYM-2024-07-01,2,2024-07-02,WAS,NYM,NYM,Mon
WAS-NYM-2024-07-01,3,2024-07-03,WAS,NYM,WAS,Mon
WAS-NYM-2024-07-01,4,2024-07-04,WAS,NYM,WAS,Mon
NYM-WAS-2024-07-09,1,2024-07-09,NYM,WAS,NYM,Tue
NYM-WAS-2024-07-09,2,2024-07-10,NYM,WAS,NYM,Tue
NYM-WAS-2024-07-09,3,2024-07-11,NYM,WAS,NYM,Tue
NYM-WAS-2024-09-16,1,2024-09-16,NYM,WAS,NYM,Mon
NYM-WAS-2024-09-16,2,2024-09-17,NYM,WAS,NYM,Mon
NYM-WAS-2024-09-16,3,2024-09-18,NYM,WAS,NYM,Mon
WAS-NYM-2025-04-25,1,2025-04-25,WAS,NYM,WAS,Fri
WAS-NYM-2025-04-25,2,2025-04-26,WAS,NYM,NYM,Fri
WAS-NYM-2025-04-25,3,2025-04-27,WAS,NYM,WAS,Fri
WAS-NYM-2025-04-25,4,2025-04-28,WAS,NYM,NYM,Fri
NYM-WAS-2025-06-10,1,2025-06-10,NYM,WAS,NYM,Tue
NYM-WAS-2025-06-10,2,2025-06-11,NYM,WAS,NYM,Tue
NYM-WAS-2025-06-10,3,2025-06-12,NYM,WAS,NYM,Tue
ATL-ARI-2021-04-23,1,2021-04-23,ATL,ARI,ATL,Fri
ATL-ARI-2021-04-23,2,2021-04-25,ATL,ARI,ARI,Fri
ARI-ATL-2021-09-20,1,2021-09-20,ARI,ATL,ATL,Mon
ARI-ATL-2021-09-20,2,2021-09-21,ARI,ATL,ATL,Mon
ARI-ATL-2021-09-20,3,2021-09-22,ARI,ATL,ATL,Mon
ARI-ATL-2021-09-20,4,2021-09-23,ARI,ATL,ARI,Mon
ARI-ATL-2022-05-30,1,2022-05-30,ARI,ATL,ARI,Mon
ARI-ATL-2022-05-30,2,2022-05-31,ARI,ATL,ARI,Mon
ARI-ATL-2022-05-30,3,2022-06-01,ARI,ATL,ATL,Mon
ATL-ARI-2022-07-29,1,2022-07-29,ATL,ARI,ATL,Fri
ATL-ARI-2022-07-29,2,2022-07-30,ATL,ARI,ATL,Fri
ATL-ARI-2022-07-29,3,2022-07-31,ATL,ARI,ATL,Fri
ARI-ATL-2023-06-02,1,2023-06-02,ARI,ATL,ARI,Fri
ARI-ATL-2023-06-02,2,2023-06-03,ARI,ATL,ATL,Fri
ARI-ATL-2023-06-02,3,2023-06-04,ARI,ATL,ATL,Fri
ATL-ARI-2023-07-18,1,2023-07-18,ATL,ARI,ARI,Tue
ATL-ARI-2023-07-18,2,2023-07-19,ATL,ARI,ARI,Tue
ATL-ARI-2023-07-18,3,2023-07-20,ATL,ARI,ATL,Tue
MIN-PIT-2021-04-23,1,2021-04-23,MIN,PIT,MIN,Fri
MIN-PIT-2021-04-23,2,2021-04-24,MIN,PIT,PIT,Fri
MIN-PIT-2021-04-23,3,2021-04-25,MIN,PIT,PIT,Fri
MIN-PIT-2023-08-18,1,2023-08-18,MIN,PIT,MIN,Fri
MIN-PIT-2023-08-18,2,2023-08-19,MIN,PIT,PIT,Fri
MIN-PIT-2023-08-18,3,2023-08-20,MIN,PIT,MIN,Fri
PIT-MIN-2024-06-07,1,2024-06-07,PIT,MIN,PIT,Fri
PIT-MIN-2024-06-07,2,2024-06-08,PIT,MIN,PIT,Fri
PIT-MIN-2024-06-07,3,2024-06-09,PIT,MIN,MIN,Fri
MIN-PIT-2025-07-11,1,2025-07-11,MIN,PIT,MIN,Fri
MIN-PIT-2025-07-11,2,2025-07-12,MIN,PIT,MIN,Fri
MIN-PIT-2025-07-11,3,2025-07-13,MIN,PIT,PIT,Fri
CHW-TEX-2021-04-23,1,2021-04-23,CHW,TEX,CHW,Fri
CHW-TEX-2021-04-23,2,2021-04-24,CHW,TEX,CHW,Fri
CHW-TEX-2021-04-23,3,2021-04-25,CHW,TEX,CHW,Fri
TEX-CHW-2021-09-17,1,2021-09-17,TEX,CHW,CHW,Fri
TEX-CHW-2021-09-17,2,2021-09-18,TEX,CHW,TEX,Fri
TEX-CHW-2021-09-17,3,2021-09-19,TEX,CHW,CHW,Fri
CHW-TEX-2022-06-10,1,2022-06-10,CHW,TEX,CHW,Fri
CHW-TEX-2022-06-10,2,2022-06-11,CHW,TEX,TEX,Fri
CHW-TEX-2022-06-10,3,2022-06-12,CHW,TEX,TEX,Fri
TEX-CHW-2022-08-04,1,2022-08-04,TEX,CHW,TEX,Thu
TEX-CHW-2022-08-04,2,2022-08-05,TEX,CHW,CHW,Thu
TEX-CHW-2022-08-04,3,2022-08-06,TEX,CHW,TEX,Thu
TEX-CHW-2022-08-04,4,2022-08-07,TEX,CHW,CHW,Thu
CHW-TEX-2023-06-19,1,2023-06-19,CHW,TEX,TEX,Mon
CHW-TEX-2023-06-19,2,2023-06-20,CHW,TEX,CHW,Mon
CHW-TEX-2023-06-19,3,2023-06-21,CHW,TEX,TEX,Mon
TEX-CHW-2023-08-01,1,2023-08-01,TEX,CHW,TEX,Tue
TEX-CHW-2023-08-01,2,2023-08-02,TEX,CHW,TEX,Tue
TEX-CHW-2023-08-01,3,2023-08-03,TEX,CHW,TEX,Tue
TEX-CHW-2024-07-22,1,2024-07-22,TEX,CHW,TEX,Mon
TEX-CHW-2024-07-22,2,2024-07-23,TEX,CHW,TEX,Mon
TEX-CHW-2024-07-22,3,2024-07-24,TEX,CHW,TEX,Mon
TEX-CHW-2024-07-22,4,2024-07-25,TEX,CHW,TEX,Mon
CHW-TEX-2024-08-28,1,2024-08-28,CHW,TEX,TEX,Wed
CHW-TEX-2024-08-28,2,2024-08-29,CHW,TEX,TEX,Wed
CHW-TEX-2025-05-23,1,2025-05-23,CHW,TEX,CHW,Fri
CHW-TEX-2025-05-23,2,2025-05-24,CHW,TEX,CHW,Fri
CHW-TEX-2025-05-23,3,2025-05-25,CHW,TEX,TEX,Fri
TEX-CHW-2025-06-13,1,2025-06-13,TEX,CHW,TEX,Fri
TEX-CHW-2025-06-13,2,2025-06-14,TEX,CHW,TEX,Fri
TEX-CHW-2025-06-13,3,2025-06-15,TEX,CHW,TEX,Fri
COL-PHI-2021-04-23,1,2021-04-23,COL,PHI,COL,Fri
COL-PHI-2021-04-23,2,2021-04-24,COL,PHI,PHI,Fri
COL-PHI-2021-04-23,3,2021-04-25,COL,PHI,COL,Fri
PHI-COL-2021-09-09,1,2021-09-09,PHI,COL,COL,Thu
PHI-COL-2021-09-09,2,2021-09-10,PHI,COL,COL,Thu
PHI-COL-2021-09-09,3,2021-09-11,PHI,COL,PHI,Thu
PHI-COL-2021-09-09,4,2021-09-12,PHI,COL,COL,Thu
COL-PHI-2022-04-18,1,2022-04-18,COL,PHI,COL,Mon
COL-PHI-2022-04-18,2,2022-04-19,COL,PHI,COL,Mon
COL-PHI-2022-04-18,3,2022-04-20,COL,PHI,PHI,Mon
PHI-COL-2022-04-25,1,2022-04-25,PHI,COL,PHI,Mon
PHI-COL-2022-04-25,2,2022-04-26,PHI,COL,PHI,Mon
PHI-COL-2022-04-25,3,2022-04-27,PHI,COL,PHI,Mon
PHI-COL-2022-04-25,4,2022-04-28,PHI,COL,PHI,Mon
PHI-COL-2023-04-20,1,2023-04-20,PHI,COL,COL,Thu
PHI-COL-2023-04-20,2,2023-04-21,PHI,COL,PHI,Thu
PHI-COL-2023-04-20,3,2023-04-22,PHI,COL,PHI,Thu
PHI-COL-2023-04-20,4,2023-04-23,PHI,COL,PHI,Thu
COL-PHI-2023-05-12,1,2023-05-12,COL,PHI,PHI,Fri
COL-PHI-2023-05-12,2,2023-05-13,COL,PHI,PHI,Fri
COL-PHI-2023-05-12,3,2023-05-14,COL,PHI,COL,Fri
PHI-COL-2024-04-15,1,2024-04-15,PHI,COL,PHI,Mon
PHI-COL-2024-04-15,2,2024-04-16,PHI,COL,PHI,Mon
PHI-COL-2024-04-15,3,2024-04-17,PHI,COL,PHI,Mon
COL-PHI-2024-05-24,1,2024-05-24,COL,PHI,COL,Fri
COL-PHI-2024-05-24,2,2024-05-25,COL,PHI,PHI,Fri
COL-PHI-2024-05-24,3,2024-05-26,COL,PHI,COL,Fri
PHI-COL-2025-03-31,1,2025-03-31,PHI,COL,PHI,Mon
PHI-COL-2025-03-31,2,2025-04-02,PHI,COL,PHI,Mon
PHI-COL-2025-03-31,3,2025-04-03,PHI,COL,PHI,Mon
COL-PHI-2025-05-19,1,2025-05-19,COL,PHI,PHI,Mon
COL-PHI-2025-05-19,2,2025-05-20,COL,PHI,PHI,Mon
COL-PHI-2025-05-19,3,2025-05-21,COL,PHI,PHI,Mon
COL-PHI-2025-05-19,4,2025-05-22,COL,PHI,PHI,Mon
TB-OAK-2021-04-26,1,2021-04-26,TB,OAK,OAK,Mon
TB-OAK-2021-04-26,2,2021-04-27,TB,OAK,TB,Mon
TB-OAK-2021-04-26,3,2021-04-28,TB,OAK,TB,Mon
TB-OAK-2021-04-26,4,2021-04-29,TB,OAK,OAK,Mon
OAK-TB-2021-05-07,1,2021-05-07,OAK,TB,OAK,Fri
OAK-TB-2021-05-07,2,2021-05-08,OAK,TB,OAK,Fri
OAK-TB-2021-05-07,3,2021-05-09,OAK,TB,TB,Fri
TB-OAK-2022-04-11,1,2022-04-11,TB,OAK,OAK,Mon
TB-OAK-2022-04-11,2,2022-04-12,TB,OAK,TB,Mon
TB-OAK-2022-04-11,3,2022-04-13,TB,OAK,OAK,Mon
TB-OAK-2022-04-11,4,2022-04-14,TB,OAK,OAK,Mon
OAK-TB-2022-05-02,1,2022-05-02,OAK,TB,TB,Mon
OAK-TB-2022-05-02,2,2022-05-03,OAK,TB,TB,Mon
OAK-TB-2022-05-02,3,2022-05-04,OAK,TB,TB,Mon
TB-OAK-2023-04-07,1,2023-04-07,TB,OAK,TB,Fri
TB-OAK-2023-04-07,2,2023-04-08,TB,OAK,TB,Fri
TB-OAK-2023-04-07,3,2023-04-09,TB,OAK,TB,Fri
OAK-TB-2023-06-12,1,2023-06-12,OAK,TB,OAK,Mon
OAK-TB-2023-06-12,2,2023-06-13,OAK,TB,OAK,Mon
OAK-TB-2023-06-12,3,2023-06-14,OAK,TB,TB,Mon
OAK-TB-2023-06-12,4,2023-06-15,OAK,TB,TB,Mon
MIL-MIA-2021-04-26,1,2021-04-26,MIL,MIA,MIA,Mon
MIL-MIA-2021-04-26,2,2021-04-27,MIL,MIA,MIL,Mon
MIL-MIA-2021-04-26,3,2021-04-28,MIL,MIA,MIA,Mon
MIA-MIL-2021-05-07,1,2021-05-07,MIA,MIL,MIA,Fri
MIA-MIL-2021-05-07,2,2021-05-08,MIA,MIL,MIL,Fri
MIA-MIL-2021-05-07,3,2021-05-09,MIA,MIL,MIL,Fri
MIA-MIL-2022-05-13,1,2022-05-13,MIA,MIL,MIL,Fri
MIA-MIL-2022-05-13,2,2022-05-14,MIA,MIL,MIA,Fri
MIA-MIL-2022-05-13,3,2022-05-15,MIA,MIL,MIL,Fri
MIL-MIA-2022-09-29,1,2022-09-29,MIL,MIA,MIA,Thu
MIL-MIA-2022-09-29,2,2022-09-30,MIL,MIA,MIL,Thu
MIL-MIA-2022-09-29,3,2022-10-01,MIL,MIA,MIA,Thu
MIL-MIA-2022-09-29,4,2022-10-02,MIL,MIA,MIA,Thu
MIL-MIA-2023-09-11,1,2023-09-11,MIL,MIA,MIL,Mon
MIL-MIA-2023-09-11,2,2023-09-12,MIL,MIA,MIL,Mon
MIL-MIA-2023-09-11,3,2023-09-13,MIL,MIA,MIA,Mon
MIL-MIA-2023-09-11,4,2023-09-14,MIL,MIA,MIL,Mon
MIA-MIL-2023-09-22,1,2023-09-22,MIA,MIL,MIL,Fri
MIA-MIL-2023-09-22,2,2023-09-23,MIA,MIL,MIA,Fri
MIA-MIL-2023-09-22,3,2023-09-24,MIA,MIL,MIA,Fri
MIA-MIL-2024-05-20,1,2024-05-20,MIA,MIL,MIA,Mon
MIA-MIL-2024-05-20,2,2024-05-21,MIA,MIL,MIL,Mon
MIA-MIL-2024-05-20,3,2024-05-22,MIA,MIL,MIA,Mon
MIL-MIA-2024-07-26,1,2024-07-26,MIL,MIA,MIA,Fri
MIL-MIA-2024-07-26,2,2024-07-27,MIL,MIA,MIA,Fri
MIL-MIA-2024-07-26,3,2024-07-28,MIL,MIA,MIL,Fri
MIA-MIL-2025-07-04,1,2025-07-04,MIA,MIL,MIL,Fri
MIA-MIL-2025-07-04,2,2025-07-05,MIA,MIL,MIA,Fri
MIA-MIL-2025-07-04,3,2025-07-06,MIA,MIL,MIL,Fri
MIL-MIA-2025-07-25,1,2025-07-25,MIL,MIA,MIA,Fri
MIL-MIA-2025-07-25,2,2025-07-26,MIL,MIA,MIA,Fri
MIL-MIA-2025-07-25,3,2025-07-27,MIL,MIA,MIL,Fri
LAD-CIN-2021-04-26,1,2021-04-26,LAD,CIN,CIN,Mon
LAD-CIN-2021-04-26,2,2021-04-27,LAD,CIN,CIN,Mon
LAD-CIN-2021-04-26,3,2021-04-28,LAD,CIN,LAD,Mon
CIN-LAD-2021-09-17,1,2021-09-17,CIN,LAD,CIN,Fri
CIN-LAD-2021-09-17,2,2021-09-18,CIN,LAD,LAD,Fri
CIN-LAD-2021-09-17,3,2021-09-19,CIN,LAD,LAD,Fri
LAD-CIN-2022-04-14,1,2022-04-14,LAD,CIN,LAD,Thu
LAD-CIN-2022-04-14,2,2022-04-15,LAD,CIN,LAD,Thu
LAD-CIN-2022-04-14,3,2022-04-16,LAD,CIN,LAD,Thu
LAD-CIN-2022-04-14,4,2022-04-17,LAD,CIN,LAD,Thu
CIN-LAD-2022-06-21,1,2022-06-21,CIN,LAD,LAD,Tue
CIN-LAD-2022-06-21,2,2022-06-22,CIN,LAD,LAD,Tue
CIN-LAD-2022-06-21,3,2022-06-23,CIN,LAD,LAD,Tue
CIN-LAD-2023-06-06,1,2023-06-06,CIN,LAD,CIN,Tue
CIN-LAD-2023-06-06,2,2023-06-07,CIN,LAD,CIN,Tue
CIN-LAD-2023-06-06,3,2023-06-08,CIN,LAD,LAD,Tue
LAD-CIN-2023-07-28,1,2023-07-28,LAD,CIN,CIN,Fri
LAD-CIN-2023-07-28,2,2023-07-29,LAD,CIN,LAD,Fri
LAD-CIN-2023-07-28,3,2023-07-30,LAD,CIN,CIN,Fri
LAD-CIN-2024-05-16,1,2024-05-16,LAD,CIN,CIN,Thu
LAD-CIN-2024-05-16,2,2024-05-17,LAD,CIN,LAD,Thu
LAD-CIN-2024-05-16,3,2024-05-18,LAD,CIN,LAD,Thu
LAD-CIN-2024-05-16,4,2024-05-19,LAD,CIN,LAD,Thu
CIN-LAD-2024-05-24,1,2024-05-24,CIN,LAD,CIN,Fri
CIN-LAD-2024-05-24,2,2024-05-25,CIN,LAD,CIN,Fri
CIN-LAD-2024-05-24,3,2024-05-26,CIN,LAD,CIN,Fri
CIN-LAD-2025-07-28,1,2025-07-28,CIN,LAD,LAD,Mon
CIN-LAD-2025-07-28,2,2025-07-29,CIN,LAD,LAD,Mon
CIN-LAD-2025-07-28,3,2025-07-30,CIN,LAD,CIN,Mon
PIT-KC-2021-04-27,1,2021-04-27,PIT,KC,PIT,Tue
PIT-KC-2021-04-27,2,2021-04-28,PIT,KC,KC,Tue
KC-PIT-2021-05-31,1,2021-05-31,KC,PIT,KC,Mon
KC-PIT-2021-05-31,2,2021-06-01,KC,PIT,KC,Mon
KC-PIT-2023-08-28,1,2023-08-28,KC,PIT,PIT,Mon
KC-PIT-2023-08-28,2,2023-08-29,KC,PIT,PIT,Mon
KC-PIT-2023-08-28,3,2023-08-30,KC,PIT,PIT,Mon
PIT-KC-2024-09-13,1,2024-09-13,PIT,KC,KC,Fri
PIT-KC-2024-09-13,2,2024-09-14,PIT,KC,KC,Fri
PIT-KC-2024-09-13,3,2024-09-15,PIT,KC,PIT,Fri
KC-PIT-2025-07-07,1,2025-07-07,KC,PIT,KC,Mon
KC-PIT-2025-07-07,2,2025-07-08,KC,PIT,KC,Mon
KC-PIT-2025-07-07,3,2025-07-09,KC,PIT,KC,Mon
TOR-WAS-2021-04-27,1,2021-04-27,TOR,WAS,TOR,Tue
TOR-WAS-2021-04-27,2,2021-04-28,TOR,WAS,WAS,Tue
WAS-TOR-2021-08-17,1,2021-08-17,WAS,TOR,WAS,Tue
WAS-TOR-2021-08-17,2,2021-08-18,WAS,TOR,WAS,Tue
TOR-WAS-2023-08-28,1,2023-08-28,TOR,WAS,TOR,Mon
TOR-WAS-2023-08-28,2,2023-08-29,TOR,WAS,WAS,Mon
TOR-WAS-2023-08-28,3,2023-08-30,TOR,WAS,TOR,Mon
WAS-TOR-2024-05-03,1,2024-05-03,WAS,TOR,WAS,Fri
WAS-TOR-2024-05-03,2,2024-05-04,WAS,TOR,TOR,Fri
WAS-TOR-2024-05-03,3,2024-05-05,WAS,TOR,WAS,Fri
TOR-WAS-2025-03-31,1,2025-03-31,TOR,WAS,TOR,Mon
TOR-WAS-2025-03-31,2,2025-04-01,TOR,WAS,TOR,Mon
TOR-WAS-2025-03-31,3,2025-04-02,TOR,WAS,TOR,Mon
NYM-BOS-2021-04-27,1,2021-04-27,NYM,BOS,BOS,Tue
NYM-BOS-2021-04-27,2,2021-04-28,NYM,BOS,BOS,Tue
BOS-NYM-2021-09-21,1,2021-09-21,BOS,NYM,BOS,Tue
BOS-NYM-2021-09-21,2,2021-09-22,BOS,NYM,BOS,Tue
BOS-NYM-2023-07-22,1,2023-07-22,BOS,NYM,NYM,Sat
BOS-NYM-2023-07-22,2,2023-07-23,BOS,NYM,BOS,Sat
NYM-BOS-2024-09-02,1,2024-09-02,NYM,BOS,NYM,Mon
NYM-BOS-2024-09-02,2,2024-09-03,NYM,BOS,NYM,Mon
NYM-BOS-2024-09-02,3,2024-09-04,NYM,BOS,NYM,Mon
BOS-NYM-2025-05-19,1,2025-05-19,BOS,NYM,BOS,Mon
BOS-NYM-2025-05-19,2,2025-05-20,BOS,NYM,BOS,Mon
BOS-NYM-2025-05-19,3,2025-05-21,BOS,NYM,NYM,Mon
CHW-DET-2021-04-27,1,2021-04-27,CHW,DET,DET,Tue
CHW-DET-2021-04-27,2,2021-04-29,CHW,DET,CHW,Tue
CHW-DET-2021-06-03,1,2021-06-03,CHW,DET,CHW,Thu
CHW-DET-2021-06-03,2,2021-06-04,CHW,DET,CHW,Thu
CHW-DET-2021-06-03,3,2021-06-05,CHW,DET,DET,Thu
CHW-DET-2021-06-03,4,2021-06-06,CHW,DET,CHW,Thu
DET-CHW-2021-06-11,1,2021-06-11,DET,CHW,CHW,Fri
DET-CHW-2021-06-11,2,2021-06-12,DET,CHW,CHW,Fri
DET-CHW-2021-06-11,3,2021-06-13,DET,CHW,CHW,Fri
DET-CHW-2021-07-02,1,2021-07-02,DET,CHW,CHW,Fri
DET-CHW-2021-07-02,2,2021-07-03,DET,CHW,DET,Fri
DET-CHW-2021-07-02,3,2021-07-04,DET,CHW,DET,Fri
DET-CHW-2021-09-20,1,2021-09-20,DET,CHW,DET,Mon
DET-CHW-2021-09-20,2,2021-09-21,DET,CHW,DET,Mon
DET-CHW-2021-09-27,1,2021-09-27,DET,CHW,CHW,Mon
CHW-DET-2021-10-01,1,2021-10-01,CHW,DET,CHW,Fri
CHW-DET-2021-10-01,2,2021-10-02,CHW,DET,CHW,Fri
CHW-DET-2021-10-01,3,2021-10-03,CHW,DET,DET,Fri
DET-CHW-2022-04-08,1,2022-04-08,DET,CHW,DET,Fri
DET-CHW-2022-04-08,2,2022-04-09,DET,CHW,CHW,Fri
DET-CHW-2022-04-08,3,2022-04-10,DET,CHW,CHW,Fri
DET-CHW-2022-06-13,1,2022-06-13,DET,CHW,CHW,Mon
DET-CHW-2022-06-13,2,2022-06-14,DET,CHW,CHW,Mon
DET-CHW-2022-06-13,3,2022-06-15,DET,CHW,CHW,Mon
CHW-DET-2022-07-07,1,2022-07-07,CHW,DET,DET,Thu
CHW-DET-2022-07-07,2,2022-07-08,CHW,DET,DET,Thu
CHW-DET-2022-07-07,3,2022-07-09,CHW,DET,CHW,Thu
CHW-DET-2022-07-07,4,2022-07-10,CHW,DET,CHW,Thu
CHW-DET-2022-08-12,1,2022-08-12,CHW,DET,CHW,Fri
CHW-DET-2022-08-12,2,2022-08-13,CHW,DET,CHW,Fri
CHW-DET-2022-08-12,3,2022-08-14,CHW,DET,CHW,Fri
DET-CHW-2022-09-16,1,2022-09-16,DET,CHW,DET,Fri
DET-CHW-2022-09-16,2,2022-09-17,DET,CHW,CHW,Fri
DET-CHW-2022-09-16,3,2022-09-18,DET,CHW,CHW,Fri
CHW-DET-2022-09-23,1,2022-09-23,CHW,DET,DET,Fri
CHW-DET-2022-09-23,2,2022-09-24,CHW,DET,DET,Fri
CHW-DET-2022-09-23,3,2022-09-25,CHW,DET,DET,Fri
DET-CHW-2023-05-25,1,2023-05-25,DET,CHW,DET,Thu
DET-CHW-2023-05-25,2,2023-05-26,DET,CHW,CHW,Thu
DET-CHW-2023-05-25,3,2023-05-27,DET,CHW,DET,Thu
DET-CHW-2023-05-25,4,2023-05-28,DET,CHW,DET,Thu
CHW-DET-2023-06-02,1,2023-06-02,CHW,DET,CHW,Fri
CHW-DET-2023-06-02,2,2023-06-03,CHW,DET,CHW,Fri
CHW-DET-2023-06-02,3,2023-06-04,CHW,DET,CHW,Fri
CHW-DET-2023-09-01,1,2023-09-01,CHW,DET,DET,Fri
CHW-DET-2023-09-01,2,2023-09-02,CHW,DET,DET,Fri
CHW-DET-2023-09-01,3,2023-09-03,CHW,DET,DET,Fri
DET-CHW-2023-09-08,1,2023-09-08,DET,CHW,CHW,Fri
DET-CHW-2023-09-08,2,2023-09-09,DET,CHW,DET,Fri
DET-CHW-2023-09-08,3,2023-09-10,DET,CHW,DET,Fri
CHW-DET-2024-03-28,1,2024-03-28,CHW,DET,DET,Thu
CHW-DET-2024-03-28,2,2024-03-30,CHW,DET,DET,Thu
CHW-DET-2024-03-28,3,2024-03-31,CHW,DET,DET,Thu
DET-CHW-2024-06-21,1,2024-06-21,DET,CHW,DET,Fri
DET-CHW-2024-06-21,2,2024-06-22,DET,CHW,CHW,Fri
DET-CHW-2024-06-21,3,2024-06-23,DET,CHW,DET,Fri
CHW-DET-2024-08-23,1,2024-08-23,CHW,DET,DET,Fri
CHW-DET-2024-08-23,2,2024-08-24,CHW,DET,DET,Fri
CHW-DET-2024-08-23,3,2024-08-25,CHW,DET,DET,Fri
CHW-DET-2024-08-23,4,2024-08-26,CHW,DET,DET,Fri
DET-CHW-2024-09-27,1,2024-09-27,DET,CHW,DET,Fri
DET-CHW-2024-09-27,2,2024-09-28,DET,CHW,CHW,Fri
DET-CHW-2024-09-27,3,2024-09-29,DET,CHW,CHW,Fri
DET-CHW-2025-04-04,1,2025-04-04,DET,CHW,DET,Fri
DET-CHW-2025-04-04,2,2025-04-05,DET,CHW,DET,Fri
DET-CHW-2025-04-04,3,2025-04-06,DET,CHW,DET,Fri
CHW-DET-2025-06-02,1,2025-06-02,CHW,DET,DET,Mon
CHW-DET-2025-06-02,2,2025-06-03,CHW,DET,CHW,Mon
CHW-DET-2025-06-02,3,2025-06-04,CHW,DET,DET,Mon
CHW-DET-2025-06-02,4,2025-06-05,CHW,DET,CHW,Mon
CHW-DET-2025-08-11,1,2025-08-11,CHW,DET,DET,Mon
CHW-DET-2025-08-11,2,2025-08-12,CHW,DET,CHW,Mon
CHW-DET-2025-08-11,3,2025-08-13,CHW,DET,DET,Mon
MIL-LAD-2021-04-29,1,2021-04-29,MIL,LAD,MIL,Thu
MIL-LAD-2021-04-29,2,2021-04-30,MIL,LAD,MIL,Thu
MIL-LAD-2021-04-29,3,2021-05-01,MIL,LAD,MIL,Thu
MIL-LAD-2021-04-29,4,2021-05-02,MIL,LAD,LAD,Thu
LAD-MIL-2021-10-01,1,2021-10-01,LAD,MIL,LAD,Fri
LAD-MIL-2021-10-01,2,2021-10-02,LAD,MIL,LAD,Fri
LAD-MIL-2021-10-01,3,2021-10-03,LAD,MIL,LAD,Fri
MIL-LAD-2022-08-15,1,2022-08-15,MIL,LAD,LAD,Mon
MIL-LAD-2022-08-15,2,2022-08-16,MIL,LAD,MIL,Mon
MIL-LAD-2022-08-15,3,2022-08-17,MIL,LAD,LAD,Mon
MIL-LAD-2022-08-15,4,2022-08-18,MIL,LAD,MIL,Mon
LAD-MIL-2022-08-22,1,2022-08-22,LAD,MIL,MIL,Mon
LAD-MIL-2022-08-22,2,2022-08-23,LAD,MIL,LAD,Mon
LAD-MIL-2022-08-22,3,2022-08-24,LAD,MIL,LAD,Mon
MIL-LAD-2023-05-08,1,2023-05-08,MIL,LAD,MIL,Mon
MIL-LAD-2023-05-08,2,2023-05-09,MIL,LAD,LAD,Mon
MIL-LAD-2023-05-08,3,2023-05-10,MIL,LAD,LAD,Mon
LAD-MIL-2023-08-15,1,2023-08-15,LAD,MIL,LAD,Tue
LAD-MIL-2023-08-15,2,2023-08-16,LAD,MIL,LAD,Tue
LAD-MIL-2023-08-15,3,2023-08-17,LAD,MIL,LAD,Tue
LAD-MIL-2024-07-05,1,2024-07-05,LAD,MIL,LAD,Fri
LAD-MIL-2024-07-05,2,2024-07-06,LAD,MIL,LAD,Fri
LAD-MIL-2024-07-05,3,2024-07-07,LAD,MIL,MIL,Fri
MIL-LAD-2024-08-12,1,2024-08-12,MIL,LAD,LAD,Mon
MIL-LAD-2024-08-12,2,2024-08-13,MIL,LAD,LAD,Mon
MIL-LAD-2024-08-12,3,2024-08-14,MIL,LAD,MIL,Mon
MIL-LAD-2024-08-12,4,2024-08-15,MIL,LAD,MIL,Mon
MIL-LAD-2025-07-07,1,2025-07-07,MIL,LAD,MIL,Mon
MIL-LAD-2025-07-07,2,2025-07-08,MIL,LAD,MIL,Mon
MIL-LAD-2025-07-07,3,2025-07-09,MIL,LAD,MIL,Mon
LAD-MIL-2025-07-18,1,2025-07-18,LAD,MIL,MIL,Fri
LAD-MIL-2025-07-18,2,2025-07-19,LAD,MIL,MIL,Fri
LAD-MIL-2025-07-18,3,2025-07-20,LAD,MIL,MIL,Fri
TEX-BOS-2021-04-29,1,2021-04-29,TEX,BOS,TEX,Thu
TEX-BOS-2021-04-29,2,2021-04-30,TEX,BOS,BOS,Thu
TEX-BOS-2021-04-29,3,2021-05-01,TEX,BOS,TEX,Thu
TEX-BOS-2021-04-29,4,2021-05-02,TEX,BOS,TEX,Thu
BOS-TEX-2021-08-20,1,2021-08-20,BOS,TEX,BOS,Fri
BOS-TEX-2021-08-20,2,2021-08-21,BOS,TEX,TEX,Fri
BOS-TEX-2021-08-20,3,2021-08-23,BOS,TEX,BOS,Fri
TEX-BOS-2022-05-13,1,2022-05-13,TEX,BOS,BOS,Fri
TEX-BOS-2022-05-13,2,2022-05-14,TEX,BOS,BOS,Fri
TEX-BOS-2022-05-13,3,2022-05-15,TEX,BOS,TEX,Fri
BOS-TEX-2022-09-01,1,2022-09-01,BOS,TEX,BOS,Thu
BOS-TEX-2022-09-01,2,2022-09-02,BOS,TEX,BOS,Thu
BOS-TEX-2022-09-01,3,2022-09-03,BOS,TEX,BOS,Thu
BOS-TEX-2022-09-01,4,2022-09-04,BOS,TEX,BOS,Thu
BOS-TEX-2023-07-04,1,2023-07-04,BOS,TEX,TEX,Tue
BOS-TEX-2023-07-04,2,2023-07-05,BOS,TEX,BOS,Tue
BOS-TEX-2023-07-04,3,2023-07-06,BOS,TEX,BOS,Tue
TEX-BOS-2023-09-18,1,2023-09-18,TEX,BOS,BOS,Mon
TEX-BOS-2023-09-18,2,2023-09-19,TEX,BOS,TEX,Mon
TEX-BOS-2023-09-18,3,2023-09-20,TEX,BOS,TEX,Mon
TEX-BOS-2024-08-02,1,2024-08-02,TEX,BOS,BOS,Fri
TEX-BOS-2024-08-02,2,2024-08-03,TEX,BOS,TEX,Fri
TEX-BOS-2024-08-02,3,2024-08-04,TEX,BOS,BOS,Fri
BOS-TEX-2024-08-12,1,2024-08-12,BOS,TEX,BOS,Mon
BOS-TEX-2024-08-12,2,2024-08-13,BOS,TEX,BOS,Mon
BOS-TEX-2024-08-12,3,2024-08-14,BOS,TEX,TEX,Mon
TEX-BOS-2025-03-27,1,2025-03-27,TEX,BOS,BOS,Thu
TEX-BOS-2025-03-27,2,2025-03-28,TEX,BOS,TEX,Thu
TEX-BOS-2025-03-27,3,2025-03-29,TEX,BOS,TEX,Thu
TEX-BOS-2025-03-27,4,2025-03-30,TEX,BOS,TEX,Thu
BOS-TEX-2025-05-06,1,2025-05-06,BOS,TEX,TEX,Tue
BOS-TEX-2025-05-06,2,2025-05-07,BOS,TEX,BOS,Tue
BOS-TEX-2025-05-06,3,2025-05-08,BOS,TEX,BOS,Tue
PIT-STL-2021-04-30,1,2021-04-30,PIT,STL,STL,Fri
PIT-STL-2021-04-30,2,2021-05-01,PIT,STL,STL,Fri
PIT-STL-2021-04-30,3,2021-05-02,PIT,STL,STL,Fri
STL-PIT-2021-05-18,1,2021-05-18,STL,PIT,STL,Tue
STL-PIT-2021-05-18,2,2021-05-19,STL,PIT,STL,Tue
STL-PIT-2021-06-24,1,2021-06-24,STL,PIT,PIT,Thu
STL-PIT-2021-06-24,2,2021-06-25,STL,PIT,PIT,Thu
STL-PIT-2021-06-24,3,2021-06-26,STL,PIT,STL,Thu
STL-PIT-2021-06-24,4,2021-06-27,STL,PIT,PIT,Thu
PIT-STL-2021-08-10,1,2021-08-10,PIT,STL,STL,Tue
PIT-STL-2021-08-10,2,2021-08-11,PIT,STL,STL,Tue
PIT-STL-2021-08-10,3,2021-08-12,PIT,STL,STL,Tue
STL-PIT-2021-08-20,1,2021-08-20,STL,PIT,PIT,Fri
STL-PIT-2021-08-20,2,2021-08-21,STL,PIT,PIT,Fri
STL-PIT-2021-08-20,3,2021-08-22,STL,PIT,STL,Fri
PIT-STL-2021-08-26,1,2021-08-26,PIT,STL,PIT,Thu
PIT-STL-2021-08-26,2,2021-08-27,PIT,STL,STL,Thu
PIT-STL-2021-08-26,3,2021-08-28,PIT,STL,STL,Thu
PIT-STL-2021-08-26,4,2021-08-29,PIT,STL,PIT,Thu
STL-PIT-2022-04-07,1,2022-04-07,STL,PIT,STL,Thu
STL-PIT-2022-04-07,2,2022-04-09,STL,PIT,STL,Thu
STL-PIT-2022-04-07,3,2022-04-10,STL,PIT,PIT,Thu
PIT-STL-2022-05-20,1,2022-05-20,PIT,STL,STL,Fri
PIT-STL-2022-05-20,2,2022-05-21,PIT,STL,STL,Fri
PIT-STL-2022-05-20,3,2022-05-22,PIT,STL,STL,Fri
STL-PIT-2022-06-13,1,2022-06-13,STL,PIT,STL,Mon
STL-PIT-2022-06-13,2,2022-06-14,STL,PIT,STL,Mon
STL-PIT-2022-06-13,3,2022-06-15,STL,PIT,PIT,Mon
PIT-STL-2022-09-09,1,2022-09-09,PIT,STL,PIT,Fri
PIT-STL-2022-09-09,2,2022-09-10,PIT,STL,STL,Fri
PIT-STL-2022-09-09,3,2022-09-11,PIT,STL,STL,Fri
STL-PIT-2022-09-30,1,2022-09-30,STL,PIT,STL,Fri
STL-PIT-2022-09-30,2,2022-10-01,STL,PIT,STL,Fri
STL-PIT-2022-09-30,3,2022-10-02,STL,PIT,PIT,Fri
PIT-STL-2022-10-03,1,2022-10-03,PIT,STL,PIT,Mon
PIT-STL-2022-10-03,2,2022-10-04,PIT,STL,STL,Mon
PIT-STL-2022-10-03,3,2022-10-05,PIT,STL,PIT,Mon
STL-PIT-2023-04-13,1,2023-04-13,STL,PIT,PIT,Thu
STL-PIT-2023-04-13,2,2023-04-14,STL,PIT,STL,Thu
STL-PIT-2023-04-13,3,2023-04-15,STL,PIT,PIT,Thu
STL-PIT-2023-04-13,4,2023-04-16,STL,PIT,STL,Thu
PIT-STL-2023-06-02,1,2023-06-02,PIT,STL,PIT,Fri
PIT-STL-2023-06-02,2,2023-06-03,PIT,STL,PIT,Fri
PIT-STL-2023-06-02,3,2023-06-04,PIT,STL,PIT,Fri
PIT-STL-2023-08-21,1,2023-08-21,PIT,STL,PIT,Mon
PIT-STL-2023-08-21,2,2023-08-22,PIT,STL,PIT,Mon
PIT-STL-2023-08-21,3,2023-08-23,PIT,STL,STL,Mon
STL-PIT-2023-09-01,1,2023-09-01,STL,PIT,PIT,Fri
STL-PIT-2023-09-01,2,2023-09-02,STL,PIT,PIT,Fri
STL-PIT-2023-09-01,3,2023-09-03,STL,PIT,STL,Fri
STL-PIT-2024-06-11,1,2024-06-11,STL,PIT,PIT,Tue
STL-PIT-2024-06-11,2,2024-06-12,STL,PIT,STL,Tue
STL-PIT-2024-06-11,3,2024-06-13,STL,PIT,STL,Tue
PIT-STL-2024-07-02,1,2024-07-02,PIT,STL,STL,Tue
PIT-STL-2024-07-02,2,2024-07-03,PIT,STL,PIT,Tue
PIT-STL-2024-07-02,3,2024-07-04,PIT,STL,STL,Tue
PIT-STL-2024-07-22,1,2024-07-22,PIT,STL,PIT,Mon
PIT-STL-2024-07-22,2,2024-07-23,PIT,STL,STL,Mon
PIT-STL-2024-07-22,3,2024-07-24,PIT,STL,PIT,Mon
STL-PIT-2024-09-16,1,2024-09-16,STL,PIT,STL,Mon
STL-PIT-2024-09-16,2,2024-09-17,STL,PIT,STL,Mon
STL-PIT-2024-09-16,3,2024-09-18,STL,PIT,STL,Mon
STL-PIT-2024-09-16,4,2024-09-19,STL,PIT,PIT,Mon
PIT-STL-2025-04-07,1,2025-04-07,PIT,STL,PIT,Mon
PIT-STL-2025-04-07,2,2025-04-08,PIT,STL,STL,Mon
PIT-STL-2025-04-07,3,2025-04-09,PIT,STL,PIT,Mon
STL-PIT-2025-05-05,1,2025-05-05,STL,PIT,STL,Mon
STL-PIT-2025-05-05,2,2025-05-06,STL,PIT,STL,Mon
STL-PIT-2025-05-05,3,2025-05-07,STL,PIT,STL,Mon
PIT-STL-2025-06-30,1,2025-06-30,PIT,STL,PIT,Mon
PIT-STL-2025-06-30,2,2025-07-01,PIT,STL,PIT,Mon
PIT-STL-2025-06-30,3,2025-07-02,PIT,STL,PIT,Mon
WAS-MIA-2021-04-30,1,2021-04-30,WAS,MIA,WAS,Fri
WAS-MIA-2021-04-30,2,2021-05-01,WAS,MIA,WAS,Fri
WAS-MIA-2021-04-30,3,2021-05-02,WAS,MIA,WAS,Fri
MIA-WAS-2021-06-24,1,2021-06-24,MIA,WAS,WAS,Thu
MIA-WAS-2021-06-24,2,2021-06-25,MIA,WAS,MIA,Thu
MIA-WAS-2021-06-24,3,2021-06-26,MIA,WAS,MIA,Thu
MIA-WAS-2021-06-24,4,2021-06-27,MIA,WAS,WAS,Thu
WAS-MIA-2021-07-19,1,2021-07-19,WAS,MIA,WAS,Mon
WAS-MIA-2021-07-19,2,2021-07-20,WAS,MIA,WAS,Mon
WAS-MIA-2021-07-19,3,2021-07-21,WAS,MIA,MIA,Mon
MIA-WAS-2021-08-24,1,2021-08-24,MIA,WAS,WAS,Tue
MIA-WAS-2021-08-24,2,2021-08-25,MIA,WAS,MIA,Tue
MIA-WAS-2021-08-24,3,2021-08-26,MIA,WAS,MIA,Tue
WAS-MIA-2021-09-13,1,2021-09-13,WAS,MIA,MIA,Mon
WAS-MIA-2021-09-13,2,2021-09-14,WAS,MIA,WAS,Mon
WAS-MIA-2021-09-13,3,2021-09-15,WAS,MIA,MIA,Mon
MIA-WAS-2021-09-20,1,2021-09-20,MIA,WAS,MIA,Mon
MIA-WAS-2021-09-20,2,2021-09-21,MIA,WAS,WAS,Mon
MIA-WAS-2021-09-20,3,2021-09-22,MIA,WAS,WAS,Mon
WAS-MIA-2022-04-26,1,2022-04-26,WAS,MIA,MIA,Tue
WAS-MIA-2022-04-26,2,2022-04-27,WAS,MIA,MIA,Tue
WAS-MIA-2022-04-26,3,2022-04-28,WAS,MIA,MIA,Tue
MIA-WAS-2022-05-16,1,2022-05-16,MIA,WAS,MIA,Mon
MIA-WAS-2022-05-16,2,2022-05-17,MIA,WAS,MIA,Mon
MIA-WAS-2022-05-16,3,2022-05-18,MIA,WAS,WAS,Mon
MIA-WAS-2022-06-07,1,2022-06-07,MIA,WAS,MIA,Tue
MIA-WAS-2022-06-07,2,2022-06-08,MIA,WAS,MIA,Tue
MIA-WAS-2022-06-07,3,2022-06-09,MIA,WAS,MIA,Tue
WAS-MIA-2022-07-01,1,2022-07-01,WAS,MIA,MIA,Fri
WAS-MIA-2022-07-01,2,2022-07-02,WAS,MIA,MIA,Fri
WAS-MIA-2022-07-01,3,2022-07-03,WAS,MIA,MIA,Fri
WAS-MIA-2022-07-01,4,2022-07-04,WAS,MIA,MIA,Fri
WAS-MIA-2022-09-16,1,2022-09-16,WAS,MIA,WAS,Fri
WAS-MIA-2022-09-16,2,2022-09-17,WAS,MIA,WAS,Fri
WAS-MIA-2022-09-16,3,2022-09-18,WAS,MIA,MIA,Fri
MIA-WAS-2022-09-23,1,2022-09-23,MIA,WAS,MIA,Fri
MIA-WAS-2022-09-23,2,2022-09-24,MIA,WAS,MIA,Fri
MIA-WAS-2022-09-23,3,2022-09-25,MIA,WAS,WAS,Fri
MIA-WAS-2023-05-16,1,2023-05-16,MIA,WAS,MIA,Tue
MIA-WAS-2023-05-16,2,2023-05-17,MIA,WAS,MIA,Tue
MIA-WAS-2023-05-16,3,2023-05-18,MIA,WAS,MIA,Tue
WAS-MIA-2023-06-16,1,2023-06-16,WAS,MIA,MIA,Fri
WAS-MIA-2023-06-16,2,2023-06-17,WAS,MIA,MIA,Fri
WAS-MIA-2023-06-16,3,2023-06-18,WAS,MIA,MIA,Fri
MIA-WAS-2023-08-25,1,2023-08-25,MIA,WAS,WAS,Fri
MIA-WAS-2023-08-25,2,2023-08-26,MIA,WAS,WAS,Fri
MIA-WAS-2023-08-25,3,2023-08-27,MIA,WAS,MIA,Fri
WAS-MIA-2023-08-31,1,2023-08-31,WAS,MIA,MIA,Thu
WAS-MIA-2023-08-31,2,2023-09-01,WAS,MIA,MIA,Thu
WAS-MIA-2023-08-31,3,2023-09-02,WAS,MIA,MIA,Thu
WAS-MIA-2023-08-31,4,2023-09-03,WAS,MIA,MIA,Thu
MIA-WAS-2024-04-26,1,2024-04-26,MIA,WAS,WAS,Fri
MIA-WAS-2024-04-26,2,2024-04-27,MIA,WAS,WAS,Fri
MIA-WAS-2024-04-26,3,2024-04-28,MIA,WAS,WAS,Fri
MIA-WAS-2024-04-26,4,2024-04-29,MIA,WAS,WAS,Fri
WAS-MIA-2024-06-14,1,2024-06-14,WAS,MIA,WAS,Fri
WAS-MIA-2024-06-14,2,2024-06-15,WAS,MIA,WAS,Fri
WAS-MIA-2024-06-14,3,2024-06-16,WAS,MIA,WAS,Fri
MIA-WAS-2024-09-03,1,2024-09-03,MIA,WAS,WAS,Tue
MIA-WAS-2024-09-03,2,2024-09-04,MIA,WAS,MIA,Tue
WAS-MIA-2024-09-12,1,2024-09-12,WAS,MIA,MIA,Thu
WAS-MIA-2024-09-12,2,2024-09-13,WAS,MIA,WAS,Thu
WAS-MIA-2024-09-12,3,2024-09-14,WAS,MIA,WAS,Thu
WAS-MIA-2024-09-12,4,2024-09-15,WAS,MIA,WAS,Thu
MIA-WAS-2025-04-11,1,2025-04-11,MIA,WAS,WAS,Fri
MIA-WAS-2025-04-11,2,2025-04-12,MIA,WAS,MIA,Fri
MIA-WAS-2025-04-11,3,2025-04-13,MIA,WAS,MIA,Fri
WAS-MIA-2025-06-13,1,2025-06-13,WAS,MIA,MIA,Fri
WAS-MIA-2025-06-13,2,2025-06-14,WAS,MIA,MIA,Fri
WAS-MIA-2025-06-13,3,2025-06-15,WAS,MIA,MIA,Fri
NYY-DET-2021-04-30,1,2021-04-30,NYY,DET,NYY,Fri
NYY-DET-2021-04-30,2,2021-05-01,NYY,DET,NYY,Fri
NYY-DET-2021-04-30,3,2021-05-02,NYY,DET,NYY,Fri
DET-NYY-2021-05-28,1,2021-05-28,DET,NYY,DET,Fri
DET-NYY-2021-05-28,2,2021-05-29,DET,NYY,DET,Fri
DET-NYY-2021-05-28,3,2021-05-30,DET,NYY,DET,Fri
DET-NYY-2022-04-19,1,2022-04-19,DET,NYY,NYY,Tue
DET-NYY-2022-04-19,2,2022-04-20,DET,NYY,NYY,Tue
DET-NYY-2022-04-19,3,2022-04-21,DET,NYY,DET,Tue
NYY-DET-2022-06-03,1,2022-06-03,NYY,DET,NYY,Fri
NYY-DET-2022-06-03,2,2022-06-04,NYY,DET,NYY,Fri
NYY-DET-2022-06-03,3,2022-06-05,NYY,DET,NYY,Fri
DET-NYY-2023-08-28,1,2023-08-28,DET,NYY,NYY,Mon
DET-NYY-2023-08-28,2,2023-08-29,DET,NYY,NYY,Mon
DET-NYY-2023-08-28,3,2023-08-30,DET,NYY,NYY,Mon
DET-NYY-2023-08-28,4,2023-08-31,DET,NYY,DET,Mon
NYY-DET-2023-09-05,1,2023-09-05,NYY,DET,NYY,Tue
NYY-DET-2023-09-05,2,2023-09-06,NYY,DET,NYY,Tue
NYY-DET-2023-09-05,3,2023-09-07,NYY,DET,DET,Tue
NYY-DET-2024-05-03,1,2024-05-03,NYY,DET,NYY,Fri
NYY-DET-2024-05-03,2,2024-05-04,NYY,DET,NYY,Fri
NYY-DET-2024-05-03,3,2024-05-05,NYY,DET,NYY,Fri
DET-NYY-2024-08-16,1,2024-08-16,DET,NYY,NYY,Fri
DET-NYY-2024-08-16,2,2024-08-17,DET,NYY,DET,Fri
DET-NYY-2024-08-16,3,2024-08-18,DET,NYY,DET,Fri
DET-NYY-2025-04-07,1,2025-04-07,DET,NYY,DET,Mon
DET-NYY-2025-04-07,2,2025-04-08,DET,NYY,DET,Mon
DET-NYY-2025-04-07,3,2025-04-09,DET,NYY,NYY,Mon
CIN-CHC-2021-04-30,1,2021-04-30,CIN,CHC,CIN,Fri
CIN-CHC-2021-04-30,2,2021-05-01,CIN,CHC,CHC,Fri
CIN-CHC-2021-04-30,3,2021-05-02,CIN,CHC,CIN,Fri
CHC-CIN-2021-05-28,1,2021-05-28,CHC,CIN,CHC,Fri
CHC-CIN-2021-05-28,2,2021-05-29,CHC,CIN,CHC,Fri
CHC-CIN-2021-05-28,3,2021-05-30,CHC,CIN,CIN,Fri
CIN-CHC-2021-07-02,1,2021-07-02,CIN,CHC,CIN,Fri
CIN-CHC-2021-07-02,2,2021-07-03,CIN,CHC,CIN,Fri
CIN-CHC-2021-07-02,3,2021-07-04,CIN,CHC,CIN,Fri
CHC-CIN-2021-07-26,1,2021-07-26,CHC,CIN,CHC,Mon
CHC-CIN-2021-07-26,2,2021-07-27,CHC,CIN,CIN,Mon
CHC-CIN-2021-07-26,3,2021-07-28,CHC,CIN,CIN,Mon
CHC-CIN-2021-07-26,4,2021-07-29,CHC,CIN,CIN,Mon
CIN-CHC-2021-08-16,1,2021-08-16,CIN,CHC,CIN,Mon
CIN-CHC-2021-08-16,2,2021-08-17,CIN,CHC,CHC,Mon
CIN-CHC-2021-08-16,3,2021-08-18,CIN,CHC,CHC,Mon
CHC-CIN-2021-09-06,1,2021-09-06,CHC,CIN,CHC,Mon
CHC-CIN-2021-09-06,2,2021-09-07,CHC,CIN,CIN,Mon
CHC-CIN-2021-09-06,3,2021-09-08,CHC,CIN,CHC,Mon
CIN-CHC-2022-05-23,1,2022-05-23,CIN,CHC,CHC,Mon
CIN-CHC-2022-05-23,2,2022-05-24,CIN,CHC,CHC,Mon
CIN-CHC-2022-05-23,3,2022-05-25,CIN,CHC,CIN,Mon
CIN-CHC-2022-05-23,4,2022-05-26,CIN,CHC,CIN,Mon
CHC-CIN-2022-06-28,1,2022-06-28,CHC,CIN,CIN,Tue
CHC-CIN-2022-06-28,2,2022-06-29,CHC,CIN,CHC,Tue
CHC-CIN-2022-06-28,3,2022-06-30,CHC,CIN,CHC,Tue
CIN-CHC-2022-08-11,1,2022-08-11,CIN,CHC,CHC,Thu
CIN-CHC-2022-08-11,2,2022-08-13,CIN,CHC,CHC,Thu
CIN-CHC-2022-08-11,3,2022-08-14,CIN,CHC,CIN,Thu
CHC-CIN-2022-09-06,1,2022-09-06,CHC,CIN,CHC,Tue
CHC-CIN-2022-09-06,2,2022-09-07,CHC,CIN,CIN,Tue
CHC-CIN-2022-09-06,3,2022-09-08,CHC,CIN,CIN,Tue
CHC-CIN-2022-09-30,1,2022-09-30,CHC,CIN,CHC,Fri
CHC-CIN-2022-09-30,2,2022-10-01,CHC,CIN,CHC,Fri
CHC-CIN-2022-09-30,3,2022-10-02,CHC,CIN,CHC,Fri
CIN-CHC-2022-10-03,1,2022-10-03,CIN,CHC,CIN,Mon
CIN-CHC-2022-10-03,2,2022-10-04,CIN,CHC,CIN,Mon
CIN-CHC-2022-10-03,3,2022-10-05,CIN,CHC,CHC,Mon
CIN-CHC-2023-04-03,1,2023-04-03,CIN,CHC,CIN,Mon
CIN-CHC-2023-04-03,2,2023-04-04,CIN,CHC,CHC,Mon
CHC-CIN-2023-05-26,1,2023-05-26,CHC,CIN,CIN,Fri
CHC-CIN-2023-05-26,2,2023-05-27,CHC,CIN,CIN,Fri
CHC-CIN-2023-05-26,3,2023-05-28,CHC,CIN,CIN,Fri
CHC-CIN-2023-07-31,1,2023-07-31,CHC,CIN,CIN,Mon
CHC-CIN-2023-07-31,2,2023-08-01,CHC,CIN,CHC,Mon
CHC-CIN-2023-07-31,3,2023-08-02,CHC,CIN,CHC,Mon
CHC-CIN-2023-07-31,4,2023-08-03,CHC,CIN,CHC,Mon
CIN-CHC-2023-09-01,1,2023-09-01,CIN,CHC,CHC,Fri
CIN-CHC-2023-09-01,2,2023-09-02,CIN,CHC,CIN,Fri
CIN-CHC-2023-09-01,3,2023-09-03,CIN,CHC,CHC,Fri
CHC-CIN-2024-05-31,1,2024-05-31,CHC,CIN,CIN,Fri
CHC-CIN-2024-05-31,2,2024-06-01,CHC,CIN,CHC,Fri
CHC-CIN-2024-05-31,3,2024-06-02,CHC,CIN,CIN,Fri
CIN-CHC-2024-06-06,1,2024-06-06,CIN,CHC,CIN,Thu
CIN-CHC-2024-06-06,2,2024-06-07,CIN,CHC,CIN,Thu
CIN-CHC-2024-06-06,3,2024-06-08,CIN,CHC,CIN,Thu
CIN-CHC-2024-06-06,4,2024-06-09,CIN,CHC,CHC,Thu
CIN-CHC-2024-07-29,1,2024-07-29,CIN,CHC,CIN,Mon
CIN-CHC-2024-07-29,2,2024-07-30,CIN,CHC,CIN,Mon
CIN-CHC-2024-07-29,3,2024-07-31,CIN,CHC,CHC,Mon
CHC-CIN-2024-09-27,1,2024-09-27,CHC,CIN,CHC,Fri
CHC-CIN-2024-09-27,2,2024-09-28,CHC,CIN,CHC,Fri
CHC-CIN-2024-09-27,3,2024-09-29,CHC,CIN,CIN,Fri
CIN-CHC-2025-05-23,1,2025-05-23,CIN,CHC,CHC,Fri
CIN-CHC-2025-05-23,2,2025-05-24,CIN,CHC,CIN,Fri
CIN-CHC-2025-05-23,3,2025-05-25,CIN,CHC,CHC,Fri
CHC-CIN-2025-05-30,1,2025-05-30,CHC,CIN,CIN,Fri
CHC-CIN-2025-05-30,2,2025-05-31,CHC,CIN,CHC,Fri
CHC-CIN-2025-05-30,3,2025-06-01,CHC,CIN,CHC,Fri
CHC-CIN-2025-08-04,1,2025-08-04,CHC,CIN,CIN,Mon
CHC-CIN-2025-08-04,2,2025-08-05,CHC,CIN,CIN,Mon
CHC-CIN-2025-08-04,3,2025-08-06,CHC,CIN,CHC,Mon
TB-HOU-2021-04-30,1,2021-04-30,TB,HOU,HOU,Fri
TB-HOU-2021-04-30,2,2021-05-01,TB,HOU,HOU,Fri
TB-HOU-2021-04-30,3,2021-05-02,TB,HOU,TB,Fri
HOU-TB-2021-09-28,1,2021-09-28,HOU,TB,HOU,Tue
HOU-TB-2021-09-28,2,2021-09-29,HOU,TB,TB,Tue
HOU-TB-2021-09-28,3,2021-09-30,HOU,TB,HOU,Tue
TB-HOU-2022-09-19,1,2022-09-19,TB,HOU,HOU,Mon
TB-HOU-2022-09-19,2,2022-09-20,TB,HOU,HOU,Mon
TB-HOU-2022-09-19,3,2022-09-21,TB,HOU,HOU,Mon
HOU-TB-2022-09-30,1,2022-09-30,HOU,TB,TB,Fri
HOU-TB-2022-09-30,2,2022-10-01,HOU,TB,HOU,Fri
HOU-TB-2022-09-30,3,2022-10-02,HOU,TB,HOU,Fri
TB-HOU-2023-04-24,1,2023-04-24,TB,HOU,TB,Mon
TB-HOU-2023-04-24,2,2023-04-25,TB,HOU,HOU,Mon
TB-HOU-2023-04-24,3,2023-04-26,TB,HOU,HOU,Mon
HOU-TB-2023-07-28,1,2023-07-28,HOU,TB,TB,Fri
HOU-TB-2023-07-28,2,2023-07-29,HOU,TB,HOU,Fri
HOU-TB-2023-07-28,3,2023-07-30,HOU,TB,TB,Fri
HOU-TB-2024-08-02,1,2024-08-02,HOU,TB,HOU,Fri
HOU-TB-2024-08-02,2,2024-08-03,HOU,TB,TB,Fri
HOU-TB-2024-08-02,3,2024-08-04,HOU,TB,TB,Fri
TB-HOU-2024-08-12,1,2024-08-12,TB,HOU,HOU,Mon
TB-HOU-2024-08-12,2,2024-08-13,TB,HOU,HOU,Mon
TB-HOU-2024-08-12,3,2024-08-14,TB,HOU,HOU,Mon
TB-HOU-2025-05-19,1,2025-05-19,TB,HOU,HOU,Mon
TB-HOU-2025-05-19,2,2025-05-20,TB,HOU,TB,Mon
TB-HOU-2025-05-19,3,2025-05-21,TB,HOU,TB,Mon
HOU-TB-2025-05-29,1,2025-05-29,HOU,TB,TB,Thu
HOU-TB-2025-05-29,2,2025-05-30,HOU,TB,HOU,Thu
HOU-TB-2025-05-29,3,2025-05-31,HOU,TB,TB,Thu
HOU-TB-2025-05-29,4,2025-06-01,HOU,TB,HOU,Thu
TOR-ATL-2021-04-30,1,2021-04-30,TOR,ATL,TOR,Fri
TOR-ATL-2021-04-30,2,2021-05-01,TOR,ATL,TOR,Fri
TOR-ATL-2021-04-30,3,2021-05-02,TOR,ATL,TOR,Fri
ATL-TOR-2021-05-11,1,2021-05-11,ATL,TOR,TOR,Tue
ATL-TOR-2021-05-11,2,2021-05-12,ATL,TOR,TOR,Tue
ATL-TOR-2021-05-11,3,2021-05-13,ATL,TOR,TOR,Tue
TOR-ATL-2023-05-12,1,2023-05-12,TOR,ATL,TOR,Fri
TOR-ATL-2023-05-12,2,2023-05-13,TOR,ATL,TOR,Fri
TOR-ATL-2023-05-12,3,2023-05-14,TOR,ATL,TOR,Fri
ATL-TOR-2024-09-06,1,2024-09-06,ATL,TOR,ATL,Fri
ATL-TOR-2024-09-06,2,2024-09-07,ATL,TOR,TOR,Fri
ATL-TOR-2024-09-06,3,2024-09-08,ATL,TOR,ATL,Fri
TOR-ATL-2025-04-14,1,2025-04-14,TOR,ATL,ATL,Mon
TOR-ATL-2025-04-14,2,2025-04-15,TOR,ATL,TOR,Mon
TOR-ATL-2025-04-14,3,2025-04-16,TOR,ATL,TOR,Mon
MIN-KC-2021-04-30,1,2021-04-30,MIN,KC,MIN,Fri
MIN-KC-2021-04-30,2,2021-05-01,MIN,KC,KC,Fri
MIN-KC-2021-04-30,3,2021-05-02,MIN,KC,MIN,Fri
MIN-KC-2021-05-28,1,2021-05-28,MIN,KC,KC,Fri
MIN-KC-2021-05-28,2,2021-05-29,MIN,KC,MIN,Fri
MIN-KC-2021-05-28,3,2021-05-30,MIN,KC,KC,Fri
KC-MIN-2021-06-03,1,2021-06-03,KC,MIN,KC,Thu
KC-MIN-2021-06-03,2,2021-06-04,KC,MIN,KC,Thu
KC-MIN-2021-06-03,3,2021-06-05,KC,MIN,MIN,Thu
KC-MIN-2021-06-03,4,2021-06-06,KC,MIN,MIN,Thu
KC-MIN-2021-07-02,1,2021-07-02,KC,MIN,KC,Fri
KC-MIN-2021-07-02,2,2021-07-03,KC,MIN,KC,Fri
KC-MIN-2021-07-02,3,2021-07-04,KC,MIN,MIN,Fri
MIN-KC-2021-09-10,1,2021-09-10,MIN,KC,KC,Fri
MIN-KC-2021-09-10,2,2021-09-11,MIN,KC,MIN,Fri
MIN-KC-2021-09-10,3,2021-09-12,MIN,KC,KC,Fri
KC-MIN-2021-10-01,1,2021-10-01,KC,MIN,KC,Fri
KC-MIN-2021-10-01,2,2021-10-02,KC,MIN,MIN,Fri
KC-MIN-2021-10-01,3,2021-10-03,KC,MIN,MIN,Fri
KC-MIN-2022-04-19,1,2022-04-19,KC,MIN,KC,Tue
KC-MIN-2022-04-19,2,2022-04-20,KC,MIN,KC,Tue
KC-MIN-2022-04-19,3,2022-04-21,KC,MIN,MIN,Tue
KC-MIN-2022-05-20,1,2022-05-20,KC,MIN,MIN,Fri
KC-MIN-2022-05-20,2,2022-05-21,KC,MIN,MIN,Fri
KC-MIN-2022-05-20,3,2022-05-22,KC,MIN,MIN,Fri
MIN-KC-2022-05-26,1,2022-05-26,MIN,KC,KC,Thu
MIN-KC-2022-05-26,2,2022-05-27,MIN,KC,MIN,Thu
MIN-KC-2022-05-26,3,2022-05-28,MIN,KC,KC,Thu
MIN-KC-2022-05-26,4,2022-05-29,MIN,KC,MIN,Thu
MIN-KC-2022-08-15,1,2022-08-15,MIN,KC,MIN,Mon
MIN-KC-2022-08-15,2,2022-08-16,MIN,KC,MIN,Mon
MIN-KC-2022-08-15,3,2022-08-17,MIN,KC,MIN,Mon
MIN-KC-2022-09-13,1,2022-09-13,MIN,KC,MIN,Tue
MIN-KC-2022-09-13,2,2022-09-14,MIN,KC,MIN,Tue
MIN-KC-2022-09-13,3,2022-09-15,MIN,KC,MIN,Tue
KC-MIN-2022-09-20,1,2022-09-20,KC,MIN,KC,Tue
KC-MIN-2022-09-20,2,2022-09-21,KC,MIN,KC,Tue
KC-MIN-2022-09-20,3,2022-09-22,KC,MIN,KC,Tue
KC-MIN-2023-03-30,1,2023-03-30,KC,MIN,MIN,Thu
KC-MIN-2023-03-30,2,2023-04-01,KC,MIN,MIN,Thu
KC-MIN-2023-03-30,3,2023-04-02,KC,MIN,MIN,Thu
MIN-KC-2023-04-27,1,2023-04-27,MIN,KC,MIN,Thu
MIN-KC-2023-04-27,2,2023-04-28,MIN,KC,MIN,Thu
MIN-KC-2023-04-27,3,2023-04-29,MIN,KC,KC,Thu
MIN-KC-2023-04-27,4,2023-04-30,MIN,KC,MIN,Thu
MIN-KC-2023-07-03,1,2023-07-03,MIN,KC,MIN,Mon
MIN-KC-2023-07-03,2,2023-07-04,MIN,KC,MIN,Mon
MIN-KC-2023-07-03,3,2023-07-05,MIN,KC,MIN,Mon
KC-MIN-2023-07-28,1,2023-07-28,KC,MIN,KC,Fri
KC-MIN-2023-07-28,2,2023-07-29,KC,MIN,KC,Fri
KC-MIN-2023-07-28,3,2023-07-30,KC,MIN,KC,Fri
KC-MIN-2024-03-28,1,2024-03-28,KC,MIN,MIN,Thu
KC-MIN-2024-03-28,2,2024-03-30,KC,MIN,MIN,Thu
KC-MIN-2024-03-28,3,2024-03-31,KC,MIN,KC,Thu
MIN-KC-2024-05-27,1,2024-05-27,MIN,KC,MIN,Mon
MIN-KC-2024-05-27,2,2024-05-28,MIN,KC,MIN,Mon
MIN-KC-2024-05-27,3,2024-05-29,MIN,KC,KC,Mon
MIN-KC-2024-05-27,4,2024-05-30,MIN,KC,MIN,Mon
MIN-KC-2024-08-12,1,2024-08-12,MIN,KC,MIN,Mon
MIN-KC-2024-08-12,2,2024-08-13,MIN,KC,MIN,Mon
MIN-KC-2024-08-12,3,2024-08-14,MIN,KC,KC,Mon
KC-MIN-2024-09-06,1,2024-09-06,KC,MIN,KC,Fri
KC-MIN-2024-09-06,2,2024-09-07,KC,MIN,KC,Fri
KC-MIN-2024-09-06,3,2024-09-08,KC,MIN,KC,Fri
KC-MIN-2025-04-07,1,2025-04-07,KC,MIN,KC,Mon
KC-MIN-2025-04-07,2,2025-04-08,KC,MIN,KC,Mon
KC-MIN-2025-04-07,3,2025-04-09,KC,MIN,MIN,Mon
KC-MIN-2025-04-07,4,2025-04-10,KC,MIN,KC,Mon
MIN-KC-2025-05-23,1,2025-05-23,MIN,KC,MIN,Fri
MIN-KC-2025-05-23,2,2025-05-24,MIN,KC,MIN,Fri
MIN-KC-2025-05-23,3,2025-05-25,MIN,KC,KC,Fri
MIN-KC-2025-08-08,1,2025-08-08,MIN,KC,MIN,Fri
MIN-KC-2025-08-08,2,2025-08-09,MIN,KC,KC,Fri
MIN-KC-2025-08-08,3,2025-08-10,MIN,KC,MIN,Fri
SEA-LAA-2021-04-30,1,2021-04-30,SEA,LAA,SEA,Fri
SEA-LAA-2021-04-30,2,2021-05-01,SEA,LAA,LAA,Fri
SEA-LAA-2021-04-30,3,2021-05-02,SEA,LAA,SEA,Fri
LAA-SEA-2021-06-03,1,2021-06-03,LAA,SEA,SEA,Thu
LAA-SEA-2021-06-03,2,2021-06-04,LAA,SEA,LAA,Thu
LAA-SEA-2021-06-03,3,2021-06-05,LAA,SEA,LAA,Thu
LAA-SEA-2021-06-03,4,2021-06-06,LAA,SEA,SEA,Thu
SEA-LAA-2021-07-09,1,2021-07-09,SEA,LAA,SEA,Fri
SEA-LAA-2021-07-09,2,2021-07-10,SEA,LAA,SEA,Fri
SEA-LAA-2021-07-09,3,2021-07-11,SEA,LAA,LAA,Fri
LAA-SEA-2021-07-16,1,2021-07-16,LAA,SEA,SEA,Fri
LAA-SEA-2021-07-16,2,2021-07-17,LAA,SEA,LAA,Fri
LAA-SEA-2021-07-16,3,2021-07-18,LAA,SEA,SEA,Fri
LAA-SEA-2021-09-25,1,2021-09-25,LAA,SEA,LAA,Sat
LAA-SEA-2021-09-25,2,2021-09-26,LAA,SEA,SEA,Sat
SEA-LAA-2021-10-01,1,2021-10-01,SEA,LAA,LAA,Fri
SEA-LAA-2021-10-01,2,2021-10-02,SEA,LAA,SEA,Fri
SEA-LAA-2021-10-01,3,2021-10-03,SEA,LAA,LAA,Fri
SEA-LAA-2022-06-16,1,2022-06-16,SEA,LAA,LAA,Thu
SEA-LAA-2022-06-16,2,2022-06-17,SEA,LAA,SEA,Thu
SEA-LAA-2022-06-16,3,2022-06-18,SEA,LAA,LAA,Thu
SEA-LAA-2022-06-16,4,2022-06-19,SEA,LAA,LAA,Thu
LAA-SEA-2022-06-24,1,2022-06-24,LAA,SEA,SEA,Fri
LAA-SEA-2022-06-24,2,2022-06-25,LAA,SEA,SEA,Fri
LAA-SEA-2022-06-24,3,2022-06-26,LAA,SEA,LAA,Fri
SEA-LAA-2022-08-05,1,2022-08-05,SEA,LAA,LAA,Fri
SEA-LAA-2022-08-05,2,2022-08-06,SEA,LAA,SEA,Fri
SEA-LAA-2022-08-05,3,2022-08-07,SEA,LAA,SEA,Fri
LAA-SEA-2022-08-15,1,2022-08-15,LAA,SEA,SEA,Mon
LAA-SEA-2022-08-15,2,2022-08-16,LAA,SEA,SEA,Mon
LAA-SEA-2022-08-15,3,2022-08-17,LAA,SEA,SEA,Mon
LAA-SEA-2022-09-16,1,2022-09-16,LAA,SEA,LAA,Fri
LAA-SEA-2022-09-16,2,2022-09-17,LAA,SEA,LAA,Fri
LAA-SEA-2022-09-16,3,2022-09-18,LAA,SEA,LAA,Fri
LAA-SEA-2022-09-16,4,2022-09-19,LAA,SEA,SEA,Fri
SEA-LAA-2023-04-03,1,2023-04-03,SEA,LAA,LAA,Mon
SEA-LAA-2023-04-03,2,2023-04-04,SEA,LAA,SEA,Mon
SEA-LAA-2023-04-03,3,2023-04-05,SEA,LAA,LAA,Mon
LAA-SEA-2023-06-09,1,2023-06-09,LAA,SEA,LAA,Fri
LAA-SEA-2023-06-09,2,2023-06-10,LAA,SEA,SEA,Fri
LAA-SEA-2023-06-09,3,2023-06-11,LAA,SEA,LAA,Fri
LAA-SEA-2023-08-03,1,2023-08-03,LAA,SEA,SEA,Thu
LAA-SEA-2023-08-03,2,2023-08-04,LAA,SEA,SEA,Thu
LAA-SEA-2023-08-03,3,2023-08-05,LAA,SEA,SEA,Thu
LAA-SEA-2023-08-03,4,2023-08-06,LAA,SEA,SEA,Thu
SEA-LAA-2023-09-11,1,2023-09-11,SEA,LAA,LAA,Mon
SEA-LAA-2023-09-11,2,2023-09-12,SEA,LAA,SEA,Mon
SEA-LAA-2023-09-11,3,2023-09-13,SEA,LAA,SEA,Mon
SEA-LAA-2024-05-31,1,2024-05-31,SEA,LAA,SEA,Fri
SEA-LAA-2024-05-31,2,2024-06-01,SEA,LAA,SEA,Fri
SEA-LAA-2024-05-31,3,2024-06-02,SEA,LAA,SEA,Fri
LAA-SEA-2024-07-11,1,2024-07-11,LAA,SEA,SEA,Thu
LAA-SEA-2024-07-11,2,2024-07-12,LAA,SEA,LAA,Thu
LAA-SEA-2024-07-11,3,2024-07-13,LAA,SEA,LAA,Thu
LAA-SEA-2024-07-11,4,2024-07-14,LAA,SEA,LAA,Thu
SEA-LAA-2024-07-22,1,2024-07-22,SEA,LAA,LAA,Mon
SEA-LAA-2024-07-22,2,2024-07-23,SEA,LAA,LAA,Mon
SEA-LAA-2024-07-22,3,2024-07-24,SEA,LAA,LAA,Mon
LAA-SEA-2024-08-30,1,2024-08-30,LAA,SEA,SEA,Fri
LAA-SEA-2024-08-30,2,2024-08-31,LAA,SEA,LAA,Fri
LAA-SEA-2024-08-30,3,2024-09-01,LAA,SEA,LAA,Fri
SEA-LAA-2025-04-29,1,2025-04-29,SEA,LAA,SEA,Tue
SEA-LAA-2025-04-29,2,2025-04-30,SEA,LAA,SEA,Tue
LAA-SEA-2025-06-06,1,2025-06-06,LAA,SEA,LAA,Fri
LAA-SEA-2025-06-06,2,2025-06-07,LAA,SEA,LAA,Fri
LAA-SEA-2025-06-06,3,2025-06-08,LAA,SEA,SEA,Fri
LAA-SEA-2025-07-24,1,2025-07-24,LAA,SEA,SEA,Thu
LAA-SEA-2025-07-24,2,2025-07-25,LAA,SEA,LAA,Thu
LAA-SEA-2025-07-24,3,2025-07-26,LAA,SEA,SEA,Thu
LAA-SEA-2025-07-24,4,2025-07-27,LAA,SEA,LAA,Thu
PHI-MIL-2021-05-03,1,2021-05-03,PHI,MIL,PHI,Mon
PHI-MIL-2021-05-03,2,2021-05-04,PHI,MIL,PHI,Mon
PHI-MIL-2021-05-03,3,2021-05-05,PHI,MIL,PHI,Mon
PHI-MIL-2021-05-03,4,2021-05-06,PHI,MIL,PHI,Mon
MIL-PHI-2021-09-06,1,2021-09-06,MIL,PHI,PHI,Mon
MIL-PHI-2021-09-06,2,2021-09-07,MIL,PHI,MIL,Mon
MIL-PHI-2021-09-06,3,2021-09-08,MIL,PHI,MIL,Mon
PHI-MIL-2022-04-22,1,2022-04-22,PHI,MIL,PHI,Fri
PHI-MIL-2022-04-22,2,2022-04-23,PHI,MIL,MIL,Fri
PHI-MIL-2022-04-22,3,2022-04-24,PHI,MIL,MIL,Fri
MIL-PHI-2022-06-07,1,2022-06-07,MIL,PHI,PHI,Tue
MIL-PHI-2022-06-07,2,2022-06-08,MIL,PHI,PHI,Tue
MIL-PHI-2022-06-07,3,2022-06-09,MIL,PHI,PHI,Tue
PHI-MIL-2023-07-18,1,2023-07-18,PHI,MIL,PHI,Tue
PHI-MIL-2023-07-18,2,2023-07-19,PHI,MIL,MIL,Tue
PHI-MIL-2023-07-18,3,2023-07-20,PHI,MIL,MIL,Tue
MIL-PHI-2023-09-01,1,2023-09-01,MIL,PHI,MIL,Fri
MIL-PHI-2023-09-01,2,2023-09-02,MIL,PHI,MIL,Fri
MIL-PHI-2023-09-01,3,2023-09-03,MIL,PHI,PHI,Fri
PHI-MIL-2024-06-03,1,2024-06-03,PHI,MIL,PHI,Mon
PHI-MIL-2024-06-03,2,2024-06-04,PHI,MIL,PHI,Mon
PHI-MIL-2024-06-03,3,2024-06-05,PHI,MIL,PHI,Mon
MIL-PHI-2024-09-16,1,2024-09-16,MIL,PHI,MIL,Mon
MIL-PHI-2024-09-16,2,2024-09-17,MIL,PHI,PHI,Mon
MIL-PHI-2024-09-16,3,2024-09-18,MIL,PHI,MIL,Mon
PHI-MIL-2025-05-30,1,2025-05-30,PHI,MIL,MIL,Fri
PHI-MIL-2025-05-30,2,2025-05-31,PHI,MIL,MIL,Fri
PHI-MIL-2025-05-30,3,2025-06-01,PHI,MIL,MIL,Fri
MIN-TEX-2021-05-03,1,2021-05-03,MIN,TEX,MIN,Mon
MIN-TEX-2021-05-03,2,2021-05-04,MIN,TEX,TEX,Mon
MIN-TEX-2021-05-03,3,2021-05-05,MIN,TEX,TEX,Mon
MIN-TEX-2021-05-03,4,2021-05-06,MIN,TEX,TEX,Mon
TEX-MIN-2021-06-18,1,2021-06-18,TEX,MIN,MIN,Fri
TEX-MIN-2021-06-18,2,2021-06-19,TEX,MIN,MIN,Fri
TEX-MIN-2021-06-18,3,2021-06-20,TEX,MIN,MIN,Fri
TEX-MIN-2022-07-08,1,2022-07-08,TEX,MIN,TEX,Fri
TEX-MIN-2022-07-08,2,2022-07-09,TEX,MIN,TEX,Fri
TEX-MIN-2022-07-08,3,2022-07-10,TEX,MIN,MIN,Fri
MIN-TEX-2022-08-19,1,2022-08-19,MIN,TEX,MIN,Fri
MIN-TEX-2022-08-19,2,2022-08-20,MIN,TEX,TEX,Fri
MIN-TEX-2022-08-19,3,2022-08-21,MIN,TEX,TEX,Fri
MIN-TEX-2022-08-19,4,2022-08-22,MIN,TEX,TEX,Fri
MIN-TEX-2023-08-24,1,2023-08-24,MIN,TEX,MIN,Thu
MIN-TEX-2023-08-24,2,2023-08-25,MIN,TEX,MIN,Thu
MIN-TEX-2023-08-24,3,2023-08-26,MIN,TEX,TEX,Thu
MIN-TEX-2023-08-24,4,2023-08-27,MIN,TEX,MIN,Thu
TEX-MIN-2023-09-01,1,2023-09-01,TEX,MIN,MIN,Fri
TEX-MIN-2023-09-01,2,2023-09-02,TEX,MIN,MIN,Fri
TEX-MIN-2023-09-01,3,2023-09-03,TEX,MIN,TEX,Fri
MIN-TEX-2024-05-24,1,2024-05-24,MIN,TEX,MIN,Fri
MIN-TEX-2024-05-24,2,2024-05-25,MIN,TEX,MIN,Fri
MIN-TEX-2024-05-24,3,2024-05-26,MIN,TEX,TEX,Fri
TEX-MIN-2024-08-15,1,2024-08-15,TEX,MIN,MIN,Thu
TEX-MIN-2024-08-15,2,2024-08-16,TEX,MIN,MIN,Thu
TEX-MIN-2024-08-15,3,2024-08-17,TEX,MIN,MIN,Thu
TEX-MIN-2024-08-15,4,2024-08-18,TEX,MIN,TEX,Thu
MIN-TEX-2025-06-10,1,2025-06-10,MIN,TEX,TEX,Tue
MIN-TEX-2025-06-10,2,2025-06-11,MIN,TEX,MIN,Tue
MIN-TEX-2025-06-10,3,2025-06-12,MIN,TEX,TEX,Tue
STL-NYM-2021-05-03,1,2021-05-03,STL,NYM,STL,Mon
STL-NYM-2021-05-03,2,2021-05-05,STL,NYM,STL,Mon
STL-NYM-2021-05-03,3,2021-05-06,STL,NYM,NYM,Mon
NYM-STL-2021-09-13,1,2021-09-13,NYM,STL,STL,Mon
NYM-STL-2021-09-13,2,2021-09-14,NYM,STL,STL,Mon
NYM-STL-2021-09-13,3,2021-09-15,NYM,STL,STL,Mon
STL-NYM-2022-04-25,1,2022-04-25,STL,NYM,NYM,Mon
STL-NYM-2022-04-25,2,2022-04-26,STL,NYM,NYM,Mon
STL-NYM-2022-04-25,3,2022-04-27,STL,NYM,STL,Mon
NYM-STL-2022-05-17,1,2022-05-17,NYM,STL,NYM,Tue
NYM-STL-2022-05-17,2,2022-05-18,NYM,STL,NYM,Tue
NYM-STL-2022-05-17,3,2022-05-19,NYM,STL,NYM,Tue
NYM-STL-2023-06-16,1,2023-06-16,NYM,STL,NYM,Fri
NYM-STL-2023-06-16,2,2023-06-17,NYM,STL,STL,Fri
NYM-STL-2023-06-16,3,2023-06-18,NYM,STL,STL,Fri
STL-NYM-2023-08-17,1,2023-08-17,STL,NYM,NYM,Thu
STL-NYM-2023-08-17,2,2023-08-18,STL,NYM,NYM,Thu
STL-NYM-2023-08-17,3,2023-08-19,STL,NYM,NYM,Thu
STL-NYM-2023-08-17,4,2023-08-20,STL,NYM,STL,Thu
NYM-STL-2024-04-26,1,2024-04-26,NYM,STL,STL,Fri
NYM-STL-2024-04-26,2,2024-04-27,NYM,STL,STL,Fri
NYM-STL-2024-04-26,3,2024-04-28,NYM,STL,NYM,Fri
STL-NYM-2024-05-06,1,2024-05-06,STL,NYM,NYM,Mon
STL-NYM-2024-05-06,2,2024-05-07,STL,NYM,NYM,Mon
STL-NYM-2024-08-05,1,2024-08-05,STL,NYM,NYM,Mon
NYM-STL-2025-04-17,1,2025-04-17,NYM,STL,NYM,Thu
NYM-STL-2025-04-17,2,2025-04-18,NYM,STL,NYM,Thu
NYM-STL-2025-04-17,3,2025-04-19,NYM,STL,NYM,Thu
NYM-STL-2025-04-17,4,2025-04-20,NYM,STL,NYM,Thu
STL-NYM-2025-05-02,1,2025-05-02,STL,NYM,NYM,Fri
STL-NYM-2025-05-02,2,2025-05-04,STL,NYM,STL,Fri
LAA-TB-2021-05-03,1,2021-05-03,LAA,TB,TB,Mon
LAA-TB-2021-05-03,2,2021-05-04,LAA,TB,TB,Mon
LAA-TB-2021-05-03,3,2021-05-05,LAA,TB,TB,Mon
LAA-TB-2021-05-03,4,2021-05-06,LAA,TB,TB,Mon
TB-LAA-2021-06-25,1,2021-06-25,TB,LAA,TB,Fri
TB-LAA-2021-06-25,2,2021-06-26,TB,LAA,TB,Fri
TB-LAA-2021-06-25,3,2021-06-27,TB,LAA,LAA,Fri
LAA-TB-2022-05-09,1,2022-05-09,LAA,TB,LAA,Mon
LAA-TB-2022-05-09,2,2022-05-10,LAA,TB,LAA,Mon
LAA-TB-2022-05-09,3,2022-05-11,LAA,TB,TB,Mon
TB-LAA-2022-08-22,1,2022-08-22,TB,LAA,TB,Mon
TB-LAA-2022-08-22,2,2022-08-23,TB,LAA,TB,Mon
TB-LAA-2022-08-22,3,2022-08-24,TB,LAA,TB,Mon
TB-LAA-2022-08-22,4,2022-08-25,TB,LAA,TB,Mon
LAA-TB-2023-08-18,1,2023-08-18,LAA,TB,TB,Fri
LAA-TB-2023-08-18,2,2023-08-19,LAA,TB,LAA,Fri
TB-LAA-2023-09-19,1,2023-09-19,TB,LAA,TB,Tue
TB-LAA-2023-09-19,2,2023-09-20,TB,LAA,LAA,Tue
TB-LAA-2023-09-19,3,2023-09-21,TB,LAA,TB,Tue
LAA-TB-2024-04-08,1,2024-04-08,LAA,TB,LAA,Mon
LAA-TB-2024-04-08,2,2024-04-09,LAA,TB,TB,Mon
LAA-TB-2024-04-08,3,2024-04-10,LAA,TB,TB,Mon
TB-LAA-2024-04-15,1,2024-04-15,TB,LAA,LAA,Mon
TB-LAA-2024-04-15,2,2024-04-16,TB,LAA,TB,Mon
TB-LAA-2024-04-15,3,2024-04-17,TB,LAA,LAA,Mon
TB-LAA-2024-04-15,4,2024-04-18,TB,LAA,TB,Mon
TB-LAA-2025-04-08,1,2025-04-08,TB,LAA,LAA,Tue
TB-LAA-2025-04-08,2,2025-04-09,TB,LAA,TB,Tue
TB-LAA-2025-04-08,3,2025-04-10,TB,LAA,LAA,Tue
LAA-TB-2025-08-04,1,2025-08-04,LAA,TB,LAA,Mon
LAA-TB-2025-08-04,2,2025-08-05,LAA,TB,TB,Mon
LAA-TB-2025-08-04,3,2025-08-06,LAA,TB,TB,Mon
OAK-TOR-2021-05-03,1,2021-05-03,OAK,TOR,OAK,Mon
OAK-TOR-2021-05-03,2,2021-05-04,OAK,TOR,OAK,Mon
OAK-TOR-2021-05-03,3,2021-05-05,OAK,TOR,TOR,Mon
OAK-TOR-2021-05-03,4,2021-05-06,OAK,TOR,TOR,Mon
TOR-OAK-2021-09-03,1,2021-09-03,TOR,OAK,TOR,Fri
TOR-OAK-2021-09-03,2,2021-09-04,TOR,OAK,TOR,Fri
TOR-OAK-2021-09-03,3,2021-09-05,TOR,OAK,TOR,Fri
TOR-OAK-2022-04-15,1,2022-04-15,TOR,OAK,TOR,Fri
TOR-OAK-2022-04-15,2,2022-04-16,TOR,OAK,OAK,Fri
TOR-OAK-2022-04-15,3,2022-04-17,TOR,OAK,TOR,Fri
OAK-TOR-2022-07-04,1,2022-07-04,OAK,TOR,OAK,Mon
OAK-TOR-2022-07-04,2,2022-07-05,OAK,TOR,OAK,Mon
OAK-TOR-2022-07-04,3,2022-07-06,OAK,TOR,TOR,Mon
TOR-OAK-2023-06-23,1,2023-06-23,TOR,OAK,OAK,Fri
TOR-OAK-2023-06-23,2,2023-06-24,TOR,OAK,TOR,Fri
TOR-OAK-2023-06-23,3,2023-06-25,TOR,OAK,TOR,Fri
OAK-TOR-2023-09-04,1,2023-09-04,OAK,TOR,TOR,Mon
OAK-TOR-2023-09-04,2,2023-09-05,OAK,TOR,TOR,Mon
OAK-TOR-2023-09-04,3,2023-09-06,OAK,TOR,OAK,Mon
CHC-LAD-2021-05-04,1,2021-05-04,CHC,LAD,CHC,Tue
CHC-LAD-2021-05-04,2,2021-05-05,CHC,LAD,CHC,Tue
LAD-CHC-2021-06-24,1,2021-06-24,LAD,CHC,CHC,Thu
LAD-CHC-2021-06-24,2,2021-06-25,LAD,CHC,LAD,Thu
LAD-CHC-2021-06-24,3,2021-06-26,LAD,CHC,LAD,Thu
LAD-CHC-2021-06-24,4,2021-06-27,LAD,CHC,LAD,Thu
CHC-LAD-2022-05-07,1,2022-05-07,CHC,LAD,LAD,Sat
CHC-LAD-2022-05-07,2,2022-05-08,CHC,LAD,LAD,Sat
LAD-CHC-2022-07-07,1,2022-07-07,LAD,CHC,LAD,Thu
LAD-CHC-2022-07-07,2,2022-07-08,LAD,CHC,LAD,Thu
LAD-CHC-2022-07-07,3,2022-07-09,LAD,CHC,LAD,Thu
LAD-CHC-2022-07-07,4,2022-07-10,LAD,CHC,LAD,Thu
LAD-CHC-2023-04-14,1,2023-04-14,LAD,CHC,CHC,Fri
LAD-CHC-2023-04-14,2,2023-04-15,LAD,CHC,LAD,Fri
LAD-CHC-2023-04-14,3,2023-04-16,LAD,CHC,CHC,Fri
CHC-LAD-2023-04-20,1,2023-04-20,CHC,LAD,LAD,Thu
CHC-LAD-2023-04-20,2,2023-04-21,CHC,LAD,CHC,Thu
CHC-LAD-2023-04-20,3,2023-04-22,CHC,LAD,LAD,Thu
CHC-LAD-2023-04-20,4,2023-04-23,CHC,LAD,LAD,Thu
CHC-LAD-2024-04-05,1,2024-04-05,CHC,LAD,CHC,Fri
CHC-LAD-2024-04-05,2,2024-04-06,CHC,LAD,LAD,Fri
CHC-LAD-2024-04-05,3,2024-04-07,CHC,LAD,CHC,Fri
LAD-CHC-2024-09-09,1,2024-09-09,LAD,CHC,CHC,Mon
LAD-CHC-2024-09-09,2,2024-09-10,LAD,CHC,CHC,Mon
LAD-CHC-2024-09-09,3,2024-09-11,LAD,CHC,LAD,Mon
CHC-LAD-2025-03-18,1,2025-03-18,CHC,LAD,LAD,Tue
CHC-LAD-2025-03-18,2,2025-03-19,CHC,LAD,LAD,Tue
LAD-CHC-2025-04-11,1,2025-04-11,LAD,CHC,LAD,Fri
LAD-CHC-2025-04-11,2,2025-04-12,LAD,CHC,CHC,Fri
LAD-CHC-2025-04-11,3,2025-04-13,LAD,CHC,CHC,Fri
CHC-LAD-2025-04-22,1,2025-04-22,CHC,LAD,CHC,Tue
CHC-LAD-2025-04-22,2,2025-04-23,CHC,LAD,CHC,Tue
CIN-CHW-2021-05-04,1,2021-05-04,CIN,CHW,CHW,Tue
CIN-CHW-2021-05-04,2,2021-05-05,CIN,CHW,CIN,Tue
CHW-CIN-2021-09-28,1,2021-09-28,CHW,CIN,CHW,Tue
CHW-CIN-2021-09-28,2,2021-09-29,CHW,CIN,CHW,Tue
CIN-CHW-2023-05-05,1,2023-05-05,CIN,CHW,CHW,Fri
CIN-CHW-2023-05-05,2,2023-05-06,CIN,CHW,CIN,Fri
CIN-CHW-2023-05-05,3,2023-05-07,CIN,CHW,CHW,Fri
CHW-CIN-2024-04-12,1,2024-04-12,CHW,CIN,CIN,Fri
CHW-CIN-2024-04-12,2,2024-04-13,CHW,CIN,CIN,Fri
CHW-CIN-2024-04-12,3,2024-04-14,CHW,CIN,CIN,Fri
CIN-CHW-2025-05-13,1,2025-05-13,CIN,CHW,CHW,Tue
CIN-CHW-2025-05-13,2,2025-05-14,CIN,CHW,CHW,Tue
CIN-CHW-2025-05-13,3,2025-05-15,CIN,CHW,CIN,Tue
MIA-ARI-2021-05-04,1,2021-05-04,MIA,ARI,MIA,Tue
MIA-ARI-2021-05-04,2,2021-05-05,MIA,ARI,MIA,Tue
MIA-ARI-2021-05-04,3,2021-05-06,MIA,ARI,MIA,Tue
ARI-MIA-2021-05-10,1,2021-05-10,ARI,MIA,ARI,Mon
ARI-MIA-2021-05-10,2,2021-05-11,ARI,MIA,ARI,Mon
ARI-MIA-2021-05-10,3,2021-05-12,ARI,MIA,MIA,Mon
ARI-MIA-2021-05-10,4,2021-05-13,ARI,MIA,MIA,Mon
MIA-ARI-2022-05-02,1,2022-05-02,MIA,ARI,ARI,Mon
MIA-ARI-2022-05-02,2,2022-05-03,MIA,ARI,ARI,Mon
MIA-ARI-2022-05-02,3,2022-05-04,MIA,ARI,ARI,Mon
ARI-MIA-2022-05-09,1,2022-05-09,ARI,MIA,ARI,Mon
ARI-MIA-2022-05-09,2,2022-05-10,ARI,MIA,ARI,Mon
ARI-MIA-2022-05-09,3,2022-05-11,ARI,MIA,MIA,Mon
MIA-ARI-2023-04-14,1,2023-04-14,MIA,ARI,MIA,Fri
MIA-ARI-2023-04-14,2,2023-04-15,MIA,ARI,MIA,Fri
MIA-ARI-2023-04-14,3,2023-04-16,MIA,ARI,ARI,Fri
ARI-MIA-2023-05-08,1,2023-05-08,ARI,MIA,ARI,Mon
ARI-MIA-2023-05-08,2,2023-05-09,ARI,MIA,MIA,Mon
ARI-MIA-2023-05-08,3,2023-05-10,ARI,MIA,MIA,Mon
NYY-HOU-2021-05-04,1,2021-05-04,NYY,HOU,NYY,Tue
NYY-HOU-2021-05-04,2,2021-05-05,NYY,HOU,NYY,Tue
NYY-HOU-2021-05-04,3,2021-05-06,NYY,HOU,HOU,Tue
HOU-NYY-2021-07-09,1,2021-07-09,HOU,NYY,NYY,Fri
HOU-NYY-2021-07-09,2,2021-07-10,HOU,NYY,NYY,Fri
HOU-NYY-2021-07-09,3,2021-07-11,HOU,NYY,HOU,Fri
NYY-HOU-2022-06-23,1,2022-06-23,NYY,HOU,NYY,Thu
NYY-HOU-2022-06-23,2,2022-06-24,NYY,HOU,HOU,Thu
NYY-HOU-2022-06-23,3,2022-06-25,NYY,HOU,HOU,Thu
NYY-HOU-2022-06-23,4,2022-06-26,NYY,HOU,NYY,Thu
HOU-NYY-2022-06-30,1,2022-06-30,HOU,NYY,HOU,Thu
HOU-NYY-2022-07-21,1,2022-07-21,HOU,NYY,HOU,Thu
NYY-HOU-2023-08-03,1,2023-08-03,NYY,HOU,NYY,Thu
NYY-HOU-2023-08-03,2,2023-08-04,NYY,HOU,HOU,Thu
NYY-HOU-2023-08-03,3,2023-08-05,NYY,HOU,NYY,Thu
NYY-HOU-2023-08-03,4,2023-08-06,NYY,HOU,HOU,Thu
HOU-NYY-2023-09-01,1,2023-09-01,HOU,NYY,NYY,Fri
HOU-NYY-2023-09-01,2,2023-09-02,HOU,NYY,NYY,Fri
HOU-NYY-2023-09-01,3,2023-09-03,HOU,NYY,NYY,Fri
HOU-NYY-2024-03-28,1,2024-03-28,HOU,NYY,NYY,Thu
HOU-NYY-2024-03-28,2,2024-03-29,HOU,NYY,NYY,Thu
HOU-NYY-2024-03-28,3,2024-03-30,HOU,NYY,NYY,Thu
HOU-NYY-2024-03-28,4,2024-03-31,HOU,NYY,NYY,Thu
NYY-HOU-2024-05-07,1,2024-05-07,NYY,HOU,NYY,Tue
NYY-HOU-2024-05-07,2,2024-05-08,NYY,HOU,NYY,Tue
NYY-HOU-2024-05-07,3,2024-05-09,NYY,HOU,HOU,Tue
NYY-HOU-2025-08-08,1,2025-08-08,NYY,HOU,HOU,Fri
NYY-HOU-2025-08-08,2,2025-08-09,NYY,HOU,NYY,Fri
NYY-HOU-2025-08-08,3,2025-08-10,NYY,HOU,HOU,Fri
BOS-DET-2021-05-04,1,2021-05-04,BOS,DET,BOS,Tue
BOS-DET-2021-05-04,2,2021-05-05,BOS,DET,DET,Tue
BOS-DET-2021-05-04,3,2021-05-06,BOS,DET,BOS,Tue
DET-BOS-2021-08-03,1,2021-08-03,DET,BOS,DET,Tue
DET-BOS-2021-08-03,2,2021-08-04,DET,BOS,BOS,Tue
DET-BOS-2021-08-03,3,2021-08-05,DET,BOS,DET,Tue
DET-BOS-2022-04-11,1,2022-04-11,DET,BOS,DET,Mon
DET-BOS-2022-04-11,2,2022-04-12,DET,BOS,BOS,Mon
DET-BOS-2022-04-11,3,2022-04-13,DET,BOS,BOS,Mon
BOS-DET-2022-06-20,1,2022-06-20,BOS,DET,BOS,Mon
BOS-DET-2022-06-20,2,2022-06-21,BOS,DET,BOS,Mon
BOS-DET-2022-06-20,3,2022-06-22,BOS,DET,BOS,Mon
DET-BOS-2023-04-06,1,2023-04-06,DET,BOS,BOS,Thu
DET-BOS-2023-04-06,2,2023-04-08,DET,BOS,BOS,Thu
DET-BOS-2023-04-06,3,2023-04-09,DET,BOS,BOS,Thu
BOS-DET-2023-08-11,1,2023-08-11,BOS,DET,BOS,Fri
BOS-DET-2023-08-11,2,2023-08-12,BOS,DET,DET,Fri
BOS-DET-2023-08-11,3,2023-08-13,BOS,DET,BOS,Fri
BOS-DET-2024-05-30,1,2024-05-30,BOS,DET,DET,Thu
BOS-DET-2024-05-30,2,2024-05-31,BOS,DET,BOS,Thu
BOS-DET-2024-05-30,3,2024-06-01,BOS,DET,BOS,Thu
BOS-DET-2024-05-30,4,2024-06-02,BOS,DET,DET,Thu
DET-BOS-2024-08-30,1,2024-08-30,DET,BOS,BOS,Fri
DET-BOS-2024-08-30,2,2024-08-31,DET,BOS,DET,Fri
DET-BOS-2024-08-30,3,2024-09-01,DET,BOS,DET,Fri
DET-BOS-2025-05-12,1,2025-05-12,DET,BOS,DET,Mon
DET-BOS-2025-05-12,2,2025-05-13,DET,BOS,DET,Mon
DET-BOS-2025-05-12,3,2025-05-14,DET,BOS,DET,Mon
NYY-WAS-2021-05-07,1,2021-05-07,NYY,WAS,WAS,Fri
NYY-WAS-2021-05-07,2,2021-05-08,NYY,WAS,NYY,Fri
NYY-WAS-2021-05-07,3,2021-05-09,NYY,WAS,NYY,Fri
NYY-WAS-2023-08-22,1,2023-08-22,NYY,WAS,WAS,Tue
NYY-WAS-2023-08-22,2,2023-08-23,NYY,WAS,NYY,Tue
NYY-WAS-2023-08-22,3,2023-08-24,NYY,WAS,WAS,Tue
WAS-NYY-2024-08-26,1,2024-08-26,WAS,NYY,NYY,Mon
WAS-NYY-2024-08-26,2,2024-08-27,WAS,NYY,WAS,Mon
WAS-NYY-2024-08-26,3,2024-08-28,WAS,NYY,WAS,Mon
NYM-ARI-2021-05-07,1,2021-05-07,NYM,ARI,NYM,Fri
NYM-ARI-2021-05-07,2,2021-05-08,NYM,ARI,NYM,Fri
NYM-ARI-2021-05-07,3,2021-05-09,NYM,ARI,NYM,Fri
ARI-NYM-2021-05-31,1,2021-05-31,ARI,NYM,NYM,Mon
ARI-NYM-2021-05-31,2,2021-06-01,ARI,NYM,ARI,Mon
ARI-NYM-2021-05-31,3,2021-06-02,ARI,NYM,NYM,Mon
NYM-ARI-2022-04-15,1,2022-04-15,NYM,ARI,NYM,Fri
NYM-ARI-2022-04-15,2,2022-04-16,NYM,ARI,ARI,Fri
NYM-ARI-2022-04-15,3,2022-04-17,NYM,ARI,NYM,Fri
ARI-NYM-2022-04-22,1,2022-04-22,ARI,NYM,NYM,Fri
ARI-NYM-2022-04-22,2,2022-04-23,ARI,NYM,ARI,Fri
ARI-NYM-2022-04-22,3,2022-04-24,ARI,NYM,NYM,Fri
ARI-NYM-2023-07-04,1,2023-07-04,ARI,NYM,NYM,Tue
ARI-NYM-2023-07-04,2,2023-07-05,ARI,NYM,NYM,Tue
ARI-NYM-2023-07-04,3,2023-07-06,ARI,NYM,NYM,Tue
NYM-ARI-2023-09-11,1,2023-09-11,NYM,ARI,ARI,Mon
NYM-ARI-2023-09-11,2,2023-09-12,NYM,ARI,NYM,Mon
NYM-ARI-2023-09-11,3,2023-09-13,NYM,ARI,NYM,Mon
NYM-ARI-2023-09-11,4,2023-09-14,NYM,ARI,NYM,Mon
TEX-SEA-2021-05-07,1,2021-05-07,TEX,SEA,SEA,Fri
TEX-SEA-2021-05-07,2,2021-05-08,TEX,SEA,TEX,Fri
TEX-SEA-2021-05-07,3,2021-05-09,TEX,SEA,TEX,Fri
SEA-TEX-2021-05-27,1,2021-05-27,SEA,TEX,SEA,Thu
SEA-TEX-2021-05-27,2,2021-05-28,SEA,TEX,SEA,Thu
SEA-TEX-2021-05-27,3,2021-05-29,SEA,TEX,SEA,Thu
SEA-TEX-2021-05-27,4,2021-05-30,SEA,TEX,SEA,Thu
SEA-TEX-2021-07-02,1,2021-07-02,SEA,TEX,SEA,Fri
SEA-TEX-2021-07-02,2,2021-07-03,SEA,TEX,TEX,Fri
SEA-TEX-2021-07-02,3,2021-07-04,SEA,TEX,SEA,Fri
TEX-SEA-2021-07-30,1,2021-07-30,TEX,SEA,SEA,Fri
TEX-SEA-2021-07-30,2,2021-07-31,TEX,SEA,TEX,Fri
TEX-SEA-2021-07-30,3,2021-08-01,TEX,SEA,TEX,Fri
SEA-TEX-2021-08-10,1,2021-08-10,SEA,TEX,TEX,Tue
SEA-TEX-2021-08-10,2,2021-08-11,SEA,TEX,SEA,Tue
SEA-TEX-2021-08-10,3,2021-08-12,SEA,TEX,SEA,Tue
TEX-SEA-2021-08-17,1,2021-08-17,TEX,SEA,SEA,Tue
TEX-SEA-2021-08-17,2,2021-08-18,TEX,SEA,SEA,Tue
TEX-SEA-2021-08-17,3,2021-08-19,TEX,SEA,SEA,Tue
SEA-TEX-2022-04-19,1,2022-04-19,SEA,TEX,SEA,Tue
SEA-TEX-2022-04-19,2,2022-04-20,SEA,TEX,SEA,Tue
SEA-TEX-2022-04-19,3,2022-04-21,SEA,TEX,TEX,Tue
TEX-SEA-2022-06-03,1,2022-06-03,TEX,SEA,SEA,Fri
TEX-SEA-2022-06-03,2,2022-06-04,TEX,SEA,TEX,Fri
TEX-SEA-2022-06-03,3,2022-06-05,TEX,SEA,SEA,Fri
TEX-SEA-2022-07-14,1,2022-07-14,TEX,SEA,SEA,Thu
TEX-SEA-2022-07-14,2,2022-07-15,TEX,SEA,SEA,Thu
TEX-SEA-2022-07-14,3,2022-07-16,TEX,SEA,SEA,Thu
TEX-SEA-2022-07-14,4,2022-07-17,TEX,SEA,SEA,Thu
SEA-TEX-2022-07-25,1,2022-07-25,SEA,TEX,SEA,Mon
SEA-TEX-2022-07-25,2,2022-07-26,SEA,TEX,SEA,Mon
SEA-TEX-2022-07-25,3,2022-07-27,SEA,TEX,SEA,Mon
TEX-SEA-2022-08-12,1,2022-08-12,TEX,SEA,SEA,Fri
TEX-SEA-2022-08-12,2,2022-08-13,TEX,SEA,TEX,Fri
TEX-SEA-2022-08-12,3,2022-08-14,TEX,SEA,TEX,Fri
SEA-TEX-2022-09-27,1,2022-09-27,SEA,TEX,TEX,Tue
SEA-TEX-2022-09-27,2,2022-09-28,SEA,TEX,SEA,Tue
SEA-TEX-2022-09-27,3,2022-09-29,SEA,TEX,SEA,Tue
SEA-TEX-2023-05-08,1,2023-05-08,SEA,TEX,TEX,Mon
SEA-TEX-2023-05-08,2,2023-05-09,SEA,TEX,SEA,Mon
SEA-TEX-2023-05-08,3,2023-05-10,SEA,TEX,TEX,Mon
TEX-SEA-2023-06-02,1,2023-06-02,TEX,SEA,TEX,Fri
TEX-SEA-2023-06-02,2,2023-06-03,TEX,SEA,TEX,Fri
TEX-SEA-2023-06-02,3,2023-06-04,TEX,SEA,TEX,Fri
TEX-SEA-2023-09-22,1,2023-09-22,TEX,SEA,TEX,Fri
TEX-SEA-2023-09-22,2,2023-09-23,TEX,SEA,TEX,Fri
TEX-SEA-2023-09-22,3,2023-09-24,TEX,SEA,TEX,Fri
SEA-TEX-2023-09-28,1,2023-09-28,SEA,TEX,SEA,Thu
SEA-TEX-2023-09-28,2,2023-09-29,SEA,TEX,SEA,Thu
SEA-TEX-2023-09-28,3,2023-09-30,SEA,TEX,TEX,Thu
SEA-TEX-2023-09-28,4,2023-10-01,SEA,TEX,SEA,Thu
TEX-SEA-2024-04-23,1,2024-04-23,TEX,SEA,SEA,Tue
TEX-SEA-2024-04-23,2,2024-04-24,TEX,SEA,TEX,Tue
TEX-SEA-2024-04-23,3,2024-04-25,TEX,SEA,SEA,Tue
SEA-TEX-2024-06-14,1,2024-06-14,SEA,TEX,SEA,Fri
SEA-TEX-2024-06-14,2,2024-06-15,SEA,TEX,SEA,Fri
SEA-TEX-2024-06-14,3,2024-06-16,SEA,TEX,SEA,Fri
SEA-TEX-2024-09-12,1,2024-09-12,SEA,TEX,TEX,Thu
SEA-TEX-2024-09-12,2,2024-09-13,SEA,TEX,SEA,Thu
SEA-TEX-2024-09-12,3,2024-09-14,SEA,TEX,SEA,Thu
SEA-TEX-2024-09-12,4,2024-09-15,SEA,TEX,SEA,Thu
TEX-SEA-2024-09-20,1,2024-09-20,TEX,SEA,SEA,Fri
TEX-SEA-2024-09-20,2,2024-09-21,TEX,SEA,SEA,Fri
TEX-SEA-2024-09-20,3,2024-09-22,TEX,SEA,TEX,Fri
SEA-TEX-2025-04-11,1,2025-04-11,SEA,TEX,SEA,Fri
SEA-TEX-2025-04-11,2,2025-04-12,SEA,TEX,SEA,Fri
SEA-TEX-2025-04-11,3,2025-04-13,SEA,TEX,SEA,Fri
TEX-SEA-2025-05-02,1,2025-05-02,TEX,SEA,SEA,Fri
TEX-SEA-2025-05-02,2,2025-05-03,TEX,SEA,SEA,Fri
TEX-SEA-2025-05-02,3,2025-05-04,TEX,SEA,TEX,Fri
TEX-SEA-2025-06-27,1,2025-06-27,TEX,SEA,SEA,Fri
TEX-SEA-2025-06-27,2,2025-06-28,TEX,SEA,TEX,Fri
TEX-SEA-2025-06-27,3,2025-06-29,TEX,SEA,SEA,Fri
SEA-TEX-2025-07-31,1,2025-07-31,SEA,TEX,SEA,Thu
SEA-TEX-2025-07-31,2,2025-08-01,SEA,TEX,SEA,Thu
SEA-TEX-2025-07-31,3,2025-08-02,SEA,TEX,TEX,Thu
SEA-TEX-2025-07-31,4,2025-08-03,SEA,TEX,SEA,Thu
HOU-TOR-2021-05-07,1,2021-05-07,HOU,TOR,HOU,Fri
HOU-TOR-2021-05-07,2,2021-05-08,HOU,TOR,TOR,Fri
HOU-TOR-2021-05-07,3,2021-05-09,HOU,TOR,HOU,Fri
TOR-HOU-2021-06-04,1,2021-06-04,TOR,HOU,HOU,Fri
TOR-HOU-2021-06-04,2,2021-06-05,TOR,HOU,TOR,Fri
TOR-HOU-2021-06-04,3,2021-06-06,TOR,HOU,HOU,Fri
HOU-TOR-2022-04-22,1,2022-04-22,HOU,TOR,TOR,Fri
HOU-TOR-2022-04-22,2,2022-04-23,HOU,TOR,TOR,Fri
HOU-TOR-2022-04-22,3,2022-04-24,HOU,TOR,HOU,Fri
TOR-HOU-2022-04-29,1,2022-04-29,TOR,HOU,HOU,Fri
TOR-HOU-2022-04-29,2,2022-04-30,TOR,HOU,TOR,Fri
TOR-HOU-2022-04-29,3,2022-05-01,TOR,HOU,TOR,Fri
HOU-TOR-2023-04-17,1,2023-04-17,HOU,TOR,HOU,Mon
HOU-TOR-2023-04-17,2,2023-04-18,HOU,TOR,TOR,Mon
HOU-TOR-2023-04-17,3,2023-04-19,HOU,TOR,HOU,Mon
TOR-HOU-2023-06-05,1,2023-06-05,TOR,HOU,HOU,Mon
TOR-HOU-2023-06-05,2,2023-06-06,TOR,HOU,TOR,Mon
TOR-HOU-2023-06-05,3,2023-06-07,TOR,HOU,TOR,Mon
TOR-HOU-2023-06-05,4,2023-06-08,TOR,HOU,TOR,Mon
HOU-TOR-2024-04-01,1,2024-04-01,HOU,TOR,HOU,Mon
HOU-TOR-2024-04-01,2,2024-04-02,HOU,TOR,TOR,Mon
HOU-TOR-2024-04-01,3,2024-04-03,HOU,TOR,HOU,Mon
TOR-HOU-2024-07-01,1,2024-07-01,TOR,HOU,HOU,Mon
TOR-HOU-2024-07-01,2,2024-07-02,TOR,HOU,TOR,Mon
TOR-HOU-2024-07-01,3,2024-07-03,TOR,HOU,HOU,Mon
TOR-HOU-2024-07-01,4,2024-07-04,TOR,HOU,HOU,Mon
HOU-TOR-2025-04-21,1,2025-04-21,HOU,TOR,HOU,Mon
HOU-TOR-2025-04-21,2,2025-04-22,HOU,TOR,HOU,Mon
HOU-TOR-2025-04-21,3,2025-04-23,HOU,TOR,HOU,Mon
STL-COL-2021-05-07,1,2021-05-07,STL,COL,STL,Fri
STL-COL-2021-05-07,2,2021-05-08,STL,COL,STL,Fri
STL-COL-2021-05-07,3,2021-05-09,STL,COL,STL,Fri
COL-STL-2021-07-01,1,2021-07-01,COL,STL,COL,Thu
COL-STL-2021-07-01,2,2021-07-02,COL,STL,STL,Thu
COL-STL-2021-07-01,3,2021-07-03,COL,STL,COL,Thu
COL-STL-2021-07-01,4,2021-07-04,COL,STL,COL,Thu
COL-STL-2022-08-09,1,2022-08-09,COL,STL,COL,Tue
COL-STL-2022-08-09,2,2022-08-10,COL,STL,STL,Tue
COL-STL-2022-08-09,3,2022-08-11,COL,STL,COL,Tue
STL-COL-2022-08-16,1,2022-08-16,STL,COL,STL,Tue
STL-COL-2022-08-16,2,2022-08-17,STL,COL,STL,Tue
STL-COL-2022-08-16,3,2022-08-18,STL,COL,STL,Tue
COL-STL-2023-04-10,1,2023-04-10,COL,STL,COL,Mon
COL-STL-2023-04-10,2,2023-04-11,COL,STL,STL,Mon
COL-STL-2023-04-10,3,2023-04-12,COL,STL,STL,Mon
STL-COL-2023-08-04,1,2023-08-04,STL,COL,COL,Fri
STL-COL-2023-08-04,2,2023-08-05,STL,COL,STL,Fri
STL-COL-2023-08-04,3,2023-08-06,STL,COL,COL,Fri
STL-COL-2024-06-06,1,2024-06-06,STL,COL,COL,Thu
STL-COL-2024-06-06,2,2024-06-07,STL,COL,STL,Thu
STL-COL-2024-06-06,3,2024-06-08,STL,COL,COL,Thu
STL-COL-2024-06-06,4,2024-06-09,STL,COL,STL,Thu
COL-STL-2024-09-24,1,2024-09-24,COL,STL,STL,Tue
COL-STL-2024-09-24,2,2024-09-25,COL,STL,STL,Tue
COL-STL-2024-09-24,3,2024-09-26,COL,STL,COL,Tue
COL-STL-2025-07-21,1,2025-07-21,COL,STL,STL,Mon
COL-STL-2025-07-21,2,2025-07-22,COL,STL,COL,Mon
COL-STL-2025-07-21,3,2025-07-23,COL,STL,COL,Mon
STL-COL-2025-08-11,1,2025-08-11,STL,COL,STL,Mon
STL-COL-2025-08-11,2,2025-08-12,STL,COL,COL,Mon
STL-COL-2025-08-11,3,2025-08-13,STL,COL,COL,Mon
LAA-LAD-2021-05-07,1,2021-05-07,LAA,LAD,LAA,Fri
LAA-LAD-2021-05-07,2,2021-05-08,LAA,LAD,LAD,Fri
LAA-LAD-2021-05-07,3,2021-05-09,LAA,LAD,LAA,Fri
LAD-LAA-2021-08-06,1,2021-08-06,LAD,LAA,LAA,Fri
LAD-LAA-2021-08-06,2,2021-08-07,LAD,LAA,LAD,Fri
LAD-LAA-2021-08-06,3,2021-08-08,LAD,LAA,LAD,Fri
LAD-LAA-2022-06-14,1,2022-06-14,LAD,LAA,LAD,Tue
LAD-LAA-2022-06-14,2,2022-06-15,LAD,LAA,LAD,Tue
LAA-LAD-2022-07-15,1,2022-07-15,LAA,LAD,LAD,Fri
LAA-LAD-2022-07-15,2,2022-07-16,LAA,LAD,LAD,Fri
LAA-LAD-2023-06-20,1,2023-06-20,LAA,LAD,LAD,Tue
LAA-LAD-2023-06-20,2,2023-06-21,LAA,LAD,LAD,Tue
LAD-LAA-2023-07-07,1,2023-07-07,LAD,LAA,LAD,Fri
LAD-LAA-2023-07-07,2,2023-07-08,LAD,LAA,LAD,Fri
LAD-LAA-2024-06-21,1,2024-06-21,LAD,LAA,LAA,Fri
LAD-LAA-2024-06-21,2,2024-06-22,LAD,LAA,LAD,Fri
LAA-LAD-2024-09-03,1,2024-09-03,LAA,LAD,LAD,Tue
LAA-LAD-2024-09-03,2,2024-09-04,LAA,LAD,LAA,Tue
LAD-LAA-2025-05-16,1,2025-05-16,LAD,LAA,LAA,Fri
LAD-LAA-2025-05-16,2,2025-05-17,LAD,LAA,LAA,Fri
LAD-LAA-2025-05-16,3,2025-05-18,LAD,LAA,LAA,Fri
LAA-LAD-2025-08-11,1,2025-08-11,LAA,LAD,LAA,Mon
LAA-LAD-2025-08-11,2,2025-08-12,LAA,LAD,LAA,Mon
LAA-LAD-2025-08-11,3,2025-08-13,LAA,LAD,LAA,Mon
SF-TEX-2021-05-10,1,2021-05-10,SF,TEX,SF,Mon
SF-TEX-2021-05-10,2,2021-05-11,SF,TEX,SF,Mon
TEX-SF-2021-06-08,1,2021-06-08,TEX,SF,SF,Tue
TEX-SF-2021-06-08,2,2021-06-09,TEX,SF,TEX,Tue
SF-TEX-2023-08-11,1,2023-08-11,SF,TEX,TEX,Fri
SF-TEX-2023-08-11,2,2023-08-12,SF,TEX,TEX,Fri
SF-TEX-2023-08-11,3,2023-08-13,SF,TEX,SF,Fri
TEX-SF-2024-06-07,1,2024-06-07,TEX,SF,SF,Fri
TEX-SF-2024-06-07,2,2024-06-08,TEX,SF,SF,Fri
TEX-SF-2024-06-07,3,2024-06-09,TEX,SF,TEX,Fri
SF-TEX-2025-04-25,1,2025-04-25,SF,TEX,TEX,Fri
SF-TEX-2025-04-25,2,2025-04-26,SF,TEX,SF,Fri
SF-TEX-2025-04-25,3,2025-04-27,SF,TEX,SF,Fri
WAS-PHI-2021-05-11,1,2021-05-11,WAS,PHI,PHI,Tue
WAS-PHI-2021-05-11,2,2021-05-12,WAS,PHI,PHI,Tue
WAS-PHI-2021-05-11,3,2021-05-13,WAS,PHI,WAS,Tue
PHI-WAS-2021-06-04,1,2021-06-04,PHI,WAS,WAS,Fri
PHI-WAS-2021-06-04,2,2021-06-05,PHI,WAS,PHI,Fri
PHI-WAS-2021-06-04,3,2021-06-06,PHI,WAS,PHI,Fri
PHI-WAS-2021-06-22,1,2021-06-22,PHI,WAS,WAS,Tue
PHI-WAS-2021-06-22,2,2021-06-23,PHI,WAS,WAS,Tue
PHI-WAS-2021-07-26,1,2021-07-26,PHI,WAS,PHI,Mon
PHI-WAS-2021-07-26,2,2021-07-27,PHI,WAS,WAS,Mon
PHI-WAS-2021-07-26,3,2021-07-29,PHI,WAS,WAS,Mon
WAS-PHI-2021-08-02,1,2021-08-02,WAS,PHI,PHI,Mon
WAS-PHI-2021-08-02,2,2021-08-03,WAS,PHI,PHI,Mon
WAS-PHI-2021-08-02,3,2021-08-04,WAS,PHI,PHI,Mon
WAS-PHI-2021-08-02,4,2021-08-05,WAS,PHI,PHI,Mon
WAS-PHI-2021-08-30,1,2021-08-30,WAS,PHI,PHI,Mon
WAS-PHI-2021-08-30,2,2021-08-31,WAS,PHI,PHI,Mon
WAS-PHI-2021-08-30,3,2021-09-02,WAS,PHI,PHI,Mon
WAS-PHI-2022-06-16,1,2022-06-16,WAS,PHI,PHI,Thu
WAS-PHI-2022-06-16,2,2022-06-17,WAS,PHI,PHI,Thu
WAS-PHI-2022-06-16,3,2022-06-18,WAS,PHI,PHI,Thu
WAS-PHI-2022-06-16,4,2022-06-19,WAS,PHI,WAS,Thu
PHI-WAS-2022-07-05,1,2022-07-05,PHI,WAS,PHI,Tue
PHI-WAS-2022-07-05,2,2022-07-06,PHI,WAS,WAS,Tue
PHI-WAS-2022-07-05,3,2022-07-07,PHI,WAS,PHI,Tue
PHI-WAS-2022-08-04,1,2022-08-04,PHI,WAS,PHI,Thu
PHI-WAS-2022-08-04,2,2022-08-05,PHI,WAS,PHI,Thu
PHI-WAS-2022-08-04,3,2022-08-06,PHI,WAS,PHI,Thu
PHI-WAS-2022-08-04,4,2022-08-07,PHI,WAS,PHI,Thu
PHI-WAS-2022-09-09,1,2022-09-09,PHI,WAS,PHI,Fri
PHI-WAS-2022-09-09,2,2022-09-10,PHI,WAS,PHI,Fri
PHI-WAS-2022-09-09,3,2022-09-11,PHI,WAS,PHI,Fri
WAS-PHI-2022-09-30,1,2022-09-30,WAS,PHI,PHI,Fri
WAS-PHI-2022-09-30,2,2022-10-01,WAS,PHI,WAS,Fri
WAS-PHI-2022-09-30,3,2022-10-02,WAS,PHI,PHI,Fri
WAS-PHI-2023-06-02,1,2023-06-02,WAS,PHI,WAS,Fri
WAS-PHI-2023-06-02,2,2023-06-03,WAS,PHI,PHI,Fri
WAS-PHI-2023-06-02,3,2023-06-04,WAS,PHI,PHI,Fri
PHI-WAS-2023-06-30,1,2023-06-30,PHI,WAS,WAS,Fri
PHI-WAS-2023-06-30,2,2023-07-01,PHI,WAS,PHI,Fri
PHI-WAS-2023-06-30,3,2023-07-02,PHI,WAS,WAS,Fri
PHI-WAS-2023-08-08,1,2023-08-08,PHI,WAS,PHI,Tue
PHI-WAS-2023-08-08,2,2023-08-09,PHI,WAS,PHI,Tue
PHI-WAS-2023-08-08,3,2023-08-10,PHI,WAS,PHI,Tue
WAS-PHI-2023-08-18,1,2023-08-18,WAS,PHI,WAS,Fri
WAS-PHI-2023-08-18,2,2023-08-19,WAS,PHI,PHI,Fri
WAS-PHI-2023-08-18,3,2023-08-20,WAS,PHI,WAS,Fri
WAS-PHI-2024-04-05,1,2024-04-05,WAS,PHI,PHI,Fri
WAS-PHI-2024-04-05,2,2024-04-06,WAS,PHI,PHI,Fri
WAS-PHI-2024-04-05,3,2024-04-07,WAS,PHI,WAS,Fri
PHI-WAS-2024-05-17,1,2024-05-17,PHI,WAS,PHI,Fri
PHI-WAS-2024-05-17,2,2024-05-18,PHI,WAS,PHI,Fri
PHI-WAS-2024-05-17,3,2024-05-19,PHI,WAS,PHI,Fri
PHI-WAS-2024-08-15,1,2024-08-15,PHI,WAS,PHI,Thu
PHI-WAS-2024-08-15,2,2024-08-16,PHI,WAS,PHI,Thu
PHI-WAS-2024-08-15,3,2024-08-17,PHI,WAS,PHI,Thu
PHI-WAS-2024-08-15,4,2024-08-18,PHI,WAS,WAS,Thu
WAS-PHI-2024-09-27,1,2024-09-27,WAS,PHI,WAS,Fri
WAS-PHI-2024-09-27,2,2024-09-28,WAS,PHI,WAS,Fri
WAS-PHI-2024-09-27,3,2024-09-29,WAS,PHI,PHI,Fri
WAS-PHI-2025-03-27,1,2025-03-27,WAS,PHI,PHI,Thu
WAS-PHI-2025-03-27,2,2025-03-29,WAS,PHI,PHI,Thu
WAS-PHI-2025-03-27,3,2025-03-30,WAS,PHI,WAS,Thu
PHI-WAS-2025-04-29,1,2025-04-29,PHI,WAS,PHI,Tue
PHI-WAS-2025-04-29,2,2025-04-30,PHI,WAS,PHI,Tue
PHI-WAS-2025-04-29,3,2025-05-01,PHI,WAS,WAS,Tue
WAS-PHI-2025-08-14,1,2025-08-14,WAS,PHI,WAS,Thu
WAS-PHI-2025-08-14,2,2025-08-15,WAS,PHI,PHI,Thu
WAS-PHI-2025-08-14,3,2025-08-16,WAS,PHI,WAS,Thu
BOS-OAK-2021-05-11,1,2021-05-11,BOS,OAK,OAK,Tue
BOS-OAK-2021-05-11,2,2021-05-12,BOS,OAK,OAK,Tue
BOS-OAK-2021-05-11,3,2021-05-13,BOS,OAK,BOS,Tue
OAK-BOS-2021-07-02,1,2021-07-02,OAK,BOS,BOS,Fri
OAK-BOS-2021-07-02,2,2021-07-03,OAK,BOS,OAK,Fri
OAK-BOS-2021-07-02,3,2021-07-04,OAK,BOS,BOS,Fri
OAK-BOS-2022-06-03,1,2022-06-03,OAK,BOS,BOS,Fri
OAK-BOS-2022-06-03,2,2022-06-04,OAK,BOS,BOS,Fri
OAK-BOS-2022-06-03,3,2022-06-05,OAK,BOS,BOS,Fri
BOS-OAK-2022-06-14,1,2022-06-14,BOS,OAK,BOS,Tue
BOS-OAK-2022-06-14,2,2022-06-15,BOS,OAK,BOS,Tue
BOS-OAK-2022-06-14,3,2022-06-16,BOS,OAK,OAK,Tue
BOS-OAK-2023-07-07,1,2023-07-07,BOS,OAK,BOS,Fri
BOS-OAK-2023-07-07,2,2023-07-08,BOS,OAK,BOS,Fri
BOS-OAK-2023-07-07,3,2023-07-09,BOS,OAK,BOS,Fri
OAK-BOS-2023-07-17,1,2023-07-17,OAK,BOS,BOS,Mon
OAK-BOS-2023-07-17,2,2023-07-18,OAK,BOS,OAK,Mon
OAK-BOS-2023-07-17,3,2023-07-19,OAK,BOS,OAK,Mon
NYM-BAL-2021-05-11,1,2021-05-11,NYM,BAL,NYM,Tue
NYM-BAL-2021-05-11,2,2021-05-12,NYM,BAL,NYM,Tue
BAL-NYM-2021-06-08,1,2021-06-08,BAL,NYM,BAL,Tue
BAL-NYM-2021-06-08,2,2021-06-09,BAL,NYM,NYM,Tue
BAL-NYM-2023-08-04,1,2023-08-04,BAL,NYM,BAL,Fri
BAL-NYM-2023-08-04,2,2023-08-05,BAL,NYM,BAL,Fri
BAL-NYM-2023-08-04,3,2023-08-06,BAL,NYM,BAL,Fri
NYM-BAL-2024-08-19,1,2024-08-19,NYM,BAL,NYM,Mon
NYM-BAL-2024-08-19,2,2024-08-20,NYM,BAL,BAL,Mon
NYM-BAL-2024-08-19,3,2024-08-21,NYM,BAL,NYM,Mon
BAL-NYM-2025-07-08,1,2025-07-08,BAL,NYM,NYM,Tue
BAL-NYM-2025-07-08,2,2025-07-10,BAL,NYM,BAL,Tue
CHW-MIN-2021-05-11,1,2021-05-11,CHW,MIN,CHW,Tue
CHW-MIN-2021-05-11,2,2021-05-12,CHW,MIN,CHW,Tue
CHW-MIN-2021-05-11,3,2021-05-13,CHW,MIN,CHW,Tue
MIN-CHW-2021-05-17,1,2021-05-17,MIN,CHW,CHW,Mon
MIN-CHW-2021-05-17,2,2021-05-18,MIN,CHW,MIN,Mon
MIN-CHW-2021-05-17,3,2021-05-19,MIN,CHW,CHW,Mon
CHW-MIN-2021-06-29,1,2021-06-29,CHW,MIN,CHW,Tue
CHW-MIN-2021-06-29,2,2021-06-30,CHW,MIN,CHW,Tue
CHW-MIN-2021-06-29,3,2021-07-01,CHW,MIN,CHW,Tue
MIN-CHW-2021-07-05,1,2021-07-05,MIN,CHW,MIN,Mon
MIN-CHW-2021-07-05,2,2021-07-06,MIN,CHW,CHW,Mon
MIN-CHW-2021-07-05,3,2021-07-07,MIN,CHW,CHW,Mon
CHW-MIN-2021-07-19,1,2021-07-19,CHW,MIN,MIN,Mon
CHW-MIN-2021-07-19,2,2021-07-20,CHW,MIN,CHW,Mon
CHW-MIN-2021-07-19,3,2021-07-21,CHW,MIN,MIN,Mon
MIN-CHW-2021-08-09,1,2021-08-09,MIN,CHW,CHW,Mon
MIN-CHW-2021-08-09,2,2021-08-10,MIN,CHW,MIN,Mon
MIN-CHW-2021-08-09,3,2021-08-11,MIN,CHW,MIN,Mon
MIN-CHW-2022-04-22,1,2022-04-22,MIN,CHW,MIN,Fri
MIN-CHW-2022-04-22,2,2022-04-23,MIN,CHW,MIN,Fri
MIN-CHW-2022-04-22,3,2022-04-24,MIN,CHW,MIN,Fri
CHW-MIN-2022-07-04,1,2022-07-04,CHW,MIN,MIN,Mon
CHW-MIN-2022-07-04,2,2022-07-05,CHW,MIN,MIN,Mon
CHW-MIN-2022-07-04,3,2022-07-06,CHW,MIN,CHW,Mon
MIN-CHW-2022-07-14,1,2022-07-14,MIN,CHW,CHW,Thu
MIN-CHW-2022-07-14,2,2022-07-15,MIN,CHW,CHW,Thu
MIN-CHW-2022-07-14,3,2022-07-16,MIN,CHW,MIN,Thu
MIN-CHW-2022-07-14,4,2022-07-17,MIN,CHW,CHW,Thu
CHW-MIN-2022-09-02,1,2022-09-02,CHW,MIN,CHW,Fri
CHW-MIN-2022-09-02,2,2022-09-03,CHW,MIN,CHW,Fri
CHW-MIN-2022-09-02,3,2022-09-04,CHW,MIN,MIN,Fri
MIN-CHW-2022-09-27,1,2022-09-27,MIN,CHW,MIN,Tue
MIN-CHW-2022-09-27,2,2022-09-28,MIN,CHW,MIN,Tue
MIN-CHW-2022-09-27,3,2022-09-29,MIN,CHW,CHW,Tue
CHW-MIN-2022-10-03,1,2022-10-03,CHW,MIN,CHW,Mon
CHW-MIN-2022-10-03,2,2022-10-04,CHW,MIN,CHW,Mon
CHW-MIN-2022-10-03,3,2022-10-05,CHW,MIN,MIN,Mon
MIN-CHW-2023-04-10,1,2023-04-10,MIN,CHW,CHW,Mon
MIN-CHW-2023-04-10,2,2023-04-11,MIN,CHW,MIN,Mon
MIN-CHW-2023-04-10,3,2023-04-12,MIN,CHW,MIN,Mon
CHW-MIN-2023-05-02,1,2023-05-02,CHW,MIN,CHW,Tue
CHW-MIN-2023-05-02,2,2023-05-03,CHW,MIN,CHW,Tue
CHW-MIN-2023-05-02,3,2023-05-04,CHW,MIN,MIN,Tue
MIN-CHW-2023-07-21,1,2023-07-21,MIN,CHW,MIN,Fri
MIN-CHW-2023-07-21,2,2023-07-22,MIN,CHW,MIN,Fri
MIN-CHW-2023-07-21,3,2023-07-23,MIN,CHW,MIN,Fri
CHW-MIN-2023-09-14,1,2023-09-14,CHW,MIN,MIN,Thu
CHW-MIN-2023-09-14,2,2023-09-15,CHW,MIN,MIN,Thu
CHW-MIN-2023-09-14,3,2023-09-16,CHW,MIN,CHW,Thu
CHW-MIN-2023-09-14,4,2023-09-17,CHW,MIN,MIN,Thu
MIN-CHW-2024-04-22,1,2024-04-22,MIN,CHW,MIN,Mon
MIN-CHW-2024-04-22,2,2024-04-23,MIN,CHW,MIN,Mon
MIN-CHW-2024-04-22,3,2024-04-24,MIN,CHW,MIN,Mon
MIN-CHW-2024-04-22,4,2024-04-25,MIN,CHW,MIN,Mon
CHW-MIN-2024-04-29,1,2024-04-29,CHW,MIN,MIN,Mon
CHW-MIN-2024-04-29,2,2024-04-30,CHW,MIN,MIN,Mon
CHW-MIN-2024-04-29,3,2024-05-01,CHW,MIN,MIN,Mon
CHW-MIN-2024-07-08,1,2024-07-08,CHW,MIN,MIN,Mon
CHW-MIN-2024-07-08,2,2024-07-10,CHW,MIN,CHW,Mon
MIN-CHW-2024-08-02,1,2024-08-02,MIN,CHW,MIN,Fri
MIN-CHW-2024-08-02,2,2024-08-03,MIN,CHW,MIN,Fri
MIN-CHW-2024-08-02,3,2024-08-04,MIN,CHW,MIN,Fri
CHW-MIN-2025-03-31,1,2025-03-31,CHW,MIN,CHW,Mon
CHW-MIN-2025-03-31,2,2025-04-01,CHW,MIN,MIN,Mon
CHW-MIN-2025-03-31,3,2025-04-02,CHW,MIN,MIN,Mon
MIN-CHW-2025-04-22,1,2025-04-22,MIN,CHW,MIN,Tue
MIN-CHW-2025-04-22,2,2025-04-23,MIN,CHW,MIN,Tue
MIN-CHW-2025-04-22,3,2025-04-24,MIN,CHW,CHW,Tue
COL-SD-2021-05-11,1,2021-05-11,COL,SD,SD,Tue
COL-SD-2021-05-11,2,2021-05-12,COL,SD,SD,Tue
SD-COL-2021-05-17,1,2021-05-17,SD,COL,SD,Mon
SD-COL-2021-05-17,2,2021-05-18,SD,COL,SD,Mon
SD-COL-2021-05-17,3,2021-05-19,SD,COL,SD,Mon
COL-SD-2021-06-14,1,2021-06-14,COL,SD,COL,Mon
COL-SD-2021-06-14,2,2021-06-15,COL,SD,COL,Mon
COL-SD-2021-06-14,3,2021-06-16,COL,SD,COL,Mon
SD-COL-2021-07-09,1,2021-07-09,SD,COL,SD,Fri
SD-COL-2021-07-09,2,2021-07-10,SD,COL,COL,Fri
SD-COL-2021-07-09,3,2021-07-11,SD,COL,COL,Fri
SD-COL-2021-07-29,1,2021-07-29,SD,COL,SD,Thu
SD-COL-2021-07-29,2,2021-07-30,SD,COL,COL,Thu
SD-COL-2021-07-29,3,2021-07-31,SD,COL,COL,Thu
SD-COL-2021-07-29,4,2021-08-01,SD,COL,SD,Thu
COL-SD-2021-08-16,1,2021-08-16,COL,SD,COL,Mon
COL-SD-2021-08-16,2,2021-08-17,COL,SD,COL,Mon
COL-SD-2021-08-16,3,2021-08-18,COL,SD,COL,Mon
SD-COL-2022-06-10,1,2022-06-10,SD,COL,SD,Fri
SD-COL-2022-06-10,2,2022-06-11,SD,COL,SD,Fri
SD-COL-2022-06-10,3,2022-06-12,SD,COL,COL,Fri
COL-SD-2022-06-17,1,2022-06-17,COL,SD,COL,Fri
COL-SD-2022-06-17,2,2022-06-18,COL,SD,COL,Fri
COL-SD-2022-06-17,3,2022-06-19,COL,SD,COL,Fri
COL-SD-2022-07-11,1,2022-07-11,COL,SD,SD,Mon
COL-SD-2022-07-11,2,2022-07-12,COL,SD,COL,Mon
COL-SD-2022-07-11,3,2022-07-13,COL,SD,COL,Mon
COL-SD-2022-07-11,4,2022-07-14,COL,SD,COL,Mon
SD-COL-2022-08-01,1,2022-08-01,SD,COL,SD,Mon
SD-COL-2022-08-01,2,2022-08-02,SD,COL,SD,Mon
SD-COL-2022-08-01,3,2022-08-03,SD,COL,SD,Mon
SD-COL-2022-08-01,4,2022-08-04,SD,COL,COL,Mon
COL-SD-2022-09-23,1,2022-09-23,COL,SD,COL,Fri
COL-SD-2022-09-23,2,2022-09-24,COL,SD,SD,Fri
COL-SD-2022-09-23,3,2022-09-25,COL,SD,SD,Fri
SD-COL-2023-03-30,1,2023-03-30,SD,COL,COL,Thu
SD-COL-2023-03-30,2,2023-03-31,SD,COL,COL,Thu
SD-COL-2023-03-30,3,2023-04-01,SD,COL,SD,Thu
SD-COL-2023-03-30,4,2023-04-02,SD,COL,SD,Thu
COL-SD-2023-06-09,1,2023-06-09,COL,SD,SD,Fri
COL-SD-2023-06-09,2,2023-06-10,COL,SD,SD,Fri
COL-SD-2023-06-09,3,2023-06-11,COL,SD,COL,Fri
COL-SD-2023-07-31,1,2023-07-31,COL,SD,COL,Mon
COL-SD-2023-07-31,2,2023-08-01,COL,SD,SD,Mon
COL-SD-2023-07-31,3,2023-08-02,COL,SD,SD,Mon
SD-COL-2023-09-18,1,2023-09-18,SD,COL,SD,Mon
SD-COL-2023-09-18,2,2023-09-19,SD,COL,SD,Mon
SD-COL-2023-09-18,3,2023-09-20,SD,COL,SD,Mon
COL-SD-2024-04-22,1,2024-04-22,COL,SD,SD,Mon
COL-SD-2024-04-22,2,2024-04-23,COL,SD,COL,Mon
COL-SD-2024-04-22,3,2024-04-24,COL,SD,SD,Mon
COL-SD-2024-04-22,4,2024-04-25,COL,SD,COL,Mon
SD-COL-2024-05-13,1,2024-05-13,SD,COL,COL,Mon
SD-COL-2024-05-13,2,2024-05-14,SD,COL,COL,Mon
SD-COL-2024-05-13,3,2024-05-15,SD,COL,COL,Mon
SD-COL-2024-08-02,1,2024-08-02,SD,COL,COL,Fri
SD-COL-2024-08-02,2,2024-08-03,SD,COL,SD,Fri
SD-COL-2024-08-02,3,2024-08-04,SD,COL,SD,Fri
COL-SD-2024-08-16,1,2024-08-16,COL,SD,COL,Fri
COL-SD-2024-08-16,2,2024-08-17,COL,SD,SD,Fri
COL-SD-2024-08-16,3,2024-08-18,COL,SD,COL,Fri
SD-COL-2025-04-11,1,2025-04-11,SD,COL,SD,Fri
SD-COL-2025-04-11,2,2025-04-12,SD,COL,SD,Fri
SD-COL-2025-04-11,3,2025-04-13,SD,COL,SD,Fri
COL-SD-2025-05-09,1,2025-05-09,COL,SD,SD,Fri
COL-SD-2025-05-09,2,2025-05-10,COL,SD,SD,Fri
COL-SD-2025-05-09,3,2025-05-11,COL,SD,COL,Fri
PIT-SF-2021-05-13,1,2021-05-13,PIT,SF,SF,Thu
PIT-SF-2021-05-13,2,2021-05-14,PIT,SF,PIT,Thu
PIT-SF-2021-05-13,3,2021-05-15,PIT,SF,PIT,Thu
PIT-SF-2021-05-13,4,2021-05-16,PIT,SF,SF,Thu
SF-PIT-2021-07-23,1,2021-07-23,SF,PIT,PIT,Fri
SF-PIT-2021-07-23,2,2021-07-24,SF,PIT,PIT,Fri
SF-PIT-2021-07-23,3,2021-07-25,SF,PIT,SF,Fri
PIT-SF-2022-06-17,1,2022-06-17,PIT,SF,SF,Fri
PIT-SF-2022-06-17,2,2022-06-18,PIT,SF,SF,Fri
PIT-SF-2022-06-17,3,2022-06-19,PIT,SF,PIT,Fri
SF-PIT-2022-08-12,1,2022-08-12,SF,PIT,SF,Fri
SF-PIT-2022-08-12,2,2022-08-13,SF,PIT,SF,Fri
SF-PIT-2022-08-12,3,2022-08-14,SF,PIT,SF,Fri
SF-PIT-2023-05-29,1,2023-05-29,SF,PIT,SF,Mon
SF-PIT-2023-05-29,2,2023-05-30,SF,PIT,PIT,Mon
SF-PIT-2023-05-29,3,2023-05-31,SF,PIT,PIT,Mon
PIT-SF-2023-07-14,1,2023-07-14,PIT,SF,SF,Fri
PIT-SF-2023-07-14,2,2023-07-15,PIT,SF,SF,Fri
PIT-SF-2023-07-14,3,2023-07-16,PIT,SF,SF,Fri
SF-PIT-2024-04-26,1,2024-04-26,SF,PIT,SF,Fri
SF-PIT-2024-04-26,2,2024-04-27,SF,PIT,PIT,Fri
SF-PIT-2024-04-26,3,2024-04-28,SF,PIT,SF,Fri
PIT-SF-2024-05-21,1,2024-05-21,PIT,SF,PIT,Tue
PIT-SF-2024-05-21,2,2024-05-22,PIT,SF,SF,Tue
PIT-SF-2024-05-21,3,2024-05-23,PIT,SF,SF,Tue
SF-PIT-2025-07-28,1,2025-07-28,SF,PIT,PIT,Mon
SF-PIT-2025-07-28,2,2025-07-29,SF,PIT,PIT,Mon
SF-PIT-2025-07-28,3,2025-07-30,SF,PIT,PIT,Mon
PIT-SF-2025-08-04,1,2025-08-04,PIT,SF,PIT,Mon
PIT-SF-2025-08-04,2,2025-08-05,PIT,SF,SF,Mon
PIT-SF-2025-08-04,3,2025-08-06,PIT,SF,SF,Mon
HOU-TEX-2021-05-13,1,2021-05-13,HOU,TEX,HOU,Thu
HOU-TEX-2021-05-13,2,2021-05-14,HOU,TEX,HOU,Thu
HOU-TEX-2021-05-13,3,2021-05-15,HOU,TEX,HOU,Thu
HOU-TEX-2021-05-13,4,2021-05-16,HOU,TEX,HOU,Thu
TEX-HOU-2021-05-21,1,2021-05-21,TEX,HOU,TEX,Fri
TEX-HOU-2021-05-21,2,2021-05-22,TEX,HOU,TEX,Fri
TEX-HOU-2021-05-21,3,2021-05-23,TEX,HOU,TEX,Fri
HOU-TEX-2021-06-15,1,2021-06-15,HOU,TEX,HOU,Tue
HOU-TEX-2021-06-15,2,2021-06-16,HOU,TEX,HOU,Tue
HOU-TEX-2021-07-23,1,2021-07-23,HOU,TEX,HOU,Fri
HOU-TEX-2021-07-23,2,2021-07-24,HOU,TEX,HOU,Fri
HOU-TEX-2021-07-23,3,2021-07-25,HOU,TEX,HOU,Fri
TEX-HOU-2021-08-27,1,2021-08-27,TEX,HOU,HOU,Fri
TEX-HOU-2021-08-27,2,2021-08-28,TEX,HOU,HOU,Fri
TEX-HOU-2021-08-27,3,2021-08-29,TEX,HOU,TEX,Fri
TEX-HOU-2021-09-13,1,2021-09-13,TEX,HOU,HOU,Mon
TEX-HOU-2021-09-13,2,2021-09-14,TEX,HOU,TEX,Mon
TEX-HOU-2021-09-13,3,2021-09-15,TEX,HOU,HOU,Mon
TEX-HOU-2021-09-13,4,2021-09-16,TEX,HOU,HOU,Mon
TEX-HOU-2022-04-25,1,2022-04-25,TEX,HOU,TEX,Mon
TEX-HOU-2022-04-25,2,2022-04-26,TEX,HOU,HOU,Mon
TEX-HOU-2022-04-25,3,2022-04-27,TEX,HOU,HOU,Mon
TEX-HOU-2022-04-25,4,2022-04-28,TEX,HOU,HOU,Mon
HOU-TEX-2022-05-19,1,2022-05-19,HOU,TEX,HOU,Thu
HOU-TEX-2022-05-19,2,2022-05-20,HOU,TEX,TEX,Thu
HOU-TEX-2022-05-19,3,2022-05-21,HOU,TEX,HOU,Thu
HOU-TEX-2022-05-19,4,2022-05-22,HOU,TEX,HOU,Thu
TEX-HOU-2022-06-13,1,2022-06-13,TEX,HOU,TEX,Mon
TEX-HOU-2022-06-13,2,2022-06-14,TEX,HOU,HOU,Mon
TEX-HOU-2022-06-13,3,2022-06-15,TEX,HOU,HOU,Mon
HOU-TEX-2022-08-09,1,2022-08-09,HOU,TEX,HOU,Tue
HOU-TEX-2022-08-09,2,2022-08-10,HOU,TEX,TEX,Tue
HOU-TEX-2022-08-09,3,2022-08-11,HOU,TEX,HOU,Tue
TEX-HOU-2022-08-30,1,2022-08-30,TEX,HOU,HOU,Tue
TEX-HOU-2022-08-30,2,2022-08-31,TEX,HOU,HOU,Tue
HOU-TEX-2022-09-05,1,2022-09-05,HOU,TEX,HOU,Mon
HOU-TEX-2022-09-05,2,2022-09-06,HOU,TEX,TEX,Mon
HOU-TEX-2022-09-05,3,2022-09-07,HOU,TEX,HOU,Mon
HOU-TEX-2023-04-14,1,2023-04-14,HOU,TEX,TEX,Fri
HOU-TEX-2023-04-14,2,2023-04-15,HOU,TEX,HOU,Fri
HOU-TEX-2023-04-14,3,2023-04-16,HOU,TEX,TEX,Fri
TEX-HOU-2023-06-30,1,2023-06-30,TEX,HOU,HOU,Fri
TEX-HOU-2023-06-30,2,2023-07-01,TEX,HOU,TEX,Fri
TEX-HOU-2023-06-30,3,2023-07-02,TEX,HOU,HOU,Fri
TEX-HOU-2023-06-30,4,2023-07-03,TEX,HOU,HOU,Fri
HOU-TEX-2023-07-24,1,2023-07-24,HOU,TEX,HOU,Mon
HOU-TEX-2023-07-24,2,2023-07-25,HOU,TEX,HOU,Mon
HOU-TEX-2023-07-24,3,2023-07-26,HOU,TEX,TEX,Mon
TEX-HOU-2023-09-04,1,2023-09-04,TEX,HOU,HOU,Mon
TEX-HOU-2023-09-04,2,2023-09-05,TEX,HOU,HOU,Mon
TEX-HOU-2023-09-04,3,2023-09-06,TEX,HOU,HOU,Mon
TEX-HOU-2024-04-05,1,2024-04-05,TEX,HOU,TEX,Fri
TEX-HOU-2024-04-05,2,2024-04-06,TEX,HOU,TEX,Fri
TEX-HOU-2024-04-05,3,2024-04-07,TEX,HOU,HOU,Fri
TEX-HOU-2024-04-05,4,2024-04-08,TEX,HOU,HOU,Fri
HOU-TEX-2024-04-12,1,2024-04-12,HOU,TEX,TEX,Fri
HOU-TEX-2024-04-12,2,2024-04-13,HOU,TEX,HOU,Fri
HOU-TEX-2024-04-12,3,2024-04-14,HOU,TEX,HOU,Fri
HOU-TEX-2024-07-12,1,2024-07-12,HOU,TEX,HOU,Fri
HOU-TEX-2024-07-12,2,2024-07-13,HOU,TEX,TEX,Fri
HOU-TEX-2024-07-12,3,2024-07-14,HOU,TEX,TEX,Fri
TEX-HOU-2024-08-05,1,2024-08-05,TEX,HOU,TEX,Mon
TEX-HOU-2024-08-05,2,2024-08-06,TEX,HOU,HOU,Mon
TEX-HOU-2024-08-05,3,2024-08-07,TEX,HOU,HOU,Mon
TEX-HOU-2025-05-15,1,2025-05-15,TEX,HOU,TEX,Thu
TEX-HOU-2025-05-15,2,2025-05-16,TEX,HOU,HOU,Thu
TEX-HOU-2025-05-15,3,2025-05-17,TEX,HOU,TEX,Thu
TEX-HOU-2025-05-15,4,2025-05-18,TEX,HOU,HOU,Thu
HOU-TEX-2025-07-11,1,2025-07-11,HOU,TEX,TEX,Fri
HOU-TEX-2025-07-11,2,2025-07-12,HOU,TEX,HOU,Fri
HOU-TEX-2025-07-11,3,2025-07-13,HOU,TEX,TEX,Fri
COL-CIN-2021-05-13,1,2021-05-13,COL,CIN,COL,Thu
COL-CIN-2021-05-13,2,2021-05-14,COL,CIN,COL,Thu
COL-CIN-2021-05-13,3,2021-05-15,COL,CIN,CIN,Thu
COL-CIN-2021-05-13,4,2021-05-16,COL,CIN,CIN,Thu
CIN-COL-2021-06-11,1,2021-06-11,CIN,COL,CIN,Fri
CIN-COL-2021-06-11,2,2021-06-12,CIN,COL,CIN,Fri
CIN-COL-2021-06-11,3,2021-06-13,CIN,COL,CIN,Fri
COL-CIN-2022-04-29,1,2022-04-29,COL,CIN,COL,Fri
COL-CIN-2022-04-29,2,2022-04-30,COL,CIN,COL,Fri
COL-CIN-2022-04-29,3,2022-05-01,COL,CIN,COL,Fri
CIN-COL-2022-09-02,1,2022-09-02,CIN,COL,CIN,Fri
CIN-COL-2022-09-02,2,2022-09-04,CIN,COL,COL,Fri
COL-CIN-2023-05-15,1,2023-05-15,COL,CIN,COL,Mon
COL-CIN-2023-05-15,2,2023-05-16,COL,CIN,CIN,Mon
COL-CIN-2023-05-15,3,2023-05-17,COL,CIN,COL,Mon
CIN-COL-2023-06-19,1,2023-06-19,CIN,COL,CIN,Mon
CIN-COL-2023-06-19,2,2023-06-20,CIN,COL,CIN,Mon
CIN-COL-2023-06-19,3,2023-06-21,CIN,COL,CIN,Mon
COL-CIN-2024-06-03,1,2024-06-03,COL,CIN,CIN,Mon
COL-CIN-2024-06-03,2,2024-06-04,COL,CIN,CIN,Mon
COL-CIN-2024-06-03,3,2024-06-05,COL,CIN,CIN,Mon
CIN-COL-2024-07-08,1,2024-07-08,CIN,COL,CIN,Mon
CIN-COL-2024-07-08,2,2024-07-09,CIN,COL,CIN,Mon
CIN-COL-2024-07-08,3,2024-07-10,CIN,COL,COL,Mon
CIN-COL-2024-07-08,4,2024-07-11,CIN,COL,CIN,Mon
COL-CIN-2025-04-25,1,2025-04-25,COL,CIN,CIN,Fri
COL-CIN-2025-04-25,2,2025-04-26,COL,CIN,CIN,Fri
COL-CIN-2025-04-25,3,2025-04-27,COL,CIN,CIN,Fri
CIN-COL-2025-07-11,1,2025-07-11,CIN,COL,COL,Fri
CIN-COL-2025-07-11,2,2025-07-12,CIN,COL,CIN,Fri
CIN-COL-2025-07-11,3,2025-07-13,CIN,COL,CIN,Fri
TB-NYM-2021-05-14,1,2021-05-14,TB,NYM,TB,Fri
TB-NYM-2021-05-14,2,2021-05-15,TB,NYM,TB,Fri
TB-NYM-2021-05-14,3,2021-05-16,TB,NYM,TB,Fri
NYM-TB-2023-05-16,1,2023-05-16,NYM,TB,TB,Tue
NYM-TB-2023-05-16,2,2023-05-17,NYM,TB,NYM,Tue
NYM-TB-2023-05-16,3,2023-05-18,NYM,TB,NYM,Tue
TB-NYM-2024-05-03,1,2024-05-03,TB,NYM,TB,Fri
TB-NYM-2024-05-03,2,2024-05-04,TB,NYM,TB,Fri
TB-NYM-2024-05-03,3,2024-05-05,TB,NYM,TB,Fri
NYM-TB-2025-06-13,1,2025-06-13,NYM,TB,TB,Fri
NYM-TB-2025-06-13,2,2025-06-14,NYM,TB,TB,Fri
NYM-TB-2025-06-13,3,2025-06-15,NYM,TB,TB,Fri
BOS-LAA-2021-05-14,1,2021-05-14,BOS,LAA,BOS,Fri
BOS-LAA-2021-05-14,2,2021-05-15,BOS,LAA,BOS,Fri
BOS-LAA-2021-05-14,3,2021-05-16,BOS,LAA,LAA,Fri
LAA-BOS-2021-07-05,1,2021-07-05,LAA,BOS,BOS,Mon
LAA-BOS-2021-07-05,2,2021-07-06,LAA,BOS,LAA,Mon
LAA-BOS-2021-07-05,3,2021-07-07,LAA,BOS,LAA,Mon
BOS-LAA-2022-05-03,1,2022-05-03,BOS,LAA,BOS,Tue
BOS-LAA-2022-05-03,2,2022-05-04,BOS,LAA,LAA,Tue
BOS-LAA-2022-05-03,3,2022-05-05,BOS,LAA,LAA,Tue
LAA-BOS-2022-06-06,1,2022-06-06,LAA,BOS,BOS,Mon
LAA-BOS-2022-06-06,2,2022-06-07,LAA,BOS,BOS,Mon
LAA-BOS-2022-06-06,3,2022-06-08,LAA,BOS,BOS,Mon
LAA-BOS-2022-06-06,4,2022-06-09,LAA,BOS,LAA,Mon
BOS-LAA-2023-04-14,1,2023-04-14,BOS,LAA,BOS,Fri
BOS-LAA-2023-04-14,2,2023-04-15,BOS,LAA,BOS,Fri
BOS-LAA-2023-04-14,3,2023-04-16,BOS,LAA,BOS,Fri
BOS-LAA-2023-04-14,4,2023-04-17,BOS,LAA,LAA,Fri
LAA-BOS-2023-05-22,1,2023-05-22,LAA,BOS,LAA,Mon
LAA-BOS-2023-05-22,2,2023-05-23,LAA,BOS,LAA,Mon
LAA-BOS-2023-05-22,3,2023-05-24,LAA,BOS,LAA,Mon
LAA-BOS-2024-04-05,1,2024-04-05,LAA,BOS,BOS,Fri
LAA-BOS-2024-04-05,2,2024-04-06,LAA,BOS,LAA,Fri
LAA-BOS-2024-04-05,3,2024-04-07,LAA,BOS,BOS,Fri
BOS-LAA-2024-04-12,1,2024-04-12,BOS,LAA,LAA,Fri
BOS-LAA-2024-04-12,2,2024-04-13,BOS,LAA,BOS,Fri
BOS-LAA-2024-04-12,3,2024-04-14,BOS,LAA,BOS,Fri
BOS-LAA-2025-06-02,1,2025-06-02,BOS,LAA,LAA,Mon
BOS-LAA-2025-06-02,2,2025-06-03,BOS,LAA,LAA,Mon
BOS-LAA-2025-06-02,3,2025-06-04,BOS,LAA,BOS,Mon
LAA-BOS-2025-06-23,1,2025-06-23,LAA,BOS,LAA,Mon
LAA-BOS-2025-06-23,2,2025-06-24,LAA,BOS,LAA,Mon
LAA-BOS-2025-06-23,3,2025-06-25,LAA,BOS,LAA,Mon
DET-CHC-2021-05-14,1,2021-05-14,DET,CHC,CHC,Fri
DET-CHC-2021-05-14,2,2021-05-15,DET,CHC,DET,Fri
DET-CHC-2021-05-14,3,2021-05-16,DET,CHC,CHC,Fri
DET-CHC-2023-08-21,1,2023-08-21,DET,CHC,CHC,Mon
DET-CHC-2023-08-21,2,2023-08-22,DET,CHC,DET,Mon
DET-CHC-2023-08-21,3,2023-08-23,DET,CHC,CHC,Mon
CHC-DET-2024-08-20,1,2024-08-20,CHC,DET,CHC,Tue
CHC-DET-2024-08-20,2,2024-08-21,CHC,DET,DET,Tue
CHC-DET-2024-08-20,3,2024-08-22,CHC,DET,CHC,Tue
DET-CHC-2025-06-06,1,2025-06-06,DET,CHC,DET,Fri
DET-CHC-2025-06-06,2,2025-06-07,DET,CHC,CHC,Fri
DET-CHC-2025-06-06,3,2025-06-08,DET,CHC,DET,Fri
TOR-PHI-2021-05-14,1,2021-05-14,TOR,PHI,PHI,Fri
TOR-PHI-2021-05-14,2,2021-05-15,TOR,PHI,TOR,Fri
TOR-PHI-2021-05-14,3,2021-05-16,TOR,PHI,TOR,Fri
TOR-PHI-2022-07-12,1,2022-07-12,TOR,PHI,TOR,Tue
TOR-PHI-2022-07-12,2,2022-07-13,TOR,PHI,TOR,Tue
PHI-TOR-2022-09-20,1,2022-09-20,PHI,TOR,TOR,Tue
PHI-TOR-2022-09-20,2,2022-09-21,PHI,TOR,PHI,Tue
PHI-TOR-2023-05-09,1,2023-05-09,PHI,TOR,PHI,Tue
PHI-TOR-2023-05-09,2,2023-05-10,PHI,TOR,PHI,Tue
TOR-PHI-2023-08-15,1,2023-08-15,TOR,PHI,TOR,Tue
TOR-PHI-2023-08-15,2,2023-08-16,TOR,PHI,PHI,Tue
PHI-TOR-2024-05-07,1,2024-05-07,PHI,TOR,PHI,Tue
PHI-TOR-2024-05-07,2,2024-05-08,PHI,TOR,TOR,Tue
TOR-PHI-2024-09-03,1,2024-09-03,TOR,PHI,PHI,Tue
TOR-PHI-2024-09-03,2,2024-09-04,TOR,PHI,PHI,Tue
TOR-PHI-2025-06-03,1,2025-06-03,TOR,PHI,PHI,Tue
TOR-PHI-2025-06-03,2,2025-06-04,TOR,PHI,TOR,Tue
TOR-PHI-2025-06-03,3,2025-06-05,TOR,PHI,TOR,Tue
PHI-TOR-2025-06-13,1,2025-06-13,PHI,TOR,PHI,Fri
PHI-TOR-2025-06-13,2,2025-06-14,PHI,TOR,PHI,Fri
PHI-TOR-2025-06-13,3,2025-06-15,PHI,TOR,PHI,Fri
MIL-ATL-2021-05-14,1,2021-05-14,MIL,ATL,ATL,Fri
MIL-ATL-2021-05-14,2,2021-05-15,MIL,ATL,ATL,Fri
MIL-ATL-2021-05-14,3,2021-05-16,MIL,ATL,MIL,Fri
ATL-MIL-2021-07-30,1,2021-07-30,ATL,MIL,MIL,Fri
ATL-MIL-2021-07-30,2,2021-07-31,ATL,MIL,ATL,Fri
ATL-MIL-2021-07-30,3,2021-08-01,ATL,MIL,MIL,Fri
ATL-MIL-2022-05-06,1,2022-05-06,ATL,MIL,MIL,Fri
ATL-MIL-2022-05-06,2,2022-05-07,ATL,MIL,ATL,Fri
ATL-MIL-2022-05-06,3,2022-05-08,ATL,MIL,ATL,Fri
MIL-ATL-2022-05-16,1,2022-05-16,MIL,ATL,MIL,Mon
MIL-ATL-2022-05-16,2,2022-05-17,MIL,ATL,ATL,Mon
MIL-ATL-2022-05-16,3,2022-05-18,MIL,ATL,MIL,Mon
MIL-ATL-2023-07-21,1,2023-07-21,MIL,ATL,ATL,Fri
MIL-ATL-2023-07-21,2,2023-07-22,MIL,ATL,MIL,Fri
MIL-ATL-2023-07-21,3,2023-07-23,MIL,ATL,ATL,Fri
ATL-MIL-2023-07-28,1,2023-07-28,ATL,MIL,ATL,Fri
ATL-MIL-2023-07-28,2,2023-07-29,ATL,MIL,ATL,Fri
ATL-MIL-2023-07-28,3,2023-07-30,ATL,MIL,ATL,Fri
MIL-ATL-2024-07-29,1,2024-07-29,MIL,ATL,MIL,Mon
MIL-ATL-2024-07-29,2,2024-07-30,MIL,ATL,ATL,Mon
MIL-ATL-2024-07-29,3,2024-07-31,MIL,ATL,ATL,Mon
ATL-MIL-2024-08-06,1,2024-08-06,ATL,MIL,MIL,Tue
ATL-MIL-2024-08-06,2,2024-08-07,ATL,MIL,MIL,Tue
ATL-MIL-2024-08-06,3,2024-08-08,ATL,MIL,MIL,Tue
MIL-ATL-2025-06-09,1,2025-06-09,MIL,ATL,ATL,Mon
MIL-ATL-2025-06-09,2,2025-06-10,MIL,ATL,MIL,Mon
MIL-ATL-2025-06-09,3,2025-06-11,MIL,ATL,ATL,Mon
ATL-MIL-2025-08-04,1,2025-08-04,ATL,MIL,MIL,Mon
ATL-MIL-2025-08-04,2,2025-08-05,ATL,MIL,MIL,Mon
ATL-MIL-2025-08-04,3,2025-08-06,ATL,MIL,MIL,Mon
SD-STL-2021-05-14,1,2021-05-14,SD,STL,SD,Fri
SD-STL-2021-05-14,2,2021-05-15,SD,STL,SD,Fri
SD-STL-2021-05-14,3,2021-05-16,SD,STL,SD,Fri
STL-SD-2021-09-17,1,2021-09-17,STL,SD,STL,Fri
STL-SD-2021-09-17,2,2021-09-18,STL,SD,STL,Fri
STL-SD-2021-09-17,3,2021-09-19,STL,SD,STL,Fri
STL-SD-2022-05-30,1,2022-05-30,STL,SD,STL,Mon
STL-SD-2022-05-30,2,2022-05-31,STL,SD,STL,Mon
STL-SD-2022-05-30,3,2022-06-01,STL,SD,STL,Mon
SD-STL-2022-09-20,1,2022-09-20,SD,STL,SD,Tue
SD-STL-2022-09-20,2,2022-09-21,SD,STL,SD,Tue
SD-STL-2022-09-20,3,2022-09-22,SD,STL,STL,Tue
STL-SD-2023-08-28,1,2023-08-28,STL,SD,SD,Mon
STL-SD-2023-08-28,2,2023-08-29,STL,SD,STL,Mon
STL-SD-2023-08-28,3,2023-08-30,STL,SD,STL,Mon
SD-STL-2023-09-22,1,2023-09-22,SD,STL,SD,Fri
SD-STL-2023-09-22,2,2023-09-23,SD,STL,STL,Fri
SD-STL-2023-09-22,3,2023-09-24,SD,STL,SD,Fri
SD-STL-2024-04-01,1,2024-04-01,SD,STL,STL,Mon
SD-STL-2024-04-01,2,2024-04-02,SD,STL,STL,Mon
SD-STL-2024-04-01,3,2024-04-03,SD,STL,SD,Mon
STL-SD-2024-08-26,1,2024-08-26,STL,SD,SD,Mon
STL-SD-2024-08-26,2,2024-08-27,STL,SD,SD,Mon
STL-SD-2024-08-26,3,2024-08-28,STL,SD,STL,Mon
STL-SD-2024-08-26,4,2024-08-29,STL,SD,STL,Mon
STL-SD-2025-07-24,1,2025-07-24,STL,SD,STL,Thu
STL-SD-2025-07-24,2,2025-07-25,STL,SD,STL,Thu
STL-SD-2025-07-24,3,2025-07-26,STL,SD,SD,Thu
STL-SD-2025-07-24,4,2025-07-27,STL,SD,SD,Thu
SD-STL-2025-08-01,1,2025-08-01,SD,STL,SD,Fri
SD-STL-2025-08-01,2,2025-08-02,SD,STL,STL,Fri
SD-STL-2025-08-01,3,2025-08-03,SD,STL,SD,Fri
LAD-MIA-2021-05-14,1,2021-05-14,LAD,MIA,LAD,Fri
LAD-MIA-2021-05-14,2,2021-05-15,LAD,MIA,LAD,Fri
LAD-MIA-2021-05-14,3,2021-05-16,LAD,MIA,MIA,Fri
MIA-LAD-2021-07-05,1,2021-07-05,MIA,LAD,MIA,Mon
MIA-LAD-2021-07-05,2,2021-07-06,MIA,LAD,MIA,Mon
MIA-LAD-2021-07-05,3,2021-07-07,MIA,LAD,MIA,Mon
MIA-LAD-2021-07-05,4,2021-07-08,MIA,LAD,LAD,Mon
LAD-MIA-2022-08-19,1,2022-08-19,LAD,MIA,LAD,Fri
LAD-MIA-2022-08-19,2,2022-08-20,LAD,MIA,LAD,Fri
LAD-MIA-2022-08-19,3,2022-08-21,LAD,MIA,LAD,Fri
MIA-LAD-2022-08-26,1,2022-08-26,MIA,LAD,LAD,Fri
MIA-LAD-2022-08-26,2,2022-08-27,MIA,LAD,MIA,Fri
MIA-LAD-2022-08-26,3,2022-08-28,MIA,LAD,LAD,Fri
MIA-LAD-2022-08-26,4,2022-08-29,MIA,LAD,LAD,Fri
LAD-MIA-2023-08-18,1,2023-08-18,LAD,MIA,MIA,Fri
LAD-MIA-2023-08-18,2,2023-08-19,LAD,MIA,LAD,Fri
MIA-LAD-2023-09-05,1,2023-09-05,MIA,LAD,MIA,Tue
MIA-LAD-2023-09-05,2,2023-09-06,MIA,LAD,MIA,Tue
MIA-LAD-2023-09-05,3,2023-09-07,MIA,LAD,LAD,Tue
LAD-MIA-2024-05-06,1,2024-05-06,LAD,MIA,LAD,Mon
LAD-MIA-2024-05-06,2,2024-05-07,LAD,MIA,LAD,Mon
LAD-MIA-2024-05-06,3,2024-05-08,LAD,MIA,LAD,Mon
MIA-LAD-2024-09-17,1,2024-09-17,MIA,LAD,MIA,Tue
MIA-LAD-2024-09-17,2,2024-09-18,MIA,LAD,LAD,Tue
MIA-LAD-2024-09-17,3,2024-09-19,MIA,LAD,LAD,Tue
LAD-MIA-2025-04-28,1,2025-04-28,LAD,MIA,LAD,Mon
LAD-MIA-2025-04-28,2,2025-04-29,LAD,MIA,LAD,Mon
LAD-MIA-2025-04-28,3,2025-04-30,LAD,MIA,LAD,Mon
MIA-LAD-2025-05-05,1,2025-05-05,MIA,LAD,LAD,Mon
MIA-LAD-2025-05-05,2,2025-05-06,MIA,LAD,MIA,Mon
MIA-LAD-2025-05-05,3,2025-05-07,MIA,LAD,LAD,Mon
ATL-NYM-2021-05-17,1,2021-05-17,ATL,NYM,NYM,Mon
ATL-NYM-2021-05-17,2,2021-05-18,ATL,NYM,NYM,Mon
ATL-NYM-2021-05-17,3,2021-05-19,ATL,NYM,ATL,Mon
NYM-ATL-2021-05-29,1,2021-05-29,NYM,ATL,NYM,Sat
NYM-ATL-2021-06-21,1,2021-06-21,NYM,ATL,NYM,Mon
NYM-ATL-2021-06-21,2,2021-06-22,NYM,ATL,ATL,Mon
NYM-ATL-2021-06-21,3,2021-06-23,NYM,ATL,NYM,Mon
ATL-NYM-2021-06-29,1,2021-06-29,ATL,NYM,NYM,Tue
ATL-NYM-2021-06-29,2,2021-06-30,ATL,NYM,ATL,Tue
ATL-NYM-2021-06-29,3,2021-07-01,ATL,NYM,ATL,Tue
NYM-ATL-2021-07-26,1,2021-07-26,NYM,ATL,ATL,Mon
NYM-ATL-2021-07-26,2,2021-07-27,NYM,ATL,ATL,Mon
NYM-ATL-2021-07-26,3,2021-07-28,NYM,ATL,NYM,Mon
NYM-ATL-2021-07-26,4,2021-07-29,NYM,ATL,ATL,Mon
ATL-NYM-2021-10-01,1,2021-10-01,ATL,NYM,NYM,Fri
ATL-NYM-2021-10-01,2,2021-10-02,ATL,NYM,ATL,Fri
ATL-NYM-2021-10-01,3,2021-10-03,ATL,NYM,ATL,Fri
NYM-ATL-2022-05-02,1,2022-05-02,NYM,ATL,ATL,Mon
NYM-ATL-2022-05-02,2,2022-05-03,NYM,ATL,NYM,Mon
NYM-ATL-2022-05-02,3,2022-05-04,NYM,ATL,ATL,Mon
ATL-NYM-2022-07-11,1,2022-07-11,ATL,NYM,NYM,Mon
ATL-NYM-2022-07-11,2,2022-07-12,ATL,NYM,ATL,Mon
ATL-NYM-2022-07-11,3,2022-07-13,ATL,NYM,NYM,Mon
NYM-ATL-2022-08-04,1,2022-08-04,NYM,ATL,NYM,Thu
NYM-ATL-2022-08-04,2,2022-08-05,NYM,ATL,ATL,Thu
NYM-ATL-2022-08-04,3,2022-08-06,NYM,ATL,NYM,Thu
NYM-ATL-2022-08-04,4,2022-08-07,NYM,ATL,NYM,Thu
ATL-NYM-2022-08-15,1,2022-08-15,ATL,NYM,ATL,Mon
ATL-NYM-2022-08-15,2,2022-08-16,ATL,NYM,ATL,Mon
ATL-NYM-2022-08-15,3,2022-08-17,ATL,NYM,NYM,Mon
ATL-NYM-2022-08-15,4,2022-08-18,ATL,NYM,ATL,Mon
ATL-NYM-2022-09-30,1,2022-09-30,ATL,NYM,ATL,Fri
ATL-NYM-2022-09-30,2,2022-10-01,ATL,NYM,ATL,Fri
ATL-NYM-2022-09-30,3,2022-10-02,ATL,NYM,ATL,Fri
NYM-ATL-2023-04-28,1,2023-04-28,NYM,ATL,ATL,Fri
NYM-ATL-2023-05-01,1,2023-05-01,NYM,ATL,ATL,Mon
ATL-NYM-2023-06-06,1,2023-06-06,ATL,NYM,ATL,Tue
ATL-NYM-2023-06-06,2,2023-06-07,ATL,NYM,ATL,Tue
ATL-NYM-2023-06-06,3,2023-06-08,ATL,NYM,ATL,Tue
NYM-ATL-2023-08-11,1,2023-08-11,NYM,ATL,ATL,Fri
NYM-ATL-2023-08-11,2,2023-08-12,NYM,ATL,ATL,Fri
NYM-ATL-2023-08-11,3,2023-08-13,NYM,ATL,NYM,Fri
ATL-NYM-2023-08-21,1,2023-08-21,ATL,NYM,NYM,Mon
ATL-NYM-2023-08-21,2,2023-08-22,ATL,NYM,ATL,Mon
ATL-NYM-2023-08-21,3,2023-08-23,ATL,NYM,ATL,Mon
ATL-NYM-2024-04-08,1,2024-04-08,ATL,NYM,NYM,Mon
ATL-NYM-2024-04-08,2,2024-04-09,ATL,NYM,ATL,Mon
ATL-NYM-2024-04-08,3,2024-04-11,ATL,NYM,NYM,Mon
NYM-ATL-2024-05-10,1,2024-05-10,NYM,ATL,ATL,Fri
NYM-ATL-2024-05-10,2,2024-05-11,NYM,ATL,ATL,Fri
NYM-ATL-2024-05-10,3,2024-05-12,NYM,ATL,NYM,Fri
NYM-ATL-2024-07-25,1,2024-07-25,NYM,ATL,NYM,Thu
NYM-ATL-2024-07-25,2,2024-07-26,NYM,ATL,NYM,Thu
NYM-ATL-2024-07-25,3,2024-07-27,NYM,ATL,ATL,Thu
NYM-ATL-2024-07-25,4,2024-07-28,NYM,ATL,ATL,Thu
ATL-NYM-2024-09-24,1,2024-09-24,ATL,NYM,ATL,Tue
ATL-NYM-2024-09-30,1,2024-09-30,ATL,NYM,NYM,Mon
ATL-NYM-2025-06-17,1,2025-06-17,ATL,NYM,ATL,Tue
ATL-NYM-2025-06-17,2,2025-06-18,ATL,NYM,ATL,Tue
ATL-NYM-2025-06-17,3,2025-06-19,ATL,NYM,ATL,Tue
NYM-ATL-2025-06-23,1,2025-06-23,NYM,ATL,ATL,Mon
NYM-ATL-2025-06-23,2,2025-06-24,NYM,ATL,ATL,Mon
NYM-ATL-2025-06-23,3,2025-06-25,NYM,ATL,NYM,Mon
NYM-ATL-2025-06-23,4,2025-06-26,NYM,ATL,NYM,Mon
NYM-ATL-2025-08-12,1,2025-08-12,NYM,ATL,NYM,Tue
NYM-ATL-2025-08-12,2,2025-08-13,NYM,ATL,ATL,Tue
NYM-ATL-2025-08-12,3,2025-08-14,NYM,ATL,ATL,Tue
CHC-WAS-2021-05-17,1,2021-05-17,CHC,WAS,CHC,Mon
CHC-WAS-2021-05-17,2,2021-05-18,CHC,WAS,CHC,Mon
CHC-WAS-2021-05-17,3,2021-05-19,CHC,WAS,WAS,Mon
CHC-WAS-2021-05-17,4,2021-05-20,CHC,WAS,CHC,Mon
WAS-CHC-2021-07-30,1,2021-07-30,WAS,CHC,WAS,Fri
WAS-CHC-2021-07-30,2,2021-07-31,WAS,CHC,CHC,Fri
WAS-CHC-2021-07-30,3,2021-08-01,WAS,CHC,WAS,Fri
CHC-WAS-2022-08-08,1,2022-08-08,CHC,WAS,CHC,Mon
CHC-WAS-2022-08-08,2,2022-08-09,CHC,WAS,WAS,Mon
CHC-WAS-2022-08-08,3,2022-08-10,CHC,WAS,CHC,Mon
WAS-CHC-2022-08-15,1,2022-08-15,WAS,CHC,WAS,Mon
WAS-CHC-2022-08-15,2,2022-08-16,WAS,CHC,CHC,Mon
WAS-CHC-2022-08-15,3,2022-08-17,WAS,CHC,CHC,Mon
WAS-CHC-2023-05-01,1,2023-05-01,WAS,CHC,CHC,Mon
WAS-CHC-2023-05-01,2,2023-05-02,WAS,CHC,WAS,Mon
WAS-CHC-2023-05-01,3,2023-05-03,WAS,CHC,WAS,Mon
WAS-CHC-2023-05-01,4,2023-05-04,WAS,CHC,WAS,Mon
CHC-WAS-2023-07-17,1,2023-07-17,CHC,WAS,WAS,Mon
CHC-WAS-2023-07-17,2,2023-07-18,CHC,WAS,CHC,Mon
CHC-WAS-2023-07-17,3,2023-07-19,CHC,WAS,CHC,Mon
WAS-CHC-2024-08-30,1,2024-08-30,WAS,CHC,CHC,Fri
WAS-CHC-2024-08-30,2,2024-08-31,WAS,CHC,CHC,Fri
WAS-CHC-2024-08-30,3,2024-09-01,WAS,CHC,CHC,Fri
CHC-WAS-2024-09-19,1,2024-09-19,CHC,WAS,CHC,Thu
CHC-WAS-2024-09-19,2,2024-09-20,CHC,WAS,CHC,Thu
CHC-WAS-2024-09-19,3,2024-09-21,CHC,WAS,WAS,Thu
CHC-WAS-2024-09-19,4,2024-09-22,CHC,WAS,CHC,Thu
WAS-CHC-2025-06-03,1,2025-06-03,WAS,CHC,CHC,Tue
WAS-CHC-2025-06-03,2,2025-06-04,WAS,CHC,WAS,Tue
WAS-CHC-2025-06-03,3,2025-06-05,WAS,CHC,CHC,Tue
TEX-NYY-2021-05-17,1,2021-05-17,TEX,NYY,TEX,Mon
TEX-NYY-2021-05-17,2,2021-05-18,TEX,NYY,NYY,Mon
TEX-NYY-2021-05-17,3,2021-05-19,TEX,NYY,NYY,Mon
TEX-NYY-2021-05-17,4,2021-05-20,TEX,NYY,NYY,Mon
NYY-TEX-2021-09-20,1,2021-09-20,NYY,TEX,NYY,Mon
NYY-TEX-2021-09-20,2,2021-09-21,NYY,TEX,NYY,Mon
NYY-TEX-2021-09-20,3,2021-09-22,NYY,TEX,NYY,Mon
NYY-TEX-2022-05-08,1,2022-05-08,NYY,TEX,NYY,Sun
NYY-TEX-2022-05-08,2,2022-05-09,NYY,TEX,NYY,Sun
TEX-NYY-2022-10-03,1,2022-10-03,TEX,NYY,NYY,Mon
TEX-NYY-2022-10-03,2,2022-10-04,TEX,NYY,NYY,Mon
TEX-NYY-2022-10-03,3,2022-10-05,TEX,NYY,TEX,Mon
TEX-NYY-2023-04-27,1,2023-04-27,TEX,NYY,NYY,Thu
TEX-NYY-2023-04-27,2,2023-04-28,TEX,NYY,TEX,Thu
TEX-NYY-2023-04-27,3,2023-04-29,TEX,NYY,TEX,Thu
TEX-NYY-2023-04-27,4,2023-04-30,TEX,NYY,TEX,Thu
NYY-TEX-2023-06-23,1,2023-06-23,NYY,TEX,TEX,Fri
NYY-TEX-2023-06-23,2,2023-06-24,NYY,TEX,NYY,Fri
NYY-TEX-2023-06-23,3,2023-06-25,NYY,TEX,NYY,Fri
NYY-TEX-2024-08-10,1,2024-08-10,NYY,TEX,NYY,Sat
NYY-TEX-2024-08-10,2,2024-08-11,NYY,TEX,NYY,Sat
TEX-NYY-2024-09-02,1,2024-09-02,TEX,NYY,NYY,Mon
TEX-NYY-2024-09-02,2,2024-09-03,TEX,NYY,TEX,Mon
TEX-NYY-2024-09-02,3,2024-09-04,TEX,NYY,TEX,Mon
NYY-TEX-2025-05-20,1,2025-05-20,NYY,TEX,NYY,Tue
NYY-TEX-2025-05-20,2,2025-05-21,NYY,TEX,NYY,Tue
NYY-TEX-2025-05-20,3,2025-05-22,NYY,TEX,NYY,Tue
TEX-NYY-2025-08-04,1,2025-08-04,TEX,NYY,TEX,Mon
TEX-NYY-2025-08-04,2,2025-08-05,TEX,NYY,TEX,Mon
TEX-NYY-2025-08-04,3,2025-08-06,TEX,NYY,NYY,Mon
LAD-ARI-2021-05-17,1,2021-05-17,LAD,ARI,LAD,Mon
LAD-ARI-2021-05-17,2,2021-05-18,LAD,ARI,LAD,Mon
LAD-ARI-2021-05-17,3,2021-05-19,LAD,ARI,LAD,Mon
LAD-ARI-2021-05-17,4,2021-05-20,LAD,ARI,LAD,Mon
ARI-LAD-2021-06-18,1,2021-06-18,ARI,LAD,LAD,Fri
ARI-LAD-2021-06-18,2,2021-06-19,ARI,LAD,LAD,Fri
ARI-LAD-2021-06-18,3,2021-06-20,ARI,LAD,LAD,Fri
LAD-ARI-2021-07-09,1,2021-07-09,LAD,ARI,ARI,Fri
LAD-ARI-2021-07-09,2,2021-07-10,LAD,ARI,LAD,Fri
LAD-ARI-2021-07-09,3,2021-07-11,LAD,ARI,LAD,Fri
ARI-LAD-2021-07-30,1,2021-07-30,ARI,LAD,ARI,Fri
ARI-LAD-2021-07-30,2,2021-07-31,ARI,LAD,LAD,Fri
ARI-LAD-2021-07-30,3,2021-08-01,ARI,LAD,LAD,Fri
LAD-ARI-2021-09-13,1,2021-09-13,LAD,ARI,LAD,Mon
LAD-ARI-2021-09-13,2,2021-09-14,LAD,ARI,LAD,Mon
LAD-ARI-2021-09-13,3,2021-09-15,LAD,ARI,LAD,Mon
ARI-LAD-2021-09-25,1,2021-09-25,ARI,LAD,ARI,Sat
ARI-LAD-2021-09-25,2,2021-09-26,ARI,LAD,LAD,Sat
ARI-LAD-2022-04-25,1,2022-04-25,ARI,LAD,LAD,Mon
ARI-LAD-2022-04-25,2,2022-04-26,ARI,LAD,ARI,Mon
ARI-LAD-2022-04-25,3,2022-04-27,ARI,LAD,ARI,Mon
LAD-ARI-2022-05-16,1,2022-05-16,LAD,ARI,LAD,Mon
LAD-ARI-2022-05-16,2,2022-05-17,LAD,ARI,LAD,Mon
LAD-ARI-2022-05-16,3,2022-05-18,LAD,ARI,LAD,Mon
ARI-LAD-2022-05-26,1,2022-05-26,ARI,LAD,LAD,Thu
ARI-LAD-2022-05-26,2,2022-05-27,ARI,LAD,LAD,Thu
ARI-LAD-2022-05-26,3,2022-05-28,ARI,LAD,LAD,Thu
ARI-LAD-2022-05-26,4,2022-05-29,ARI,LAD,LAD,Thu
ARI-LAD-2022-09-12,1,2022-09-12,ARI,LAD,LAD,Mon
ARI-LAD-2022-09-12,2,2022-09-13,ARI,LAD,LAD,Mon
ARI-LAD-2022-09-12,3,2022-09-14,ARI,LAD,ARI,Mon
LAD-ARI-2022-09-19,1,2022-09-19,LAD,ARI,LAD,Mon
LAD-ARI-2022-09-19,2,2022-09-20,LAD,ARI,LAD,Mon
LAD-ARI-2022-09-19,3,2022-09-21,LAD,ARI,ARI,Mon
LAD-ARI-2022-09-19,4,2022-09-22,LAD,ARI,LAD,Mon
LAD-ARI-2023-03-30,1,2023-03-30,LAD,ARI,LAD,Thu
LAD-ARI-2023-03-30,2,2023-03-31,LAD,ARI,ARI,Thu
LAD-ARI-2023-03-30,3,2023-04-01,LAD,ARI,LAD,Thu
LAD-ARI-2023-03-30,4,2023-04-02,LAD,ARI,ARI,Thu
ARI-LAD-2023-04-06,1,2023-04-06,ARI,LAD,LAD,Thu
ARI-LAD-2023-04-06,2,2023-04-07,ARI,LAD,ARI,Thu
ARI-LAD-2023-04-06,3,2023-04-08,ARI,LAD,ARI,Thu
ARI-LAD-2023-04-06,4,2023-04-09,ARI,LAD,ARI,Thu
ARI-LAD-2023-08-08,1,2023-08-08,ARI,LAD,LAD,Tue
ARI-LAD-2023-08-08,2,2023-08-09,ARI,LAD,LAD,Tue
LAD-ARI-2023-08-28,1,2023-08-28,LAD,ARI,LAD,Mon
LAD-ARI-2023-08-28,2,2023-08-29,LAD,ARI,LAD,Mon
LAD-ARI-2023-08-28,3,2023-08-30,LAD,ARI,LAD,Mon
SEA-DET-2021-05-17,1,2021-05-17,SEA,DET,DET,Mon
SEA-DET-2021-05-17,2,2021-05-18,SEA,DET,DET,Mon
SEA-DET-2021-05-17,3,2021-05-19,SEA,DET,DET,Mon
DET-SEA-2021-06-08,1,2021-06-08,DET,SEA,DET,Tue
DET-SEA-2021-06-08,2,2021-06-09,DET,SEA,SEA,Tue
DET-SEA-2021-06-08,3,2021-06-10,DET,SEA,DET,Tue
DET-SEA-2022-08-30,1,2022-08-30,DET,SEA,SEA,Tue
DET-SEA-2022-08-30,2,2022-08-31,DET,SEA,SEA,Tue
DET-SEA-2022-08-30,3,2022-09-01,DET,SEA,SEA,Tue
SEA-DET-2022-10-03,1,2022-10-03,SEA,DET,DET,Mon
SEA-DET-2022-10-03,2,2022-10-04,SEA,DET,SEA,Mon
SEA-DET-2022-10-03,3,2022-10-05,SEA,DET,SEA,Mon
DET-SEA-2023-05-12,1,2023-05-12,DET,SEA,SEA,Fri
DET-SEA-2023-05-12,2,2023-05-13,DET,SEA,SEA,Fri
DET-SEA-2023-05-12,3,2023-05-14,DET,SEA,DET,Fri
SEA-DET-2023-07-14,1,2023-07-14,SEA,DET,DET,Fri
SEA-DET-2023-07-14,2,2023-07-15,SEA,DET,DET,Fri
SEA-DET-2023-07-14,3,2023-07-16,SEA,DET,SEA,Fri
SEA-DET-2024-08-06,1,2024-08-06,SEA,DET,DET,Tue
SEA-DET-2024-08-06,2,2024-08-07,SEA,DET,DET,Tue
SEA-DET-2024-08-06,3,2024-08-08,SEA,DET,SEA,Tue
DET-SEA-2024-08-13,1,2024-08-13,DET,SEA,DET,Tue
DET-SEA-2024-08-13,2,2024-08-14,DET,SEA,DET,Tue
DET-SEA-2024-08-13,3,2024-08-15,DET,SEA,DET,Tue
SEA-DET-2025-03-31,1,2025-03-31,SEA,DET,DET,Mon
SEA-DET-2025-03-31,2,2025-04-01,SEA,DET,DET,Mon
SEA-DET-2025-03-31,3,2025-04-02,SEA,DET,SEA,Mon
DET-SEA-2025-07-11,1,2025-07-11,DET,SEA,SEA,Fri
DET-SEA-2025-07-11,2,2025-07-12,DET,SEA,SEA,Fri
DET-SEA-2025-07-11,3,2025-07-13,DET,SEA,SEA,Fri
BAL-TB-2021-05-18,1,2021-05-18,BAL,TB,TB,Tue
BAL-TB-2021-05-18,2,2021-05-19,BAL,TB,TB,Tue
BAL-TB-2021-05-18,3,2021-05-20,BAL,TB,TB,Tue
TB-BAL-2021-06-11,1,2021-06-11,TB,BAL,TB,Fri
TB-BAL-2021-06-11,2,2021-06-12,TB,BAL,TB,Fri
TB-BAL-2021-06-11,3,2021-06-13,TB,BAL,TB,Fri
TB-BAL-2021-07-19,1,2021-07-19,TB,BAL,BAL,Mon
TB-BAL-2021-07-19,2,2021-07-20,TB,BAL,TB,Mon
TB-BAL-2021-07-19,3,2021-07-21,TB,BAL,TB,Mon
BAL-TB-2021-08-06,1,2021-08-06,BAL,TB,TB,Fri
BAL-TB-2021-08-06,2,2021-08-07,BAL,TB,TB,Fri
BAL-TB-2021-08-06,3,2021-08-08,BAL,TB,TB,Fri
TB-BAL-2021-08-16,1,2021-08-16,TB,BAL,TB,Mon
TB-BAL-2021-08-16,2,2021-08-17,TB,BAL,TB,Mon
TB-BAL-2021-08-16,3,2021-08-18,TB,BAL,TB,Mon
TB-BAL-2021-08-16,4,2021-08-19,TB,BAL,TB,Mon
BAL-TB-2021-08-27,1,2021-08-27,BAL,TB,TB,Fri
BAL-TB-2021-08-27,2,2021-08-28,BAL,TB,TB,Fri
BAL-TB-2021-08-27,3,2021-08-29,BAL,TB,TB,Fri
TB-BAL-2022-04-08,1,2022-04-08,TB,BAL,TB,Fri
TB-BAL-2022-04-08,2,2022-04-09,TB,BAL,TB,Fri
TB-BAL-2022-04-08,3,2022-04-10,TB,BAL,TB,Fri
BAL-TB-2022-05-20,1,2022-05-20,BAL,TB,BAL,Fri
BAL-TB-2022-05-20,2,2022-05-21,BAL,TB,TB,Fri
BAL-TB-2022-05-20,3,2022-05-22,BAL,TB,BAL,Fri
BAL-TB-2022-06-17,1,2022-06-17,BAL,TB,BAL,Fri
BAL-TB-2022-06-17,2,2022-06-18,BAL,TB,TB,Fri
BAL-TB-2022-06-17,3,2022-06-19,BAL,TB,BAL,Fri
TB-BAL-2022-07-15,1,2022-07-15,TB,BAL,TB,Fri
TB-BAL-2022-07-15,2,2022-07-16,TB,BAL,BAL,Fri
TB-BAL-2022-07-15,3,2022-07-17,TB,BAL,TB,Fri
BAL-TB-2022-07-25,1,2022-07-25,BAL,TB,BAL,Mon
BAL-TB-2022-07-25,2,2022-07-26,BAL,TB,BAL,Mon
BAL-TB-2022-07-25,3,2022-07-27,BAL,TB,TB,Mon
BAL-TB-2022-07-25,4,2022-07-28,BAL,TB,BAL,Mon
TB-BAL-2022-08-12,1,2022-08-12,TB,BAL,BAL,Fri
TB-BAL-2022-08-12,2,2022-08-13,TB,BAL,TB,Fri
TB-BAL-2022-08-12,3,2022-08-14,TB,BAL,TB,Fri
BAL-TB-2023-05-08,1,2023-05-08,BAL,TB,TB,Mon
BAL-TB-2023-05-08,2,2023-05-09,BAL,TB,BAL,Mon
BAL-TB-2023-05-08,3,2023-05-10,BAL,TB,BAL,Mon
TB-BAL-2023-06-20,1,2023-06-20,TB,BAL,BAL,Tue
TB-BAL-2023-06-20,2,2023-06-21,TB,BAL,TB,Tue
TB-BAL-2023-07-20,1,2023-07-20,TB,BAL,BAL,Thu
TB-BAL-2023-07-20,2,2023-07-21,TB,BAL,TB,Thu
TB-BAL-2023-07-20,3,2023-07-22,TB,BAL,BAL,Thu
TB-BAL-2023-07-20,4,2023-07-23,TB,BAL,BAL,Thu
BAL-TB-2023-09-14,1,2023-09-14,BAL,TB,TB,Thu
BAL-TB-2023-09-14,2,2023-09-15,BAL,TB,TB,Thu
BAL-TB-2023-09-14,3,2023-09-16,BAL,TB,BAL,Thu
BAL-TB-2023-09-14,4,2023-09-17,BAL,TB,BAL,Thu
BAL-TB-2024-05-31,1,2024-05-31,BAL,TB,BAL,Fri
BAL-TB-2024-05-31,2,2024-06-01,BAL,TB,BAL,Fri
BAL-TB-2024-05-31,3,2024-06-02,BAL,TB,TB,Fri
TB-BAL-2024-06-07,1,2024-06-07,TB,BAL,BAL,Fri
TB-BAL-2024-06-07,2,2024-06-08,TB,BAL,BAL,Fri
TB-BAL-2024-06-07,3,2024-06-09,TB,BAL,BAL,Fri
TB-BAL-2024-06-07,4,2024-06-10,TB,BAL,BAL,Fri
TB-BAL-2024-08-09,1,2024-08-09,TB,BAL,BAL,Fri
TB-BAL-2024-08-09,2,2024-08-10,TB,BAL,BAL,Fri
TB-BAL-2024-08-09,3,2024-08-11,TB,BAL,TB,Fri
BAL-TB-2024-09-06,1,2024-09-06,BAL,TB,BAL,Fri
BAL-TB-2024-09-06,2,2024-09-07,BAL,TB,TB,Fri
BAL-TB-2024-09-06,3,2024-09-08,BAL,TB,TB,Fri
TB-BAL-2025-06-16,1,2025-06-16,TB,BAL,TB,Mon
TB-BAL-2025-06-16,2,2025-06-17,TB,BAL,BAL,Mon
TB-BAL-2025-06-16,3,2025-06-18,TB,BAL,TB,Mon
TB-BAL-2025-06-16,4,2025-06-19,TB,BAL,BAL,Mon
BAL-TB-2025-06-27,1,2025-06-27,BAL,TB,BAL,Fri
BAL-TB-2025-06-27,2,2025-06-28,BAL,TB,TB,Fri
BAL-TB-2025-06-27,3,2025-06-29,BAL,TB,BAL,Fri
TB-BAL-2025-07-18,1,2025-07-18,TB,BAL,TB,Fri
TB-BAL-2025-07-18,2,2025-07-19,TB,BAL,TB,Fri
TB-BAL-2025-07-18,3,2025-07-20,TB,BAL,BAL,Fri
PHI-MIA-2021-05-18,1,2021-05-18,PHI,MIA,PHI,Tue
PHI-MIA-2021-05-18,2,2021-05-19,PHI,MIA,MIA,Tue
PHI-MIA-2021-05-18,3,2021-05-20,PHI,MIA,MIA,Tue
MIA-PHI-2021-05-24,1,2021-05-24,MIA,PHI,MIA,Mon
MIA-PHI-2021-05-24,2,2021-05-25,MIA,PHI,PHI,Mon
MIA-PHI-2021-05-24,3,2021-05-26,MIA,PHI,MIA,Mon
MIA-PHI-2021-05-24,4,2021-05-27,MIA,PHI,PHI,Mon
PHI-MIA-2021-06-29,1,2021-06-29,PHI,MIA,PHI,Tue
PHI-MIA-2021-06-29,2,2021-06-30,PHI,MIA,MIA,Tue
PHI-MIA-2021-07-16,1,2021-07-16,PHI,MIA,PHI,Fri
PHI-MIA-2021-07-16,2,2021-07-18,PHI,MIA,PHI,Fri
MIA-PHI-2021-09-03,1,2021-09-03,MIA,PHI,MIA,Fri
MIA-PHI-2021-09-03,2,2021-09-04,MIA,PHI,MIA,Fri
MIA-PHI-2021-09-03,3,2021-09-05,MIA,PHI,PHI,Fri
MIA-PHI-2021-10-01,1,2021-10-01,MIA,PHI,PHI,Fri
MIA-PHI-2021-10-01,2,2021-10-02,MIA,PHI,MIA,Fri
MIA-PHI-2021-10-01,3,2021-10-03,MIA,PHI,MIA,Fri
MIA-PHI-2022-04-14,1,2022-04-14,MIA,PHI,MIA,Thu
MIA-PHI-2022-04-14,2,2022-04-15,MIA,PHI,MIA,Thu
MIA-PHI-2022-04-14,3,2022-04-16,MIA,PHI,PHI,Thu
MIA-PHI-2022-04-14,4,2022-04-17,MIA,PHI,MIA,Thu
PHI-MIA-2022-06-13,1,2022-06-13,PHI,MIA,PHI,Mon
PHI-MIA-2022-06-13,2,2022-06-14,PHI,MIA,MIA,Mon
PHI-MIA-2022-06-13,3,2022-06-15,PHI,MIA,PHI,Mon
MIA-PHI-2022-07-15,1,2022-07-15,MIA,PHI,PHI,Fri
MIA-PHI-2022-07-15,2,2022-07-16,MIA,PHI,PHI,Fri
MIA-PHI-2022-07-15,3,2022-07-17,MIA,PHI,PHI,Fri
PHI-MIA-2022-08-09,1,2022-08-09,PHI,MIA,PHI,Tue
PHI-MIA-2022-08-09,2,2022-08-10,PHI,MIA,PHI,Tue
PHI-MIA-2022-08-09,3,2022-08-11,PHI,MIA,MIA,Tue
PHI-MIA-2022-09-06,1,2022-09-06,PHI,MIA,PHI,Tue
PHI-MIA-2022-09-06,2,2022-09-07,PHI,MIA,PHI,Tue
PHI-MIA-2022-09-06,3,2022-09-08,PHI,MIA,MIA,Tue
MIA-PHI-2022-09-13,1,2022-09-13,MIA,PHI,PHI,Tue
MIA-PHI-2022-09-13,2,2022-09-14,MIA,PHI,PHI,Tue
MIA-PHI-2022-09-13,3,2022-09-15,MIA,PHI,MIA,Tue
PHI-MIA-2023-04-10,1,2023-04-10,PHI,MIA,PHI,Mon
PHI-MIA-2023-04-10,2,2023-04-11,PHI,MIA,MIA,Mon
PHI-MIA-2023-04-10,3,2023-04-12,PHI,MIA,MIA,Mon
MIA-PHI-2023-07-07,1,2023-07-07,MIA,PHI,PHI,Fri
MIA-PHI-2023-07-07,2,2023-07-08,MIA,PHI,MIA,Fri
MIA-PHI-2023-07-07,3,2023-07-09,MIA,PHI,MIA,Fri
MIA-PHI-2023-07-31,1,2023-07-31,MIA,PHI,PHI,Mon
MIA-PHI-2023-07-31,2,2023-08-01,MIA,PHI,PHI,Mon
MIA-PHI-2023-07-31,3,2023-08-02,MIA,PHI,MIA,Mon
MIA-PHI-2023-07-31,4,2023-08-03,MIA,PHI,PHI,Mon
PHI-MIA-2023-09-08,1,2023-09-08,PHI,MIA,MIA,Fri
PHI-MIA-2023-09-08,2,2023-09-09,PHI,MIA,PHI,Fri
PHI-MIA-2023-09-08,3,2023-09-10,PHI,MIA,MIA,Fri
MIA-PHI-2024-05-10,1,2024-05-10,MIA,PHI,PHI,Fri
MIA-PHI-2024-05-10,2,2024-05-11,MIA,PHI,PHI,Fri
MIA-PHI-2024-05-10,3,2024-05-12,MIA,PHI,MIA,Fri
PHI-MIA-2024-06-27,1,2024-06-27,PHI,MIA,MIA,Thu
PHI-MIA-2024-06-27,2,2024-06-28,PHI,MIA,PHI,Thu
PHI-MIA-2024-06-27,3,2024-06-29,PHI,MIA,MIA,Thu
PHI-MIA-2024-06-27,4,2024-06-30,PHI,MIA,PHI,Thu
PHI-MIA-2024-08-13,1,2024-08-13,PHI,MIA,MIA,Tue
PHI-MIA-2024-08-13,2,2024-08-14,PHI,MIA,PHI,Tue
MIA-PHI-2024-09-05,1,2024-09-05,MIA,PHI,PHI,Thu
MIA-PHI-2024-09-05,2,2024-09-06,MIA,PHI,PHI,Thu
MIA-PHI-2024-09-05,3,2024-09-07,MIA,PHI,MIA,Thu
MIA-PHI-2024-09-05,4,2024-09-08,MIA,PHI,MIA,Thu
PHI-MIA-2025-04-18,1,2025-04-18,PHI,MIA,PHI,Fri
PHI-MIA-2025-04-18,2,2025-04-19,PHI,MIA,PHI,Fri
PHI-MIA-2025-04-18,3,2025-04-20,PHI,MIA,MIA,Fri
MIA-PHI-2025-06-16,1,2025-06-16,MIA,PHI,PHI,Mon
MIA-PHI-2025-06-16,2,2025-06-17,MIA,PHI,MIA,Mon
MIA-PHI-2025-06-16,3,2025-06-18,MIA,PHI,PHI,Mon
MIA-PHI-2025-06-16,4,2025-06-19,MIA,PHI,PHI,Mon
KC-MIL-2021-05-18,1,2021-05-18,KC,MIL,KC,Tue
KC-MIL-2021-05-18,2,2021-05-19,KC,MIL,KC,Tue
MIL-KC-2021-07-20,1,2021-07-20,MIL,KC,KC,Tue
MIL-KC-2021-07-20,2,2021-07-21,MIL,KC,KC,Tue
MIL-KC-2023-05-12,1,2023-05-12,MIL,KC,MIL,Fri
MIL-KC-2023-05-12,2,2023-05-13,MIL,KC,MIL,Fri
MIL-KC-2023-05-12,3,2023-05-14,MIL,KC,MIL,Fri
KC-MIL-2024-05-06,1,2024-05-06,KC,MIL,KC,Mon
KC-MIL-2024-05-06,2,2024-05-07,KC,MIL,MIL,Mon
KC-MIL-2024-05-06,3,2024-05-08,KC,MIL,KC,Mon
MIL-KC-2025-03-31,1,2025-03-31,MIL,KC,KC,Mon
MIL-KC-2025-03-31,2,2025-04-01,MIL,KC,MIL,Mon
MIL-KC-2025-03-31,3,2025-04-02,MIL,KC,MIL,Mon
ATL-PIT-2021-05-20,1,2021-05-20,ATL,PIT,PIT,Thu
ATL-PIT-2021-05-20,2,2021-05-21,ATL,PIT,ATL,Thu
ATL-PIT-2021-05-20,3,2021-05-22,ATL,PIT,ATL,Thu
ATL-PIT-2021-05-20,4,2021-05-23,ATL,PIT,ATL,Thu
PIT-ATL-2021-07-05,1,2021-07-05,PIT,ATL,PIT,Mon
PIT-ATL-2021-07-05,2,2021-07-06,PIT,ATL,PIT,Mon
PIT-ATL-2021-07-05,3,2021-07-07,PIT,ATL,ATL,Mon
ATL-PIT-2022-06-09,1,2022-06-09,ATL,PIT,ATL,Thu
ATL-PIT-2022-06-09,2,2022-06-10,ATL,PIT,ATL,Thu
ATL-PIT-2022-06-09,3,2022-06-11,ATL,PIT,ATL,Thu
ATL-PIT-2022-06-09,4,2022-06-12,ATL,PIT,ATL,Thu
PIT-ATL-2022-08-22,1,2022-08-22,PIT,ATL,ATL,Mon
PIT-ATL-2022-08-22,2,2022-08-23,PIT,ATL,ATL,Mon
PIT-ATL-2022-08-22,3,2022-08-24,PIT,ATL,ATL,Mon
PIT-ATL-2023-08-07,1,2023-08-07,PIT,ATL,PIT,Mon
PIT-ATL-2023-08-07,2,2023-08-08,PIT,ATL,ATL,Mon
PIT-ATL-2023-08-07,3,2023-08-09,PIT,ATL,ATL,Mon
PIT-ATL-2023-08-07,4,2023-08-10,PIT,ATL,PIT,Mon
ATL-PIT-2023-09-08,1,2023-09-08,ATL,PIT,ATL,Fri
ATL-PIT-2023-09-08,2,2023-09-09,ATL,PIT,PIT,Fri
ATL-PIT-2023-09-08,3,2023-09-10,ATL,PIT,ATL,Fri
PIT-ATL-2024-05-24,1,2024-05-24,PIT,ATL,PIT,Fri
PIT-ATL-2024-05-24,2,2024-05-25,PIT,ATL,PIT,Fri
PIT-ATL-2024-05-24,3,2024-05-26,PIT,ATL,ATL,Fri
ATL-PIT-2024-06-28,1,2024-06-28,ATL,PIT,ATL,Fri
ATL-PIT-2024-06-28,2,2024-06-29,ATL,PIT,ATL,Fri
ATL-PIT-2024-06-28,3,2024-06-30,ATL,PIT,PIT,Fri
PIT-ATL-2025-05-09,1,2025-05-09,PIT,ATL,PIT,Fri
PIT-ATL-2025-05-09,2,2025-05-10,PIT,ATL,ATL,Fri
PIT-ATL-2025-05-09,3,2025-05-11,PIT,ATL,PIT,Fri
WAS-BAL-2021-05-21,1,2021-05-21,WAS,BAL,WAS,Fri
WAS-BAL-2021-05-21,2,2021-05-22,WAS,BAL,WAS,Fri
WAS-BAL-2021-05-21,3,2021-05-23,WAS,BAL,WAS,Fri
BAL-WAS-2021-07-23,1,2021-07-23,BAL,WAS,BAL,Fri
BAL-WAS-2021-07-23,2,2021-07-24,BAL,WAS,BAL,Fri
BAL-WAS-2021-07-23,3,2021-07-25,BAL,WAS,BAL,Fri
BAL-WAS-2022-06-21,1,2022-06-21,BAL,WAS,WAS,Tue
BAL-WAS-2022-06-21,2,2022-06-22,BAL,WAS,BAL,Tue
WAS-BAL-2022-09-13,1,2022-09-13,WAS,BAL,BAL,Tue
WAS-BAL-2022-09-13,2,2022-09-14,WAS,BAL,BAL,Tue
WAS-BAL-2023-04-18,1,2023-04-18,WAS,BAL,BAL,Tue
WAS-BAL-2023-04-18,2,2023-04-19,WAS,BAL,BAL,Tue
BAL-WAS-2023-09-26,1,2023-09-26,BAL,WAS,BAL,Tue
BAL-WAS-2023-09-26,2,2023-09-27,BAL,WAS,BAL,Tue
WAS-BAL-2024-05-07,1,2024-05-07,WAS,BAL,WAS,Tue
WAS-BAL-2024-05-07,2,2024-05-08,WAS,BAL,BAL,Tue
BAL-WAS-2024-08-13,1,2024-08-13,BAL,WAS,WAS,Tue
BAL-WAS-2024-08-13,2,2024-08-14,BAL,WAS,BAL,Tue
WAS-BAL-2025-04-22,1,2025-04-22,WAS,BAL,WAS,Tue
WAS-BAL-2025-04-22,2,2025-04-23,WAS,BAL,WAS,Tue
WAS-BAL-2025-04-22,3,2025-04-24,WAS,BAL,BAL,Tue
BAL-WAS-2025-05-16,1,2025-05-16,BAL,WAS,WAS,Fri
BAL-WAS-2025-05-16,2,2025-05-17,BAL,WAS,WAS,Fri
BAL-WAS-2025-05-16,3,2025-05-18,BAL,WAS,WAS,Fri
NYY-CHW-2021-05-21,1,2021-05-21,NYY,CHW,NYY,Fri
NYY-CHW-2021-05-21,2,2021-05-22,NYY,CHW,NYY,Fri
NYY-CHW-2021-05-21,3,2021-05-23,NYY,CHW,NYY,Fri
CHW-NYY-2021-08-12,1,2021-08-12,CHW,NYY,CHW,Thu
CHW-NYY-2021-08-12,2,2021-08-14,CHW,NYY,NYY,Thu
CHW-NYY-2021-08-12,3,2021-08-15,CHW,NYY,NYY,Thu
CHW-NYY-2022-05-12,1,2022-05-12,CHW,NYY,NYY,Thu
CHW-NYY-2022-05-12,2,2022-05-13,CHW,NYY,NYY,Thu
CHW-NYY-2022-05-12,3,2022-05-14,CHW,NYY,CHW,Thu
CHW-NYY-2022-05-12,4,2022-05-15,CHW,NYY,NYY,Thu
NYY-CHW-2022-05-21,1,2022-05-21,NYY,CHW,NYY,Sat
NYY-CHW-2022-05-21,2,2022-05-22,NYY,CHW,CHW,Sat
NYY-CHW-2023-06-06,1,2023-06-06,NYY,CHW,CHW,Tue
NYY-CHW-2023-06-06,2,2023-06-08,NYY,CHW,CHW,Tue
CHW-NYY-2023-08-07,1,2023-08-07,CHW,NYY,CHW,Mon
CHW-NYY-2023-08-07,2,2023-08-08,CHW,NYY,NYY,Mon
CHW-NYY-2023-08-07,3,2023-08-09,CHW,NYY,CHW,Mon
NYY-CHW-2024-05-17,1,2024-05-17,NYY,CHW,NYY,Fri
NYY-CHW-2024-05-17,2,2024-05-18,NYY,CHW,NYY,Fri
NYY-CHW-2024-05-17,3,2024-05-19,NYY,CHW,NYY,Fri
CHW-NYY-2024-08-12,1,2024-08-12,CHW,NYY,CHW,Mon
CHW-NYY-2024-08-12,2,2024-08-13,CHW,NYY,NYY,Mon
CHW-NYY-2024-08-12,3,2024-08-14,CHW,NYY,NYY,Mon
PHI-BOS-2021-05-21,1,2021-05-21,PHI,BOS,BOS,Fri
PHI-BOS-2021-05-21,2,2021-05-22,PHI,BOS,BOS,Fri
PHI-BOS-2021-05-21,3,2021-05-23,PHI,BOS,PHI,Fri
BOS-PHI-2021-07-09,1,2021-07-09,BOS,PHI,BOS,Fri
BOS-PHI-2021-07-09,2,2021-07-10,BOS,PHI,PHI,Fri
BOS-PHI-2021-07-09,3,2021-07-11,BOS,PHI,PHI,Fri
PHI-BOS-2023-05-05,1,2023-05-05,PHI,BOS,BOS,Fri
PHI-BOS-2023-05-05,2,2023-05-06,PHI,BOS,BOS,Fri
PHI-BOS-2023-05-05,3,2023-05-07,PHI,BOS,PHI,Fri
BOS-PHI-2024-06-11,1,2024-06-11,BOS,PHI,PHI,Tue
BOS-PHI-2024-06-11,2,2024-06-12,BOS,PHI,BOS,Tue
BOS-PHI-2024-06-11,3,2024-06-13,BOS,PHI,BOS,Tue
PHI-BOS-2025-07-21,1,2025-07-21,PHI,BOS,PHI,Mon
PHI-BOS-2025-07-21,2,2025-07-22,PHI,BOS,PHI,Mon
PHI-BOS-2025-07-21,3,2025-07-23,PHI,BOS,BOS,Mon
CIN-MIL-2021-05-21,1,2021-05-21,CIN,MIL,CIN,Fri
CIN-MIL-2021-05-21,2,2021-05-22,CIN,MIL,MIL,Fri
CIN-MIL-2021-05-21,3,2021-05-23,CIN,MIL,MIL,Fri
CIN-MIL-2021-06-08,1,2021-06-08,CIN,MIL,MIL,Tue
CIN-MIL-2021-06-08,2,2021-06-09,CIN,MIL,CIN,Tue
CIN-MIL-2021-06-08,3,2021-06-10,CIN,MIL,MIL,Tue
MIL-CIN-2021-06-14,1,2021-06-14,MIL,CIN,CIN,Mon
MIL-CIN-2021-06-14,2,2021-06-15,MIL,CIN,CIN,Mon
MIL-CIN-2021-06-14,3,2021-06-16,MIL,CIN,CIN,Mon
MIL-CIN-2021-07-08,1,2021-07-08,MIL,CIN,MIL,Thu
MIL-CIN-2021-07-08,2,2021-07-09,MIL,CIN,CIN,Thu
MIL-CIN-2021-07-08,3,2021-07-10,MIL,CIN,CIN,Thu
MIL-CIN-2021-07-08,4,2021-07-11,MIL,CIN,CIN,Thu
CIN-MIL-2021-07-16,1,2021-07-16,CIN,MIL,MIL,Fri
CIN-MIL-2021-07-16,2,2021-07-17,CIN,MIL,MIL,Fri
CIN-MIL-2021-07-16,3,2021-07-18,CIN,MIL,MIL,Fri
MIL-CIN-2021-08-24,1,2021-08-24,MIL,CIN,MIL,Tue
MIL-CIN-2021-08-24,2,2021-08-25,MIL,CIN,MIL,Tue
MIL-CIN-2021-08-24,3,2021-08-26,MIL,CIN,CIN,Tue
MIL-CIN-2022-05-03,1,2022-05-03,MIL,CIN,MIL,Tue
MIL-CIN-2022-05-03,2,2022-05-04,MIL,CIN,MIL,Tue
MIL-CIN-2022-05-03,3,2022-05-05,MIL,CIN,MIL,Tue
CIN-MIL-2022-05-09,1,2022-05-09,CIN,MIL,CIN,Mon
CIN-MIL-2022-05-09,2,2022-05-10,CIN,MIL,MIL,Mon
CIN-MIL-2022-05-09,3,2022-05-11,CIN,MIL,CIN,Mon
CIN-MIL-2022-06-17,1,2022-06-17,CIN,MIL,MIL,Fri
CIN-MIL-2022-06-17,2,2022-06-18,CIN,MIL,MIL,Fri
CIN-MIL-2022-06-17,3,2022-06-19,CIN,MIL,MIL,Fri
MIL-CIN-2022-08-05,1,2022-08-05,MIL,CIN,MIL,Fri
MIL-CIN-2022-08-05,2,2022-08-06,MIL,CIN,CIN,Fri
MIL-CIN-2022-08-05,3,2022-08-07,MIL,CIN,CIN,Fri
MIL-CIN-2022-09-09,1,2022-09-09,MIL,CIN,CIN,Fri
MIL-CIN-2022-09-09,2,2022-09-10,MIL,CIN,MIL,Fri
MIL-CIN-2022-09-09,3,2022-09-11,MIL,CIN,MIL,Fri
CIN-MIL-2022-09-22,1,2022-09-22,CIN,MIL,MIL,Thu
CIN-MIL-2022-09-22,2,2022-09-23,CIN,MIL,MIL,Thu
CIN-MIL-2022-09-22,3,2022-09-24,CIN,MIL,MIL,Thu
CIN-MIL-2022-09-22,4,2022-09-25,CIN,MIL,CIN,Thu
CIN-MIL-2023-06-02,1,2023-06-02,CIN,MIL,MIL,Fri
CIN-MIL-2023-06-02,2,2023-06-03,CIN,MIL,MIL,Fri
CIN-MIL-2023-06-02,3,2023-06-04,CIN,MIL,MIL,Fri
CIN-MIL-2023-06-02,4,2023-06-05,CIN,MIL,CIN,Fri
MIL-CIN-2023-07-07,1,2023-07-07,MIL,CIN,MIL,Fri
MIL-CIN-2023-07-07,2,2023-07-08,MIL,CIN,CIN,Fri
MIL-CIN-2023-07-07,3,2023-07-09,MIL,CIN,MIL,Fri
CIN-MIL-2023-07-14,1,2023-07-14,CIN,MIL,MIL,Fri
CIN-MIL-2023-07-14,2,2023-07-15,CIN,MIL,MIL,Fri
CIN-MIL-2023-07-14,3,2023-07-16,CIN,MIL,MIL,Fri
MIL-CIN-2023-07-24,1,2023-07-24,MIL,CIN,MIL,Mon
MIL-CIN-2023-07-24,2,2023-07-25,MIL,CIN,CIN,Mon
MIL-CIN-2023-07-24,3,2023-07-26,MIL,CIN,MIL,Mon
CIN-MIL-2024-04-08,1,2024-04-08,CIN,MIL,CIN,Mon
CIN-MIL-2024-04-08,2,2024-04-09,CIN,MIL,MIL,Mon
CIN-MIL-2024-04-08,3,2024-04-10,CIN,MIL,MIL,Mon
MIL-CIN-2024-06-14,1,2024-06-14,MIL,CIN,CIN,Fri
MIL-CIN-2024-06-14,2,2024-06-15,MIL,CIN,MIL,Fri
MIL-CIN-2024-06-14,3,2024-06-16,MIL,CIN,MIL,Fri
MIL-CIN-2024-08-09,1,2024-08-09,MIL,CIN,MIL,Fri
MIL-CIN-2024-08-09,2,2024-08-10,MIL,CIN,MIL,Fri
MIL-CIN-2024-08-09,3,2024-08-11,MIL,CIN,CIN,Fri
CIN-MIL-2024-08-30,1,2024-08-30,CIN,MIL,MIL,Fri
CIN-MIL-2024-08-30,2,2024-08-31,CIN,MIL,MIL,Fri
CIN-MIL-2024-08-30,3,2024-09-01,CIN,MIL,CIN,Fri
MIL-CIN-2025-04-03,1,2025-04-03,MIL,CIN,MIL,Thu
MIL-CIN-2025-04-03,2,2025-04-04,MIL,CIN,MIL,Thu
MIL-CIN-2025-04-03,3,2025-04-05,MIL,CIN,CIN,Thu
MIL-CIN-2025-04-03,4,2025-04-06,MIL,CIN,MIL,Thu
CIN-MIL-2025-06-02,1,2025-06-02,CIN,MIL,MIL,Mon
CIN-MIL-2025-06-02,2,2025-06-03,CIN,MIL,CIN,Mon
CIN-MIL-2025-06-02,3,2025-06-04,CIN,MIL,MIL,Mon
CIN-MIL-2025-08-15,1,2025-08-15,CIN,MIL,MIL,Fri
CIN-MIL-2025-08-15,2,2025-08-16,CIN,MIL,MIL,Fri
STL-CHC-2021-05-21,1,2021-05-21,STL,CHC,CHC,Fri
STL-CHC-2021-05-21,2,2021-05-22,STL,CHC,STL,Fri
STL-CHC-2021-05-21,3,2021-05-23,STL,CHC,CHC,Fri
CHC-STL-2021-06-11,1,2021-06-11,CHC,STL,CHC,Fri
CHC-STL-2021-06-11,2,2021-06-12,CHC,STL,CHC,Fri
CHC-STL-2021-06-11,3,2021-06-13,CHC,STL,CHC,Fri
CHC-STL-2021-07-09,1,2021-07-09,CHC,STL,CHC,Fri
CHC-STL-2021-07-09,2,2021-07-10,CHC,STL,STL,Fri
STL-CHC-2021-07-19,1,2021-07-19,STL,CHC,STL,Mon
STL-CHC-2021-07-19,2,2021-07-20,STL,CHC,CHC,Mon
STL-CHC-2021-07-19,3,2021-07-21,STL,CHC,STL,Mon
STL-CHC-2021-07-19,4,2021-07-22,STL,CHC,STL,Mon
CHC-STL-2021-09-25,1,2021-09-25,CHC,STL,STL,Sat
CHC-STL-2021-09-25,2,2021-09-26,CHC,STL,STL,Sat
STL-CHC-2021-10-01,1,2021-10-01,STL,CHC,STL,Fri
STL-CHC-2021-10-01,2,2021-10-02,STL,CHC,CHC,Fri
STL-CHC-2021-10-01,3,2021-10-03,STL,CHC,CHC,Fri
CHC-STL-2022-06-02,1,2022-06-02,CHC,STL,CHC,Thu
CHC-STL-2022-06-02,2,2022-06-03,CHC,STL,STL,Thu
CHC-STL-2022-06-02,3,2022-06-04,CHC,STL,CHC,Thu
CHC-STL-2022-06-02,4,2022-06-05,CHC,STL,STL,Thu
STL-CHC-2022-06-24,1,2022-06-24,STL,CHC,CHC,Fri
STL-CHC-2022-06-24,2,2022-06-25,STL,CHC,STL,Fri
STL-CHC-2022-06-24,3,2022-06-26,STL,CHC,CHC,Fri
STL-CHC-2022-08-02,1,2022-08-02,STL,CHC,STL,Tue
STL-CHC-2022-08-02,2,2022-08-04,STL,CHC,STL,Tue
CHC-STL-2022-08-22,1,2022-08-22,CHC,STL,STL,Mon
CHC-STL-2022-08-22,2,2022-08-23,CHC,STL,CHC,Mon
CHC-STL-2022-08-22,3,2022-08-24,CHC,STL,CHC,Mon
CHC-STL-2022-08-22,4,2022-08-25,CHC,STL,STL,Mon
STL-CHC-2022-09-02,1,2022-09-02,STL,CHC,STL,Fri
STL-CHC-2022-09-02,2,2022-09-03,STL,CHC,STL,Fri
STL-CHC-2022-09-02,3,2022-09-04,STL,CHC,STL,Fri
CHC-STL-2023-05-08,1,2023-05-08,CHC,STL,STL,Mon
CHC-STL-2023-05-08,2,2023-05-09,CHC,STL,STL,Mon
CHC-STL-2023-05-08,3,2023-05-10,CHC,STL,CHC,Mon
STL-CHC-2023-06-24,1,2023-06-24,STL,CHC,CHC,Sat
STL-CHC-2023-06-24,2,2023-06-25,STL,CHC,STL,Sat
CHC-STL-2023-07-20,1,2023-07-20,CHC,STL,STL,Thu
CHC-STL-2023-07-20,2,2023-07-21,CHC,STL,CHC,Thu
CHC-STL-2023-07-20,3,2023-07-22,CHC,STL,CHC,Thu
CHC-STL-2023-07-20,4,2023-07-23,CHC,STL,CHC,Thu
STL-CHC-2023-07-27,1,2023-07-27,STL,CHC,CHC,Thu
STL-CHC-2023-07-27,2,2023-07-28,STL,CHC,CHC,Thu
STL-CHC-2023-07-27,3,2023-07-29,STL,CHC,CHC,Thu
STL-CHC-2023-07-27,4,2023-07-30,STL,CHC,STL,Thu
STL-CHC-2024-05-25,1,2024-05-25,STL,CHC,STL,Sat
STL-CHC-2024-05-25,2,2024-05-26,STL,CHC,STL,Sat
CHC-STL-2024-06-14,1,2024-06-14,CHC,STL,STL,Fri
CHC-STL-2024-06-14,2,2024-06-15,CHC,STL,CHC,Fri
CHC-STL-2024-06-14,3,2024-06-16,CHC,STL,STL,Fri
STL-CHC-2024-07-12,1,2024-07-12,STL,CHC,CHC,Fri
STL-CHC-2024-07-12,2,2024-07-13,STL,CHC,STL,Fri
STL-CHC-2024-07-12,3,2024-07-14,STL,CHC,CHC,Fri
CHC-STL-2024-08-01,1,2024-08-01,CHC,STL,CHC,Thu
CHC-STL-2024-08-01,2,2024-08-02,CHC,STL,CHC,Thu
CHC-STL-2024-08-01,3,2024-08-03,CHC,STL,STL,Thu
CHC-STL-2024-08-01,4,2024-08-04,CHC,STL,CHC,Thu
STL-CHC-2025-06-23,1,2025-06-23,STL,CHC,STL,Mon
STL-CHC-2025-06-23,2,2025-06-24,STL,CHC,STL,Mon
STL-CHC-2025-06-23,3,2025-06-25,STL,CHC,CHC,Mon
STL-CHC-2025-06-23,4,2025-06-26,STL,CHC,CHC,Mon
CHC-STL-2025-07-04,1,2025-07-04,CHC,STL,CHC,Fri
CHC-STL-2025-07-04,2,2025-07-05,CHC,STL,STL,Fri
CHC-STL-2025-07-04,3,2025-07-06,CHC,STL,CHC,Fri
STL-CHC-2025-08-08,1,2025-08-08,STL,CHC,STL,Fri
STL-CHC-2025-08-08,2,2025-08-09,STL,CHC,CHC,Fri
STL-CHC-2025-08-08,3,2025-08-10,STL,CHC,STL,Fri
LAA-OAK-2021-05-21,1,2021-05-21,LAA,OAK,OAK,Fri
LAA-OAK-2021-05-21,2,2021-05-22,LAA,OAK,OAK,Fri
LAA-OAK-2021-05-21,3,2021-05-23,LAA,OAK,LAA,Fri
OAK-LAA-2021-05-27,1,2021-05-27,OAK,LAA,OAK,Thu
OAK-LAA-2021-05-27,2,2021-05-28,OAK,LAA,OAK,Thu
OAK-LAA-2021-05-27,3,2021-05-29,OAK,LAA,LAA,Thu
OAK-LAA-2021-05-27,4,2021-05-30,OAK,LAA,LAA,Thu
OAK-LAA-2021-06-14,1,2021-06-14,OAK,LAA,OAK,Mon
OAK-LAA-2021-06-14,2,2021-06-15,OAK,LAA,OAK,Mon
OAK-LAA-2021-06-14,3,2021-06-16,OAK,LAA,OAK,Mon
OAK-LAA-2021-07-19,1,2021-07-19,OAK,LAA,OAK,Mon
OAK-LAA-2021-07-19,2,2021-07-20,OAK,LAA,OAK,Mon
LAA-OAK-2021-07-29,1,2021-07-29,LAA,OAK,OAK,Thu
LAA-OAK-2021-07-29,2,2021-07-30,LAA,OAK,OAK,Thu
LAA-OAK-2021-07-29,3,2021-07-31,LAA,OAK,LAA,Thu
LAA-OAK-2021-07-29,4,2021-08-01,LAA,OAK,OAK,Thu
LAA-OAK-2021-09-17,1,2021-09-17,LAA,OAK,OAK,Fri
LAA-OAK-2021-09-17,2,2021-09-18,LAA,OAK,OAK,Fri
LAA-OAK-2021-09-17,3,2021-09-19,LAA,OAK,OAK,Fri
OAK-LAA-2022-05-13,1,2022-05-13,OAK,LAA,LAA,Fri
OAK-LAA-2022-05-13,2,2022-05-14,OAK,LAA,OAK,Fri
OAK-LAA-2022-05-13,3,2022-05-15,OAK,LAA,LAA,Fri
LAA-OAK-2022-05-20,1,2022-05-20,LAA,OAK,OAK,Fri
LAA-OAK-2022-05-20,2,2022-05-21,LAA,OAK,LAA,Fri
LAA-OAK-2022-05-20,3,2022-05-22,LAA,OAK,LAA,Fri
LAA-OAK-2022-08-02,1,2022-08-02,LAA,OAK,LAA,Tue
LAA-OAK-2022-08-02,2,2022-08-03,LAA,OAK,OAK,Tue
LAA-OAK-2022-08-02,3,2022-08-04,LAA,OAK,OAK,Tue
OAK-LAA-2022-08-08,1,2022-08-08,OAK,LAA,LAA,Mon
OAK-LAA-2022-08-08,2,2022-08-09,OAK,LAA,LAA,Mon
OAK-LAA-2022-08-08,3,2022-08-10,OAK,LAA,LAA,Mon
LAA-OAK-2022-09-27,1,2022-09-27,LAA,OAK,LAA,Tue
LAA-OAK-2022-09-27,2,2022-09-28,LAA,OAK,LAA,Tue
LAA-OAK-2022-09-27,3,2022-09-29,LAA,OAK,LAA,Tue
OAK-LAA-2022-10-03,1,2022-10-03,OAK,LAA,OAK,Mon
OAK-LAA-2022-10-03,2,2022-10-04,OAK,LAA,OAK,Mon
OAK-LAA-2022-10-03,3,2022-10-05,OAK,LAA,OAK,Mon
OAK-LAA-2023-03-30,1,2023-03-30,OAK,LAA,OAK,Thu
OAK-LAA-2023-03-30,2,2023-04-01,OAK,LAA,LAA,Thu
OAK-LAA-2023-03-30,3,2023-04-02,OAK,LAA,LAA,Thu
LAA-OAK-2023-04-24,1,2023-04-24,LAA,OAK,OAK,Mon
LAA-OAK-2023-04-24,2,2023-04-25,LAA,OAK,LAA,Mon
LAA-OAK-2023-04-24,3,2023-04-26,LAA,OAK,LAA,Mon
LAA-OAK-2023-04-24,4,2023-04-27,LAA,OAK,LAA,Mon
OAK-LAA-2023-09-01,1,2023-09-01,OAK,LAA,OAK,Fri
OAK-LAA-2023-09-01,2,2023-09-02,OAK,LAA,OAK,Fri
OAK-LAA-2023-09-01,3,2023-09-03,OAK,LAA,OAK,Fri
LAA-OAK-2023-09-29,1,2023-09-29,LAA,OAK,LAA,Fri
LAA-OAK-2023-09-29,2,2023-09-30,LAA,OAK,OAK,Fri
LAA-OAK-2023-09-29,3,2023-10-01,LAA,OAK,LAA,Fri
SF-LAD-2021-05-21,1,2021-05-21,SF,LAD,LAD,Fri
SF-LAD-2021-05-21,2,2021-05-22,SF,LAD,LAD,Fri
SF-LAD-2021-05-21,3,2021-05-23,SF,LAD,LAD,Fri
LAD-SF-2021-05-27,1,2021-05-27,LAD,SF,LAD,Thu
LAD-SF-2021-05-27,2,2021-05-28,LAD,SF,SF,Thu
LAD-SF-2021-05-27,3,2021-05-29,LAD,SF,SF,Thu
LAD-SF-2021-05-27,4,2021-05-30,LAD,SF,SF,Thu
LAD-SF-2021-06-28,1,2021-06-28,LAD,SF,LAD,Mon
LAD-SF-2021-06-28,2,2021-06-29,LAD,SF,LAD,Mon
LAD-SF-2021-07-19,1,2021-07-19,LAD,SF,SF,Mon
LAD-SF-2021-07-19,2,2021-07-20,LAD,SF,LAD,Mon
LAD-SF-2021-07-19,3,2021-07-21,LAD,SF,SF,Mon
LAD-SF-2021-07-19,4,2021-07-22,LAD,SF,SF,Mon
SF-LAD-2021-07-27,1,2021-07-27,SF,LAD,SF,Tue
SF-LAD-2021-07-27,2,2021-07-28,SF,LAD,LAD,Tue
SF-LAD-2021-07-27,3,2021-07-29,SF,LAD,SF,Tue
SF-LAD-2021-09-03,1,2021-09-03,SF,LAD,SF,Fri
SF-LAD-2021-09-03,2,2021-09-04,SF,LAD,LAD,Fri
SF-LAD-2021-09-03,3,2021-09-05,SF,LAD,SF,Fri
LAD-SF-2022-05-03,1,2022-05-03,LAD,SF,LAD,Tue
LAD-SF-2022-05-03,2,2022-05-04,LAD,SF,LAD,Tue
SF-LAD-2022-06-10,1,2022-06-10,SF,LAD,SF,Fri
SF-LAD-2022-06-10,2,2022-06-11,SF,LAD,SF,Fri
SF-LAD-2022-06-10,3,2022-06-12,SF,LAD,SF,Fri
LAD-SF-2022-07-21,1,2022-07-21,LAD,SF,LAD,Thu
LAD-SF-2022-07-21,2,2022-07-22,LAD,SF,LAD,Thu
LAD-SF-2022-07-21,3,2022-07-23,LAD,SF,LAD,Thu
LAD-SF-2022-07-21,4,2022-07-24,LAD,SF,LAD,Thu
SF-LAD-2022-08-01,1,2022-08-01,SF,LAD,LAD,Mon
SF-LAD-2022-08-01,2,2022-08-02,SF,LAD,LAD,Mon
SF-LAD-2022-08-01,3,2022-08-03,SF,LAD,LAD,Mon
SF-LAD-2022-08-01,4,2022-08-04,SF,LAD,LAD,Mon
LAD-SF-2022-09-05,1,2022-09-05,LAD,SF,SF,Mon
LAD-SF-2022-09-05,2,2022-09-06,LAD,SF,LAD,Mon
LAD-SF-2022-09-05,3,2022-09-07,LAD,SF,LAD,Mon
SF-LAD-2022-09-16,1,2022-09-16,SF,LAD,LAD,Fri
SF-LAD-2022-09-16,2,2022-09-17,SF,LAD,LAD,Fri
SF-LAD-2022-09-16,3,2022-09-18,SF,LAD,LAD,Fri
SF-LAD-2023-04-10,1,2023-04-10,SF,LAD,LAD,Mon
SF-LAD-2023-04-10,2,2023-04-11,SF,LAD,SF,Mon
SF-LAD-2023-04-10,3,2023-04-12,SF,LAD,LAD,Mon
LAD-SF-2023-06-16,1,2023-06-16,LAD,SF,SF,Fri
LAD-SF-2023-06-16,2,2023-06-17,LAD,SF,SF,Fri
LAD-SF-2023-06-16,3,2023-06-18,LAD,SF,SF,Fri
LAD-SF-2023-09-21,1,2023-09-21,LAD,SF,LAD,Thu
LAD-SF-2023-09-21,2,2023-09-22,LAD,SF,SF,Thu
LAD-SF-2023-09-21,3,2023-09-23,LAD,SF,LAD,Thu
LAD-SF-2023-09-21,4,2023-09-24,LAD,SF,LAD,Thu
SF-LAD-2023-09-29,1,2023-09-29,SF,LAD,LAD,Fri
SF-LAD-2023-09-29,2,2023-09-30,SF,LAD,SF,Fri
SF-LAD-2023-09-29,3,2023-10-01,SF,LAD,LAD,Fri
LAD-SF-2024-04-01,1,2024-04-01,LAD,SF,LAD,Mon
LAD-SF-2024-04-01,2,2024-04-02,LAD,SF,LAD,Mon
LAD-SF-2024-04-01,3,2024-04-03,LAD,SF,LAD,Mon
SF-LAD-2024-05-13,1,2024-05-13,SF,LAD,LAD,Mon
SF-LAD-2024-05-13,2,2024-05-14,SF,LAD,LAD,Mon
SF-LAD-2024-05-13,3,2024-05-15,SF,LAD,SF,Mon
SF-LAD-2024-06-28,1,2024-06-28,SF,LAD,SF,Fri
SF-LAD-2024-06-28,2,2024-06-29,SF,LAD,LAD,Fri
SF-LAD-2024-06-28,3,2024-06-30,SF,LAD,SF,Fri
LAD-SF-2024-07-22,1,2024-07-22,LAD,SF,LAD,Mon
LAD-SF-2024-07-22,2,2024-07-23,LAD,SF,LAD,Mon
LAD-SF-2024-07-22,3,2024-07-24,LAD,SF,SF,Mon
LAD-SF-2024-07-22,4,2024-07-25,LAD,SF,LAD,Mon
LAD-SF-2025-06-13,1,2025-06-13,LAD,SF,SF,Fri
LAD-SF-2025-06-13,2,2025-06-14,LAD,SF,LAD,Fri
LAD-SF-2025-06-13,3,2025-06-15,LAD,SF,LAD,Fri
SF-LAD-2025-07-11,1,2025-07-11,SF,LAD,SF,Fri
SF-LAD-2025-07-11,2,2025-07-12,SF,LAD,LAD,Fri
SF-LAD-2025-07-11,3,2025-07-13,SF,LAD,LAD,Fri
SD-SEA-2021-05-21,1,2021-05-21,SD,SEA,SD,Fri
SD-SEA-2021-05-21,2,2021-05-22,SD,SEA,SD,Fri
SD-SEA-2021-05-21,3,2021-05-23,SD,SEA,SD,Fri
SD-SEA-2022-07-04,1,2022-07-04,SD,SEA,SEA,Mon
SD-SEA-2022-07-04,2,2022-07-05,SD,SEA,SEA,Mon
SEA-SD-2022-09-13,1,2022-09-13,SEA,SD,SD,Tue
SEA-SD-2022-09-13,2,2022-09-14,SEA,SD,SEA,Tue
SD-SEA-2023-06-06,1,2023-06-06,SD,SEA,SEA,Tue
SD-SEA-2023-06-06,2,2023-06-07,SD,SEA,SD,Tue
SEA-SD-2023-08-08,1,2023-08-08,SEA,SD,SEA,Tue
SEA-SD-2023-08-08,2,2023-08-09,SEA,SD,SEA,Tue
SD-SEA-2024-07-09,1,2024-07-09,SD,SEA,SEA,Tue
SD-SEA-2024-07-09,2,2024-07-10,SD,SEA,SEA,Tue
SEA-SD-2024-09-10,1,2024-09-10,SEA,SD,SD,Tue
SEA-SD-2024-09-10,2,2024-09-11,SEA,SD,SEA,Tue
SD-SEA-2025-05-16,1,2025-05-16,SD,SEA,SEA,Fri
SD-SEA-2025-05-16,2,2025-05-17,SD,SEA,SEA,Fri
SD-SEA-2025-05-16,3,2025-05-18,SD,SEA,SEA,Fri
MIN-BAL-2021-05-24,1,2021-05-24,MIN,BAL,MIN,Mon
MIN-BAL-2021-05-24,2,2021-05-25,MIN,BAL,MIN,Mon
MIN-BAL-2021-05-24,3,2021-05-26,MIN,BAL,MIN,Mon
BAL-MIN-2021-05-31,1,2021-05-31,BAL,MIN,MIN,Mon
BAL-MIN-2021-05-31,2,2021-06-01,BAL,MIN,BAL,Mon
BAL-MIN-2021-05-31,3,2021-06-02,BAL,MIN,BAL,Mon
BAL-MIN-2022-05-02,1,2022-05-02,BAL,MIN,MIN,Mon
BAL-MIN-2022-05-02,2,2022-05-03,BAL,MIN,MIN,Mon
BAL-MIN-2022-05-02,3,2022-05-04,BAL,MIN,BAL,Mon
BAL-MIN-2022-05-02,4,2022-05-05,BAL,MIN,BAL,Mon
MIN-BAL-2022-07-01,1,2022-07-01,MIN,BAL,MIN,Fri
MIN-BAL-2022-07-01,2,2022-07-02,MIN,BAL,MIN,Fri
MIN-BAL-2022-07-01,3,2022-07-03,MIN,BAL,BAL,Fri
BAL-MIN-2023-06-30,1,2023-06-30,BAL,MIN,MIN,Fri
BAL-MIN-2023-06-30,2,2023-07-01,BAL,MIN,MIN,Fri
BAL-MIN-2023-06-30,3,2023-07-02,BAL,MIN,BAL,Fri
MIN-BAL-2023-07-07,1,2023-07-07,MIN,BAL,BAL,Fri
MIN-BAL-2023-07-07,2,2023-07-08,MIN,BAL,BAL,Fri
MIN-BAL-2023-07-07,3,2023-07-09,MIN,BAL,BAL,Fri
BAL-MIN-2024-04-15,1,2024-04-15,BAL,MIN,BAL,Mon
BAL-MIN-2024-04-15,2,2024-04-16,BAL,MIN,BAL,Mon
BAL-MIN-2024-04-15,3,2024-04-17,BAL,MIN,BAL,Mon
MIN-BAL-2024-09-27,1,2024-09-27,MIN,BAL,BAL,Fri
MIN-BAL-2024-09-27,2,2024-09-28,MIN,BAL,BAL,Fri
MIN-BAL-2024-09-27,3,2024-09-29,MIN,BAL,BAL,Fri
MIN-BAL-2025-05-06,1,2025-05-06,MIN,BAL,MIN,Tue
MIN-BAL-2025-05-06,2,2025-05-07,MIN,BAL,MIN,Tue
MIN-BAL-2025-05-06,3,2025-05-08,MIN,BAL,MIN,Tue
BAL-MIN-2025-05-14,1,2025-05-14,BAL,MIN,MIN,Wed
BAL-MIN-2025-05-14,2,2025-05-15,BAL,MIN,MIN,Wed
CHW-STL-2021-05-24,1,2021-05-24,CHW,STL,CHW,Mon
CHW-STL-2021-05-24,2,2021-05-25,CHW,STL,CHW,Mon
CHW-STL-2021-05-24,3,2021-05-26,CHW,STL,STL,Mon
CHW-STL-2023-07-07,1,2023-07-07,CHW,STL,CHW,Fri
CHW-STL-2023-07-07,2,2023-07-08,CHW,STL,STL,Fri
CHW-STL-2023-07-07,3,2023-07-09,CHW,STL,STL,Fri
STL-CHW-2024-05-03,1,2024-05-03,STL,CHW,STL,Fri
STL-CHW-2024-05-03,2,2024-05-04,STL,CHW,CHW,Fri
STL-CHW-2024-05-03,3,2024-05-05,STL,CHW,CHW,Fri
CHW-STL-2025-06-17,1,2025-06-17,CHW,STL,STL,Tue
CHW-STL-2025-06-17,2,2025-06-19,CHW,STL,STL,Tue
OAK-SEA-2021-05-24,1,2021-05-24,OAK,SEA,SEA,Mon
OAK-SEA-2021-05-24,2,2021-05-25,OAK,SEA,SEA,Mon
OAK-SEA-2021-05-24,3,2021-05-26,OAK,SEA,OAK,Mon
SEA-OAK-2021-05-31,1,2021-05-31,SEA,OAK,SEA,Mon
SEA-OAK-2021-05-31,2,2021-06-01,SEA,OAK,OAK,Mon
SEA-OAK-2021-05-31,3,2021-06-02,SEA,OAK,OAK,Mon
SEA-OAK-2021-07-22,1,2021-07-22,SEA,OAK,OAK,Thu
SEA-OAK-2021-07-22,2,2021-07-23,SEA,OAK,SEA,Thu
SEA-OAK-2021-07-22,3,2021-07-24,SEA,OAK,SEA,Thu
SEA-OAK-2021-07-22,4,2021-07-25,SEA,OAK,SEA,Thu
OAK-SEA-2021-08-23,1,2021-08-23,OAK,SEA,SEA,Mon
OAK-SEA-2021-08-23,2,2021-08-24,OAK,SEA,SEA,Mon
OAK-SEA-2021-09-20,1,2021-09-20,OAK,SEA,SEA,Mon
OAK-SEA-2021-09-20,2,2021-09-21,OAK,SEA,SEA,Mon
OAK-SEA-2021-09-20,3,2021-09-22,OAK,SEA,SEA,Mon
OAK-SEA-2021-09-20,4,2021-09-23,OAK,SEA,SEA,Mon
SEA-OAK-2021-09-27,1,2021-09-27,SEA,OAK,SEA,Mon
SEA-OAK-2021-09-27,2,2021-09-28,SEA,OAK,SEA,Mon
SEA-OAK-2021-09-27,3,2021-09-29,SEA,OAK,SEA,Mon
SEA-OAK-2022-05-23,1,2022-05-23,SEA,OAK,SEA,Mon
SEA-OAK-2022-05-23,2,2022-05-24,SEA,OAK,OAK,Mon
SEA-OAK-2022-05-23,3,2022-05-25,SEA,OAK,OAK,Mon
OAK-SEA-2022-06-21,1,2022-06-21,OAK,SEA,SEA,Tue
OAK-SEA-2022-06-21,2,2022-06-22,OAK,SEA,SEA,Tue
OAK-SEA-2022-06-21,3,2022-06-23,OAK,SEA,SEA,Tue
SEA-OAK-2022-06-30,1,2022-06-30,SEA,OAK,SEA,Thu
SEA-OAK-2022-06-30,2,2022-07-01,SEA,OAK,OAK,Thu
SEA-OAK-2022-06-30,3,2022-07-02,SEA,OAK,SEA,Thu
SEA-OAK-2022-06-30,4,2022-07-03,SEA,OAK,SEA,Thu
OAK-SEA-2022-08-19,1,2022-08-19,OAK,SEA,SEA,Fri
OAK-SEA-2022-08-19,2,2022-08-20,OAK,SEA,OAK,Fri
OAK-SEA-2022-08-19,3,2022-08-21,OAK,SEA,OAK,Fri
OAK-SEA-2022-09-20,1,2022-09-20,OAK,SEA,OAK,Tue
OAK-SEA-2022-09-20,2,2022-09-21,OAK,SEA,OAK,Tue
OAK-SEA-2022-09-20,3,2022-09-22,OAK,SEA,SEA,Tue
SEA-OAK-2022-09-30,1,2022-09-30,SEA,OAK,SEA,Fri
SEA-OAK-2022-09-30,2,2022-10-01,SEA,OAK,SEA,Fri
SEA-OAK-2022-09-30,3,2022-10-02,SEA,OAK,OAK,Fri
OAK-SEA-2023-05-02,1,2023-05-02,OAK,SEA,SEA,Tue
OAK-SEA-2023-05-02,2,2023-05-03,OAK,SEA,SEA,Tue
OAK-SEA-2023-05-02,3,2023-05-04,OAK,SEA,SEA,Tue
SEA-OAK-2023-05-22,1,2023-05-22,SEA,OAK,SEA,Mon
SEA-OAK-2023-05-22,2,2023-05-23,SEA,OAK,SEA,Mon
SEA-OAK-2023-05-22,3,2023-05-24,SEA,OAK,SEA,Mon
SEA-OAK-2023-05-22,4,2023-05-25,SEA,OAK,SEA,Mon
SEA-OAK-2023-08-28,1,2023-08-28,SEA,OAK,SEA,Mon
SEA-OAK-2023-08-28,2,2023-08-29,SEA,OAK,OAK,Mon
SEA-OAK-2023-08-28,3,2023-08-30,SEA,OAK,SEA,Mon
OAK-SEA-2023-09-18,1,2023-09-18,OAK,SEA,SEA,Mon
OAK-SEA-2023-09-18,2,2023-09-19,OAK,SEA,SEA,Mon
OAK-SEA-2023-09-18,3,2023-09-20,OAK,SEA,SEA,Mon
WAS-CIN-2021-05-25,1,2021-05-25,WAS,CIN,CIN,Tue
WAS-CIN-2021-05-25,2,2021-05-27,WAS,CIN,WAS,Tue
CIN-WAS-2021-09-23,1,2021-09-23,CIN,WAS,WAS,Thu
CIN-WAS-2021-09-23,2,2021-09-25,CIN,WAS,CIN,Thu
CIN-WAS-2021-09-23,3,2021-09-26,CIN,WAS,CIN,Thu
CIN-WAS-2022-06-02,1,2022-06-02,CIN,WAS,CIN,Thu
CIN-WAS-2022-06-02,2,2022-06-03,CIN,WAS,WAS,Thu
CIN-WAS-2022-06-02,3,2022-06-04,CIN,WAS,WAS,Thu
CIN-WAS-2022-06-02,4,2022-06-05,CIN,WAS,WAS,Thu
WAS-CIN-2022-08-26,1,2022-08-26,WAS,CIN,CIN,Fri
WAS-CIN-2022-08-26,2,2022-08-27,WAS,CIN,CIN,Fri
WAS-CIN-2022-08-26,3,2022-08-28,WAS,CIN,WAS,Fri
WAS-CIN-2023-07-03,1,2023-07-03,WAS,CIN,CIN,Mon
WAS-CIN-2023-07-03,2,2023-07-04,WAS,CIN,CIN,Mon
WAS-CIN-2023-07-03,3,2023-07-05,WAS,CIN,CIN,Mon
WAS-CIN-2023-07-03,4,2023-07-06,WAS,CIN,CIN,Mon
CIN-WAS-2023-08-04,1,2023-08-04,CIN,WAS,WAS,Fri
CIN-WAS-2023-08-04,2,2023-08-05,CIN,WAS,WAS,Fri
CIN-WAS-2023-08-04,3,2023-08-06,CIN,WAS,WAS,Fri
CIN-WAS-2024-03-28,1,2024-03-28,CIN,WAS,CIN,Thu
CIN-WAS-2024-03-28,2,2024-03-30,CIN,WAS,WAS,Thu
CIN-WAS-2024-03-28,3,2024-03-31,CIN,WAS,CIN,Thu
WAS-CIN-2024-07-19,1,2024-07-19,WAS,CIN,WAS,Fri
WAS-CIN-2024-07-19,2,2024-07-20,WAS,CIN,WAS,Fri
WAS-CIN-2024-07-19,3,2024-07-21,WAS,CIN,WAS,Fri
CIN-WAS-2025-05-02,1,2025-05-02,CIN,WAS,CIN,Fri
CIN-WAS-2025-05-02,2,2025-05-03,CIN,WAS,WAS,Fri
CIN-WAS-2025-05-02,3,2025-05-04,CIN,WAS,WAS,Fri
WAS-CIN-2025-07-21,1,2025-07-21,WAS,CIN,WAS,Mon
WAS-CIN-2025-07-21,2,2025-07-22,WAS,CIN,WAS,Mon
WAS-CIN-2025-07-21,3,2025-07-23,WAS,CIN,CIN,Mon
BOS-ATL-2021-05-25,1,2021-05-25,BOS,ATL,ATL,Tue
BOS-ATL-2021-05-25,2,2021-05-26,BOS,ATL,BOS,Tue
ATL-BOS-2021-06-15,1,2021-06-15,ATL,BOS,BOS,Tue
ATL-BOS-2021-06-15,2,2021-06-16,ATL,BOS,BOS,Tue
ATL-BOS-2022-05-10,1,2022-05-10,ATL,BOS,BOS,Tue
ATL-BOS-2022-05-10,2,2022-05-11,ATL,BOS,ATL,Tue
BOS-ATL-2022-08-09,1,2022-08-09,BOS,ATL,ATL,Tue
BOS-ATL-2022-08-09,2,2022-08-10,BOS,ATL,ATL,Tue
ATL-BOS-2023-05-09,1,2023-05-09,ATL,BOS,ATL,Tue
ATL-BOS-2023-05-09,2,2023-05-10,ATL,BOS,BOS,Tue
BOS-ATL-2023-07-25,1,2023-07-25,BOS,ATL,BOS,Tue
BOS-ATL-2023-07-25,2,2023-07-26,BOS,ATL,BOS,Tue
ATL-BOS-2024-05-07,1,2024-05-07,ATL,BOS,ATL,Tue
ATL-BOS-2024-05-07,2,2024-05-08,ATL,BOS,ATL,Tue
BOS-ATL-2024-06-04,1,2024-06-04,BOS,ATL,ATL,Tue
BOS-ATL-2024-06-04,2,2024-06-05,BOS,ATL,BOS,Tue
BOS-ATL-2025-05-16,1,2025-05-16,BOS,ATL,ATL,Fri
BOS-ATL-2025-05-16,2,2025-05-17,BOS,ATL,BOS,Fri
BOS-ATL-2025-05-16,3,2025-05-18,BOS,ATL,ATL,Fri
ATL-BOS-2025-05-30,1,2025-05-30,ATL,BOS,BOS,Fri
ATL-BOS-2025-05-30,2,2025-05-31,ATL,BOS,ATL,Fri
ATL-BOS-2025-05-30,3,2025-06-01,ATL,BOS,BOS,Fri
HOU-LAD-2021-05-25,1,2021-05-25,HOU,LAD,LAD,Tue
HOU-LAD-2021-05-25,2,2021-05-26,HOU,LAD,HOU,Tue
LAD-HOU-2021-08-03,1,2021-08-03,LAD,HOU,HOU,Tue
LAD-HOU-2021-08-03,2,2021-08-04,LAD,HOU,LAD,Tue
LAD-HOU-2023-06-23,1,2023-06-23,LAD,HOU,LAD,Fri
LAD-HOU-2023-06-23,2,2023-06-24,LAD,HOU,LAD,Fri
LAD-HOU-2023-06-23,3,2023-06-25,LAD,HOU,HOU,Fri
HOU-LAD-2024-07-26,1,2024-07-26,HOU,LAD,HOU,Fri
HOU-LAD-2024-07-26,2,2024-07-27,HOU,LAD,HOU,Fri
HOU-LAD-2024-07-26,3,2024-07-28,HOU,LAD,LAD,Fri
LAD-HOU-2025-07-04,1,2025-07-04,LAD,HOU,HOU,Fri
LAD-HOU-2025-07-04,2,2025-07-05,LAD,HOU,HOU,Fri
LAD-HOU-2025-07-04,3,2025-07-06,LAD,HOU,HOU,Fri
ARI-SF-2021-05-25,1,2021-05-25,ARI,SF,SF,Tue
ARI-SF-2021-05-25,2,2021-05-26,ARI,SF,SF,Tue
SF-ARI-2021-06-14,1,2021-06-14,SF,ARI,SF,Mon
SF-ARI-2021-06-14,2,2021-06-15,SF,ARI,SF,Mon
SF-ARI-2021-06-14,3,2021-06-16,SF,ARI,SF,Mon
SF-ARI-2021-06-14,4,2021-06-17,SF,ARI,SF,Mon
ARI-SF-2021-07-01,1,2021-07-01,ARI,SF,ARI,Thu
ARI-SF-2021-07-01,2,2021-07-02,ARI,SF,SF,Thu
ARI-SF-2021-07-01,3,2021-07-03,ARI,SF,SF,Thu
ARI-SF-2021-07-01,4,2021-07-04,ARI,SF,SF,Thu
ARI-SF-2021-08-02,1,2021-08-02,ARI,SF,SF,Mon
ARI-SF-2021-08-02,2,2021-08-03,ARI,SF,ARI,Mon
ARI-SF-2021-08-02,3,2021-08-04,ARI,SF,SF,Mon
ARI-SF-2021-08-02,4,2021-08-05,ARI,SF,SF,Mon
SF-ARI-2021-08-10,1,2021-08-10,SF,ARI,SF,Tue
SF-ARI-2021-08-10,2,2021-08-11,SF,ARI,SF,Tue
SF-ARI-2021-09-28,1,2021-09-28,SF,ARI,SF,Tue
SF-ARI-2021-09-28,2,2021-09-29,SF,ARI,SF,Tue
SF-ARI-2021-09-28,3,2021-09-30,SF,ARI,SF,Tue
ARI-SF-2022-07-04,1,2022-07-04,ARI,SF,ARI,Mon
ARI-SF-2022-07-04,2,2022-07-05,ARI,SF,ARI,Mon
ARI-SF-2022-07-04,3,2022-07-06,ARI,SF,SF,Mon
SF-ARI-2022-07-11,1,2022-07-11,SF,ARI,ARI,Mon
SF-ARI-2022-07-11,2,2022-07-12,SF,ARI,SF,Mon
SF-ARI-2022-07-11,3,2022-07-13,SF,ARI,SF,Mon
ARI-SF-2022-07-25,1,2022-07-25,ARI,SF,ARI,Mon
ARI-SF-2022-07-25,2,2022-07-26,ARI,SF,ARI,Mon
ARI-SF-2022-07-25,3,2022-07-27,ARI,SF,ARI,Mon
SF-ARI-2022-08-15,1,2022-08-15,SF,ARI,SF,Mon
SF-ARI-2022-08-15,2,2022-08-16,SF,ARI,SF,Mon
SF-ARI-2022-08-15,3,2022-08-17,SF,ARI,ARI,Mon
SF-ARI-2022-08-15,4,2022-08-18,SF,ARI,ARI,Mon
ARI-SF-2022-09-23,1,2022-09-23,ARI,SF,SF,Fri
ARI-SF-2022-09-23,2,2022-09-24,ARI,SF,ARI,Fri
ARI-SF-2022-09-23,3,2022-09-25,ARI,SF,SF,Fri
SF-ARI-2022-09-30,1,2022-09-30,SF,ARI,SF,Fri
SF-ARI-2022-09-30,2,2022-10-01,SF,ARI,ARI,Fri
SF-ARI-2022-09-30,3,2022-10-02,SF,ARI,SF,Fri
ARI-SF-2023-05-11,1,2023-05-11,ARI,SF,SF,Thu
ARI-SF-2023-05-11,2,2023-05-12,ARI,SF,ARI,Thu
ARI-SF-2023-05-11,3,2023-05-13,ARI,SF,ARI,Thu
ARI-SF-2023-05-11,4,2023-05-14,ARI,SF,ARI,Thu
SF-ARI-2023-06-23,1,2023-06-23,SF,ARI,SF,Fri
SF-ARI-2023-06-23,2,2023-06-24,SF,ARI,SF,Fri
SF-ARI-2023-06-23,3,2023-06-25,SF,ARI,ARI,Fri
SF-ARI-2023-07-31,1,2023-07-31,SF,ARI,ARI,Mon
SF-ARI-2023-07-31,2,2023-08-01,SF,ARI,SF,Mon
SF-ARI-2023-07-31,3,2023-08-02,SF,ARI,SF,Mon
SF-ARI-2023-07-31,4,2023-08-03,SF,ARI,SF,Mon
ARI-SF-2023-09-19,1,2023-09-19,ARI,SF,ARI,Tue
ARI-SF-2023-09-19,2,2023-09-20,ARI,SF,ARI,Tue
CHW-BAL-2021-05-27,1,2021-05-27,CHW,BAL,CHW,Thu
CHW-BAL-2021-05-27,2,2021-05-29,CHW,BAL,CHW,Thu
CHW-BAL-2021-05-27,3,2021-05-30,CHW,BAL,CHW,Thu
BAL-CHW-2021-07-09,1,2021-07-09,BAL,CHW,CHW,Fri
BAL-CHW-2021-07-09,2,2021-07-10,BAL,CHW,CHW,Fri
BAL-CHW-2021-07-09,3,2021-07-11,BAL,CHW,CHW,Fri
CHW-BAL-2022-06-23,1,2022-06-23,CHW,BAL,BAL,Thu
CHW-BAL-2022-06-23,2,2022-06-24,CHW,BAL,BAL,Thu
CHW-BAL-2022-06-23,3,2022-06-25,CHW,BAL,BAL,Thu
CHW-BAL-2022-06-23,4,2022-06-26,CHW,BAL,CHW,Thu
BAL-CHW-2022-08-23,1,2022-08-23,BAL,CHW,BAL,Tue
BAL-CHW-2022-08-23,2,2022-08-24,BAL,CHW,CHW,Tue
BAL-CHW-2022-08-23,3,2022-08-25,BAL,CHW,BAL,Tue
CHW-BAL-2023-04-14,1,2023-04-14,CHW,BAL,BAL,Fri
CHW-BAL-2023-04-14,2,2023-04-15,CHW,BAL,CHW,Fri
CHW-BAL-2023-04-14,3,2023-04-16,CHW,BAL,BAL,Fri
BAL-CHW-2023-08-28,1,2023-08-28,BAL,CHW,BAL,Mon
BAL-CHW-2023-08-28,2,2023-08-29,BAL,CHW,BAL,Mon
BAL-CHW-2023-08-28,3,2023-08-30,BAL,CHW,CHW,Mon
CHW-BAL-2024-05-23,1,2024-05-23,CHW,BAL,BAL,Thu
CHW-BAL-2024-05-23,2,2024-05-24,CHW,BAL,BAL,Thu
CHW-BAL-2024-05-23,3,2024-05-25,CHW,BAL,BAL,Thu
CHW-BAL-2024-05-23,4,2024-05-26,CHW,BAL,BAL,Thu
BAL-CHW-2024-09-02,1,2024-09-02,BAL,CHW,BAL,Mon
BAL-CHW-2024-09-02,2,2024-09-03,BAL,CHW,BAL,Mon
BAL-CHW-2024-09-02,3,2024-09-04,BAL,CHW,CHW,Mon
BAL-CHW-2025-05-30,1,2025-05-30,BAL,CHW,BAL,Fri
BAL-CHW-2025-05-30,2,2025-05-31,BAL,CHW,BAL,Fri
BAL-CHW-2025-05-30,3,2025-06-01,BAL,CHW,BAL,Fri
ARI-STL-2021-05-27,1,2021-05-27,ARI,STL,STL,Thu
ARI-STL-2021-05-27,2,2021-05-28,ARI,STL,STL,Thu
ARI-STL-2021-05-27,3,2021-05-29,ARI,STL,STL,Thu
ARI-STL-2021-05-27,4,2021-05-30,ARI,STL,ARI,Thu
STL-ARI-2021-06-28,1,2021-06-28,STL,ARI,STL,Mon
STL-ARI-2021-06-28,2,2021-06-29,STL,ARI,STL,Mon
STL-ARI-2021-06-28,3,2021-06-30,STL,ARI,STL,Mon
STL-ARI-2022-04-28,1,2022-04-28,STL,ARI,STL,Thu
STL-ARI-2022-04-28,2,2022-04-29,STL,ARI,ARI,Thu
STL-ARI-2022-04-28,3,2022-04-30,STL,ARI,ARI,Thu
STL-ARI-2022-04-28,4,2022-05-01,STL,ARI,STL,Thu
ARI-STL-2022-08-19,1,2022-08-19,ARI,STL,STL,Fri
ARI-STL-2022-08-19,2,2022-08-20,ARI,STL,STL,Fri
ARI-STL-2022-08-19,3,2022-08-21,ARI,STL,STL,Fri
STL-ARI-2023-04-17,1,2023-04-17,STL,ARI,ARI,Mon
STL-ARI-2023-04-17,2,2023-04-18,STL,ARI,ARI,Mon
STL-ARI-2023-04-17,3,2023-04-19,STL,ARI,STL,Mon
ARI-STL-2023-07-24,1,2023-07-24,ARI,STL,STL,Mon
ARI-STL-2023-07-24,2,2023-07-25,ARI,STL,ARI,Mon
ARI-STL-2023-07-24,3,2023-07-26,ARI,STL,STL,Mon
BOS-MIA-2021-05-28,1,2021-05-28,BOS,MIA,BOS,Fri
BOS-MIA-2021-05-28,2,2021-05-29,BOS,MIA,BOS,Fri
BOS-MIA-2021-06-07,1,2021-06-07,BOS,MIA,BOS,Mon
BOS-MIA-2023-06-27,1,2023-06-27,BOS,MIA,MIA,Tue
BOS-MIA-2023-06-27,2,2023-06-28,BOS,MIA,MIA,Tue
BOS-MIA-2023-06-27,3,2023-06-29,BOS,MIA,MIA,Tue
MIA-BOS-2024-07-02,1,2024-07-02,MIA,BOS,BOS,Tue
MIA-BOS-2024-07-02,2,2024-07-03,MIA,BOS,BOS,Tue
MIA-BOS-2024-07-02,3,2024-07-04,MIA,BOS,BOS,Tue
BOS-MIA-2025-08-15,1,2025-08-15,BOS,MIA,BOS,Fri
BOS-MIA-2025-08-15,2,2025-08-16,BOS,MIA,BOS,Fri
HOU-SD-2021-05-28,1,2021-05-28,HOU,SD,SD,Fri
HOU-SD-2021-05-28,2,2021-05-29,HOU,SD,SD,Fri
HOU-SD-2021-05-28,3,2021-05-30,HOU,SD,HOU,Fri
SD-HOU-2021-09-03,1,2021-09-03,SD,HOU,HOU,Fri
SD-HOU-2021-09-03,2,2021-09-04,SD,HOU,SD,Fri
SD-HOU-2021-09-03,3,2021-09-05,SD,HOU,SD,Fri
HOU-SD-2023-09-08,1,2023-09-08,HOU,SD,SD,Fri
HOU-SD-2023-09-08,2,2023-09-09,HOU,SD,HOU,Fri
HOU-SD-2023-09-08,3,2023-09-10,HOU,SD,HOU,Fri
SD-HOU-2024-09-16,1,2024-09-16,SD,HOU,SD,Mon
SD-HOU-2024-09-16,2,2024-09-17,SD,HOU,HOU,Mon
SD-HOU-2024-09-16,3,2024-09-18,SD,HOU,SD,Mon
HOU-SD-2025-04-18,1,2025-04-18,HOU,SD,HOU,Fri
HOU-SD-2025-04-18,2,2025-04-19,HOU,SD,HOU,Fri
HOU-SD-2025-04-18,3,2025-04-20,HOU,SD,SD,Fri
PIT-COL-2021-05-29,1,2021-05-29,PIT,COL,PIT,Sat
PIT-COL-2021-05-29,2,2021-05-30,PIT,COL,COL,Sat
COL-PIT-2021-06-28,1,2021-06-28,COL,PIT,COL,Mon
COL-PIT-2021-06-28,2,2021-06-29,COL,PIT,COL,Mon
COL-PIT-2021-06-28,3,2021-06-30,COL,PIT,COL,Mon
PIT-COL-2022-05-23,1,2022-05-23,PIT,COL,PIT,Mon
PIT-COL-2022-05-23,2,2022-05-24,PIT,COL,COL,Mon
PIT-COL-2022-05-23,3,2022-05-25,PIT,COL,PIT,Mon
COL-PIT-2022-07-15,1,2022-07-15,COL,PIT,COL,Fri
COL-PIT-2022-07-15,2,2022-07-16,COL,PIT,COL,Fri
COL-PIT-2022-07-15,3,2022-07-17,COL,PIT,PIT,Fri
COL-PIT-2023-04-17,1,2023-04-17,COL,PIT,PIT,Mon
COL-PIT-2023-04-17,2,2023-04-18,COL,PIT,PIT,Mon
COL-PIT-2023-04-17,3,2023-04-19,COL,PIT,PIT,Mon
PIT-COL-2023-05-08,1,2023-05-08,PIT,COL,PIT,Mon
PIT-COL-2023-05-08,2,2023-05-09,PIT,COL,COL,Mon
PIT-COL-2023-05-08,3,2023-05-10,PIT,COL,COL,Mon
PIT-COL-2024-05-03,1,2024-05-03,PIT,COL,COL,Fri
PIT-COL-2024-05-03,2,2024-05-04,PIT,COL,PIT,Fri
PIT-COL-2024-05-03,3,2024-05-05,PIT,COL,PIT,Fri
COL-PIT-2024-06-14,1,2024-06-14,COL,PIT,PIT,Fri
COL-PIT-2024-06-14,2,2024-06-15,COL,PIT,COL,Fri
COL-PIT-2024-06-14,3,2024-06-16,COL,PIT,PIT,Fri
COL-PIT-2025-08-01,1,2025-08-01,COL,PIT,COL,Fri
COL-PIT-2025-08-01,2,2025-08-02,COL,PIT,COL,Fri
COL-PIT-2025-08-01,3,2025-08-03,COL,PIT,PIT,Fri
TB-PHI-2021-05-29,1,2021-05-29,TB,PHI,TB,Sat
TB-PHI-2021-05-29,2,2021-05-30,TB,PHI,TB,Sat
PHI-TB-2021-08-24,1,2021-08-24,PHI,TB,TB,Tue
PHI-TB-2021-08-24,2,2021-08-25,PHI,TB,TB,Tue
TB-PHI-2023-07-04,1,2023-07-04,TB,PHI,PHI,Tue
TB-PHI-2023-07-04,2,2023-07-05,TB,PHI,PHI,Tue
TB-PHI-2023-07-04,3,2023-07-06,TB,PHI,PHI,Tue
PHI-TB-2024-09-09,1,2024-09-09,PHI,TB,PHI,Mon
PHI-TB-2024-09-09,2,2024-09-10,PHI,TB,PHI,Mon
PHI-TB-2024-09-09,3,2024-09-11,PHI,TB,PHI,Mon
TB-PHI-2025-05-06,1,2025-05-06,TB,PHI,PHI,Tue
TB-PHI-2025-05-06,2,2025-05-07,TB,PHI,PHI,Tue
TB-PHI-2025-05-06,3,2025-05-08,TB,PHI,PHI,Tue
WAS-MIL-2021-05-29,1,2021-05-29,WAS,MIL,MIL,Sat
WAS-MIL-2021-05-29,2,2021-05-30,WAS,MIL,MIL,Sat
MIL-WAS-2021-08-20,1,2021-08-20,MIL,WAS,WAS,Fri
MIL-WAS-2021-08-20,2,2021-08-21,MIL,WAS,MIL,Fri
MIL-WAS-2021-08-20,3,2021-08-22,MIL,WAS,MIL,Fri
MIL-WAS-2022-05-20,1,2022-05-20,MIL,WAS,MIL,Fri
MIL-WAS-2022-05-20,2,2022-05-21,MIL,WAS,MIL,Fri
MIL-WAS-2022-05-20,3,2022-05-22,MIL,WAS,WAS,Fri
WAS-MIL-2022-06-10,1,2022-06-10,WAS,MIL,WAS,Fri
WAS-MIL-2022-06-10,2,2022-06-11,WAS,MIL,WAS,Fri
WAS-MIL-2022-06-10,3,2022-06-12,WAS,MIL,MIL,Fri
WAS-MIL-2023-07-31,1,2023-07-31,WAS,MIL,WAS,Mon
WAS-MIL-2023-07-31,2,2023-08-01,WAS,MIL,MIL,Mon
WAS-MIL-2023-07-31,3,2023-08-02,WAS,MIL,WAS,Mon
MIL-WAS-2023-09-15,1,2023-09-15,MIL,WAS,MIL,Fri
MIL-WAS-2023-09-15,2,2023-09-16,MIL,WAS,MIL,Fri
MIL-WAS-2023-09-15,3,2023-09-17,MIL,WAS,WAS,Fri
MIL-WAS-2024-07-12,1,2024-07-12,MIL,WAS,WAS,Fri
MIL-WAS-2024-07-12,2,2024-07-13,MIL,WAS,WAS,Fri
MIL-WAS-2024-07-12,3,2024-07-14,MIL,WAS,MIL,Fri
WAS-MIL-2024-08-02,1,2024-08-02,WAS,MIL,MIL,Fri
WAS-MIL-2024-08-02,2,2024-08-03,WAS,MIL,WAS,Fri
WAS-MIL-2024-08-02,3,2024-08-04,WAS,MIL,WAS,Fri
MIL-WAS-2025-07-11,1,2025-07-11,MIL,WAS,MIL,Fri
MIL-WAS-2025-07-11,2,2025-07-12,MIL,WAS,MIL,Fri
MIL-WAS-2025-07-11,3,2025-07-13,MIL,WAS,MIL,Fri
WAS-MIL-2025-08-01,1,2025-08-01,WAS,MIL,MIL,Fri
WAS-MIL-2025-08-01,2,2025-08-02,WAS,MIL,MIL,Fri
WAS-MIL-2025-08-01,3,2025-08-03,WAS,MIL,MIL,Fri
MIL-DET-2021-05-31,1,2021-05-31,MIL,DET,MIL,Mon
MIL-DET-2021-05-31,2,2021-06-01,MIL,DET,DET,Mon
DET-MIL-2021-09-14,1,2021-09-14,DET,MIL,DET,Tue
DET-MIL-2021-09-14,2,2021-09-15,DET,MIL,DET,Tue
MIL-DET-2023-04-24,1,2023-04-24,MIL,DET,DET,Mon
MIL-DET-2023-04-24,2,2023-04-25,MIL,DET,DET,Mon
MIL-DET-2023-04-24,3,2023-04-26,MIL,DET,MIL,Mon
DET-MIL-2024-06-07,1,2024-06-07,DET,MIL,MIL,Fri
DET-MIL-2024-06-07,2,2024-06-08,DET,MIL,MIL,Fri
DET-MIL-2024-06-07,3,2024-06-09,DET,MIL,DET,Fri
MIL-DET-2025-04-14,1,2025-04-14,MIL,DET,DET,Mon
MIL-DET-2025-04-14,2,2025-04-15,MIL,DET,MIL,Mon
MIL-DET-2025-04-14,3,2025-04-16,MIL,DET,MIL,Mon
CIN-PHI-2021-05-31,1,2021-05-31,CIN,PHI,CIN,Mon
CIN-PHI-2021-05-31,2,2021-06-01,CIN,PHI,PHI,Mon
CIN-PHI-2021-06-28,1,2021-06-28,CIN,PHI,CIN,Mon
PHI-CIN-2021-08-13,1,2021-08-13,PHI,CIN,CIN,Fri
PHI-CIN-2021-08-13,2,2021-08-14,PHI,CIN,PHI,Fri
PHI-CIN-2021-08-13,3,2021-08-15,PHI,CIN,CIN,Fri
CIN-PHI-2022-08-15,1,2022-08-15,CIN,PHI,PHI,Mon
CIN-PHI-2022-08-15,2,2022-08-16,CIN,PHI,PHI,Mon
CIN-PHI-2022-08-15,3,2022-08-17,CIN,PHI,CIN,Mon
PHI-CIN-2022-08-22,1,2022-08-22,PHI,CIN,PHI,Mon
PHI-CIN-2022-08-22,2,2022-08-23,PHI,CIN,PHI,Mon
PHI-CIN-2022-08-22,3,2022-08-24,PHI,CIN,PHI,Mon
PHI-CIN-2022-08-22,4,2022-08-25,PHI,CIN,PHI,Mon
PHI-CIN-2023-04-07,1,2023-04-07,PHI,CIN,PHI,Fri
PHI-CIN-2023-04-07,2,2023-04-08,PHI,CIN,PHI,Fri
PHI-CIN-2023-04-07,3,2023-04-09,PHI,CIN,CIN,Fri
CIN-PHI-2023-04-13,1,2023-04-13,CIN,PHI,CIN,Thu
CIN-PHI-2023-04-13,2,2023-04-14,CIN,PHI,PHI,Thu
CIN-PHI-2023-04-13,3,2023-04-15,CIN,PHI,CIN,Thu
CIN-PHI-2023-04-13,4,2023-04-16,CIN,PHI,PHI,Thu
PHI-CIN-2024-04-01,1,2024-04-01,PHI,CIN,CIN,Mon
PHI-CIN-2024-04-01,2,2024-04-02,PHI,CIN,PHI,Mon
PHI-CIN-2024-04-01,3,2024-04-03,PHI,CIN,CIN,Mon
CIN-PHI-2024-04-22,1,2024-04-22,CIN,PHI,PHI,Mon
CIN-PHI-2024-04-22,2,2024-04-23,CIN,PHI,CIN,Mon
CIN-PHI-2024-04-22,3,2024-04-24,CIN,PHI,CIN,Mon
CIN-PHI-2024-04-22,4,2024-04-25,CIN,PHI,PHI,Mon
PHI-CIN-2025-07-04,1,2025-07-04,PHI,CIN,CIN,Fri
PHI-CIN-2025-07-04,2,2025-07-05,PHI,CIN,PHI,Fri
PHI-CIN-2025-07-04,3,2025-07-06,PHI,CIN,PHI,Fri
CIN-PHI-2025-08-11,1,2025-08-11,CIN,PHI,PHI,Mon
CIN-PHI-2025-08-11,2,2025-08-12,CIN,PHI,CIN,Mon
CIN-PHI-2025-08-11,3,2025-08-13,CIN,PHI,CIN,Mon
CHC-SD-2021-05-31,1,2021-05-31,CHC,SD,CHC,Mon
CHC-SD-2021-05-31,2,2021-06-01,CHC,SD,CHC,Mon
CHC-SD-2021-05-31,3,2021-06-02,CHC,SD,CHC,Mon
SD-CHC-2021-06-07,1,2021-06-07,SD,CHC,SD,Mon
SD-CHC-2021-06-07,2,2021-06-08,SD,CHC,CHC,Mon
SD-CHC-2021-06-07,3,2021-06-09,SD,CHC,CHC,Mon
SD-CHC-2022-05-09,1,2022-05-09,SD,CHC,CHC,Mon
SD-CHC-2022-05-09,2,2022-05-10,SD,CHC,SD,Mon
SD-CHC-2022-05-09,3,2022-05-11,SD,CHC,CHC,Mon
CHC-SD-2022-06-13,1,2022-06-13,CHC,SD,SD,Mon
CHC-SD-2022-06-13,2,2022-06-14,CHC,SD,SD,Mon
CHC-SD-2022-06-13,3,2022-06-15,CHC,SD,SD,Mon
CHC-SD-2022-06-13,4,2022-06-16,CHC,SD,SD,Mon
CHC-SD-2023-04-25,1,2023-04-25,CHC,SD,CHC,Tue
CHC-SD-2023-04-25,2,2023-04-26,CHC,SD,SD,Tue
CHC-SD-2023-04-25,3,2023-04-27,CHC,SD,CHC,Tue
SD-CHC-2023-06-02,1,2023-06-02,SD,CHC,CHC,Fri
SD-CHC-2023-06-02,2,2023-06-03,SD,CHC,SD,Fri
SD-CHC-2023-06-02,3,2023-06-04,SD,CHC,CHC,Fri
SD-CHC-2023-06-02,4,2023-06-05,SD,CHC,SD,Fri
SD-CHC-2024-04-08,1,2024-04-08,SD,CHC,SD,Mon
SD-CHC-2024-04-08,2,2024-04-09,SD,CHC,CHC,Mon
SD-CHC-2024-04-08,3,2024-04-10,SD,CHC,SD,Mon
CHC-SD-2024-05-06,1,2024-05-06,CHC,SD,SD,Mon
CHC-SD-2024-05-06,2,2024-05-07,CHC,SD,CHC,Mon
CHC-SD-2024-05-06,3,2024-05-08,CHC,SD,SD,Mon
CHC-SD-2025-04-04,1,2025-04-04,CHC,SD,CHC,Fri
CHC-SD-2025-04-04,2,2025-04-05,CHC,SD,CHC,Fri
CHC-SD-2025-04-04,3,2025-04-06,CHC,SD,SD,Fri
SD-CHC-2025-04-14,1,2025-04-14,SD,CHC,SD,Mon
SD-CHC-2025-04-14,2,2025-04-15,SD,CHC,CHC,Mon
SD-CHC-2025-04-14,3,2025-04-16,SD,CHC,SD,Mon
SF-LAA-2021-05-31,1,2021-05-31,SF,LAA,SF,Mon
SF-LAA-2021-05-31,2,2021-06-01,SF,LAA,LAA,Mon
LAA-SF-2021-06-22,1,2021-06-22,LAA,SF,SF,Tue
LAA-SF-2021-06-22,2,2021-06-23,LAA,SF,SF,Tue
LAA-SF-2023-08-07,1,2023-08-07,LAA,SF,SF,Mon
LAA-SF-2023-08-07,2,2023-08-08,LAA,SF,LAA,Mon
LAA-SF-2023-08-07,3,2023-08-09,LAA,SF,LAA,Mon
SF-LAA-2024-06-14,1,2024-06-14,SF,LAA,LAA,Fri
SF-LAA-2024-06-14,2,2024-06-15,SF,LAA,LAA,Fri
SF-LAA-2024-06-14,3,2024-06-16,SF,LAA,SF,Fri
LAA-SF-2025-04-18,1,2025-04-18,LAA,SF,LAA,Fri
LAA-SF-2025-04-18,2,2025-04-19,LAA,SF,SF,Fri
LAA-SF-2025-04-18,3,2025-04-20,LAA,SF,LAA,Fri
HOU-BOS-2021-05-31,1,2021-05-31,HOU,BOS,HOU,Mon
HOU-BOS-2021-05-31,2,2021-06-01,HOU,BOS,HOU,Mon
HOU-BOS-2021-05-31,3,2021-06-02,HOU,BOS,HOU,Mon
HOU-BOS-2021-05-31,4,2021-06-03,HOU,BOS,BOS,Mon
BOS-HOU-2021-06-08,1,2021-06-08,BOS,HOU,HOU,Tue
BOS-HOU-2021-06-08,2,2021-06-09,BOS,HOU,HOU,Tue
BOS-HOU-2021-06-08,3,2021-06-10,BOS,HOU,BOS,Tue
BOS-HOU-2022-05-16,1,2022-05-16,BOS,HOU,BOS,Mon
BOS-HOU-2022-05-16,2,2022-05-17,BOS,HOU,HOU,Mon
BOS-HOU-2022-05-16,3,2022-05-18,BOS,HOU,BOS,Mon
HOU-BOS-2022-08-01,1,2022-08-01,HOU,BOS,BOS,Mon
HOU-BOS-2022-08-01,2,2022-08-02,HOU,BOS,BOS,Mon
HOU-BOS-2022-08-01,3,2022-08-03,HOU,BOS,HOU,Mon
HOU-BOS-2023-08-21,1,2023-08-21,HOU,BOS,HOU,Mon
HOU-BOS-2023-08-21,2,2023-08-22,HOU,BOS,HOU,Mon
HOU-BOS-2023-08-21,3,2023-08-23,HOU,BOS,BOS,Mon
HOU-BOS-2023-08-21,4,2023-08-24,HOU,BOS,BOS,Mon
BOS-HOU-2023-08-28,1,2023-08-28,BOS,HOU,HOU,Mon
BOS-HOU-2023-08-28,2,2023-08-29,BOS,HOU,HOU,Mon
BOS-HOU-2023-08-28,3,2023-08-30,BOS,HOU,HOU,Mon
BOS-HOU-2024-08-09,1,2024-08-09,BOS,HOU,HOU,Fri
BOS-HOU-2024-08-09,2,2024-08-10,BOS,HOU,HOU,Fri
BOS-HOU-2024-08-09,3,2024-08-11,BOS,HOU,HOU,Fri
HOU-BOS-2024-08-19,1,2024-08-19,HOU,BOS,HOU,Mon
HOU-BOS-2024-08-19,2,2024-08-20,HOU,BOS,BOS,Mon
HOU-BOS-2024-08-19,3,2024-08-21,HOU,BOS,BOS,Mon
BOS-HOU-2025-08-01,1,2025-08-01,BOS,HOU,BOS,Fri
BOS-HOU-2025-08-01,2,2025-08-02,BOS,HOU,BOS,Fri
BOS-HOU-2025-08-01,3,2025-08-03,BOS,HOU,BOS,Fri
HOU-BOS-2025-08-11,1,2025-08-11,HOU,BOS,HOU,Mon
HOU-BOS-2025-08-11,2,2025-08-12,HOU,BOS,BOS,Mon
HOU-BOS-2025-08-11,3,2025-08-13,HOU,BOS,HOU,Mon
LAD-STL-2021-05-31,1,2021-05-31,LAD,STL,LAD,Mon
LAD-STL-2021-05-31,2,2021-06-01,LAD,STL,STL,Mon
LAD-STL-2021-05-31,3,2021-06-02,LAD,STL,LAD,Mon
STL-LAD-2021-09-06,1,2021-09-06,STL,LAD,LAD,Mon
STL-LAD-2021-09-06,2,2021-09-07,STL,LAD,LAD,Mon
STL-LAD-2021-09-06,3,2021-09-08,STL,LAD,STL,Mon
STL-LAD-2021-09-06,4,2021-09-09,STL,LAD,STL,Mon
STL-LAD-2022-07-12,1,2022-07-12,STL,LAD,STL,Tue
STL-LAD-2022-07-12,2,2022-07-13,STL,LAD,LAD,Tue
STL-LAD-2022-07-12,3,2022-07-14,STL,LAD,LAD,Tue
LAD-STL-2022-09-23,1,2022-09-23,LAD,STL,STL,Fri
LAD-STL-2022-09-23,2,2022-09-24,LAD,STL,LAD,Fri
LAD-STL-2022-09-23,3,2022-09-25,LAD,STL,LAD,Fri
LAD-STL-2023-04-28,1,2023-04-28,LAD,STL,LAD,Fri
LAD-STL-2023-04-28,2,2023-04-29,LAD,STL,LAD,Fri
LAD-STL-2023-04-28,3,2023-04-30,LAD,STL,LAD,Fri
STL-LAD-2023-05-18,1,2023-05-18,STL,LAD,STL,Thu
STL-LAD-2023-05-18,2,2023-05-19,STL,LAD,LAD,Thu
STL-LAD-2023-05-18,3,2023-05-20,STL,LAD,STL,Thu
STL-LAD-2023-05-18,4,2023-05-21,STL,LAD,STL,Thu
LAD-STL-2024-03-28,1,2024-03-28,LAD,STL,LAD,Thu
LAD-STL-2024-03-28,2,2024-03-29,LAD,STL,LAD,Thu
LAD-STL-2024-03-28,3,2024-03-30,LAD,STL,STL,Thu
LAD-STL-2024-03-28,4,2024-03-31,LAD,STL,LAD,Thu
STL-LAD-2024-08-16,1,2024-08-16,STL,LAD,LAD,Fri
STL-LAD-2024-08-16,2,2024-08-17,STL,LAD,STL,Fri
STL-LAD-2024-08-16,3,2024-08-18,STL,LAD,LAD,Fri
STL-LAD-2025-06-06,1,2025-06-06,STL,LAD,STL,Fri
STL-LAD-2025-06-06,2,2025-06-07,STL,LAD,STL,Fri
STL-LAD-2025-06-06,3,2025-06-08,STL,LAD,LAD,Fri
LAD-STL-2025-08-04,1,2025-08-04,LAD,STL,STL,Mon
LAD-STL-2025-08-04,2,2025-08-05,LAD,STL,LAD,Mon
LAD-STL-2025-08-04,3,2025-08-06,LAD,STL,STL,Mon
TOR-MIA-2021-06-01,1,2021-06-01,TOR,MIA,TOR,Tue
TOR-MIA-2021-06-01,2,2021-06-02,TOR,MIA,TOR,Tue
MIA-TOR-2021-06-22,1,2021-06-22,MIA,TOR,TOR,Tue
MIA-TOR-2021-06-22,2,2021-06-23,MIA,TOR,TOR,Tue
MIA-TOR-2023-06-19,1,2023-06-19,MIA,TOR,MIA,Mon
MIA-TOR-2023-06-19,2,2023-06-20,MIA,TOR,TOR,Mon
MIA-TOR-2023-06-19,3,2023-06-21,MIA,TOR,TOR,Mon
TOR-MIA-2024-09-27,1,2024-09-27,TOR,MIA,MIA,Fri
TOR-MIA-2024-09-27,2,2024-09-28,TOR,MIA,MIA,Fri
TOR-MIA-2024-09-27,3,2024-09-29,TOR,MIA,MIA,Fri
COL-TEX-2021-06-01,1,2021-06-01,COL,TEX,COL,Tue
COL-TEX-2021-06-01,2,2021-06-02,COL,TEX,COL,Tue
COL-TEX-2021-06-01,3,2021-06-03,COL,TEX,COL,Tue
TEX-COL-2021-08-30,1,2021-08-30,TEX,COL,TEX,Mon
TEX-COL-2021-08-30,2,2021-08-31,TEX,COL,TEX,Mon
TEX-COL-2021-08-30,3,2021-09-01,TEX,COL,COL,Mon
TEX-COL-2022-04-11,1,2022-04-11,TEX,COL,COL,Mon
TEX-COL-2022-04-11,2,2022-04-12,TEX,COL,COL,Mon
COL-TEX-2022-08-23,1,2022-08-23,COL,TEX,COL,Tue
COL-TEX-2022-08-23,2,2022-08-24,COL,TEX,TEX,Tue
TEX-COL-2023-05-19,1,2023-05-19,TEX,COL,TEX,Fri
TEX-COL-2023-05-19,2,2023-05-20,TEX,COL,TEX,Fri
TEX-COL-2023-05-19,3,2023-05-21,TEX,COL,TEX,Fri
COL-TEX-2024-05-10,1,2024-05-10,COL,TEX,COL,Fri
COL-TEX-2024-05-10,2,2024-05-11,COL,TEX,COL,Fri
COL-TEX-2024-05-10,3,2024-05-12,COL,TEX,COL,Fri
TEX-COL-2025-05-12,1,2025-05-12,TEX,COL,TEX,Mon
TEX-COL-2025-05-12,2,2025-05-13,TEX,COL,TEX,Mon
TEX-COL-2025-05-12,3,2025-05-14,TEX,COL,TEX,Mon
PIT-MIA-2021-06-03,1,2021-06-03,PIT,MIA,PIT,Thu
PIT-MIA-2021-06-03,2,2021-06-04,PIT,MIA,PIT,Thu
PIT-MIA-2021-06-03,3,2021-06-05,PIT,MIA,PIT,Thu
PIT-MIA-2021-06-03,4,2021-06-06,PIT,MIA,MIA,Thu
MIA-PIT-2021-09-17,1,2021-09-17,MIA,PIT,PIT,Fri
MIA-PIT-2021-09-17,2,2021-09-18,MIA,PIT,PIT,Fri
MIA-PIT-2021-09-17,3,2021-09-19,MIA,PIT,MIA,Fri
MIA-PIT-2022-07-11,1,2022-07-11,MIA,PIT,PIT,Mon
MIA-PIT-2022-07-11,2,2022-07-12,MIA,PIT,PIT,Mon
MIA-PIT-2022-07-11,3,2022-07-13,MIA,PIT,MIA,Mon
MIA-PIT-2022-07-11,4,2022-07-14,MIA,PIT,MIA,Mon
PIT-MIA-2022-07-22,1,2022-07-22,PIT,MIA,MIA,Fri
PIT-MIA-2022-07-22,2,2022-07-23,PIT,MIA,PIT,Fri
PIT-MIA-2022-07-22,3,2022-07-24,PIT,MIA,MIA,Fri
MIA-PIT-2023-06-22,1,2023-06-22,MIA,PIT,MIA,Thu
MIA-PIT-2023-06-22,2,2023-06-23,MIA,PIT,PIT,Thu
MIA-PIT-2023-06-22,3,2023-06-24,MIA,PIT,MIA,Thu
MIA-PIT-2023-06-22,4,2023-06-25,MIA,PIT,MIA,Thu
PIT-MIA-2023-09-29,1,2023-09-29,PIT,MIA,MIA,Fri
PIT-MIA-2023-09-29,2,2023-09-30,PIT,MIA,MIA,Fri
PIT-MIA-2023-09-29,3,2023-10-01,PIT,MIA,PIT,Fri
MIA-PIT-2024-03-28,1,2024-03-28,MIA,PIT,PIT,Thu
MIA-PIT-2024-03-28,2,2024-03-29,MIA,PIT,PIT,Thu
MIA-PIT-2024-03-28,3,2024-03-30,MIA,PIT,PIT,Thu
MIA-PIT-2024-03-28,4,2024-03-31,MIA,PIT,PIT,Thu
PIT-MIA-2024-09-09,1,2024-09-09,PIT,MIA,PIT,Mon
PIT-MIA-2024-09-09,2,2024-09-10,PIT,MIA,PIT,Mon
PIT-MIA-2024-09-09,3,2024-09-11,PIT,MIA,PIT,Mon
MIA-PIT-2025-03-27,1,2025-03-27,MIA,PIT,MIA,Thu
MIA-PIT-2025-03-27,2,2025-03-28,MIA,PIT,PIT,Thu
MIA-PIT-2025-03-27,3,2025-03-29,MIA,PIT,MIA,Thu
MIA-PIT-2025-03-27,4,2025-03-30,MIA,PIT,MIA,Thu
PIT-MIA-2025-06-09,1,2025-06-09,PIT,MIA,PIT,Mon
PIT-MIA-2025-06-09,2,2025-06-10,PIT,MIA,MIA,Mon
PIT-MIA-2025-06-09,3,2025-06-11,PIT,MIA,PIT,Mon
MIL-ARI-2021-06-03,1,2021-06-03,MIL,ARI,MIL,Thu
MIL-ARI-2021-06-03,2,2021-06-04,MIL,ARI,MIL,Thu
MIL-ARI-2021-06-03,3,2021-06-05,MIL,ARI,MIL,Thu
MIL-ARI-2021-06-03,4,2021-06-06,MIL,ARI,MIL,Thu
ARI-MIL-2021-06-21,1,2021-06-21,ARI,MIL,ARI,Mon
ARI-MIL-2021-06-21,2,2021-06-22,ARI,MIL,MIL,Mon
ARI-MIL-2021-06-21,3,2021-06-23,ARI,MIL,MIL,Mon
ARI-MIL-2022-09-01,1,2022-09-01,ARI,MIL,ARI,Thu
ARI-MIL-2022-09-01,2,2022-09-02,ARI,MIL,ARI,Thu
ARI-MIL-2022-09-01,3,2022-09-03,ARI,MIL,MIL,Thu
ARI-MIL-2022-09-01,4,2022-09-04,ARI,MIL,ARI,Thu
MIL-ARI-2022-10-03,1,2022-10-03,MIL,ARI,MIL,Mon
MIL-ARI-2022-10-03,2,2022-10-04,MIL,ARI,MIL,Mon
MIL-ARI-2022-10-03,3,2022-10-05,MIL,ARI,ARI,Mon
ARI-MIL-2023-04-10,1,2023-04-10,ARI,MIL,ARI,Mon
ARI-MIL-2023-04-10,2,2023-04-11,ARI,MIL,MIL,Mon
ARI-MIL-2023-04-10,3,2023-04-12,ARI,MIL,ARI,Mon
MIL-ARI-2023-06-19,1,2023-06-19,MIL,ARI,ARI,Mon
MIL-ARI-2023-06-19,2,2023-06-20,MIL,ARI,MIL,Mon
MIL-ARI-2023-06-19,3,2023-06-21,MIL,ARI,ARI,Mon
SF-CHC-2021-06-03,1,2021-06-03,SF,CHC,SF,Thu
SF-CHC-2021-06-03,2,2021-06-04,SF,CHC,SF,Thu
SF-CHC-2021-06-03,3,2021-06-05,SF,CHC,SF,Thu
SF-CHC-2021-06-03,4,2021-06-06,SF,CHC,CHC,Thu
CHC-SF-2021-09-10,1,2021-09-10,CHC,SF,SF,Fri
CHC-SF-2021-09-10,2,2021-09-11,CHC,SF,SF,Fri
CHC-SF-2021-09-10,3,2021-09-12,CHC,SF,SF,Fri
SF-CHC-2022-07-28,1,2022-07-28,SF,CHC,SF,Thu
SF-CHC-2022-07-28,2,2022-07-29,SF,CHC,CHC,Thu
SF-CHC-2022-07-28,3,2022-07-30,SF,CHC,SF,Thu
SF-CHC-2022-07-28,4,2022-07-31,SF,CHC,SF,Thu
CHC-SF-2022-09-09,1,2022-09-09,CHC,SF,CHC,Fri
CHC-SF-2022-09-09,2,2022-09-10,CHC,SF,SF,Fri
CHC-SF-2022-09-09,3,2022-09-11,CHC,SF,SF,Fri
SF-CHC-2023-06-09,1,2023-06-09,SF,CHC,CHC,Fri
SF-CHC-2023-06-09,2,2023-06-10,SF,CHC,CHC,Fri
SF-CHC-2023-06-09,3,2023-06-11,SF,CHC,SF,Fri
CHC-SF-2023-09-04,1,2023-09-04,CHC,SF,CHC,Mon
CHC-SF-2023-09-04,2,2023-09-05,CHC,SF,CHC,Mon
CHC-SF-2023-09-04,3,2023-09-06,CHC,SF,CHC,Mon
CHC-SF-2024-06-17,1,2024-06-17,CHC,SF,SF,Mon
CHC-SF-2024-06-17,2,2024-06-18,CHC,SF,CHC,Mon
CHC-SF-2024-06-17,3,2024-06-19,CHC,SF,CHC,Mon
SF-CHC-2024-06-24,1,2024-06-24,SF,CHC,SF,Mon
SF-CHC-2024-06-24,2,2024-06-25,SF,CHC,SF,Mon
SF-CHC-2024-06-24,3,2024-06-26,SF,CHC,SF,Mon
SF-CHC-2024-06-24,4,2024-06-27,SF,CHC,CHC,Mon
CHC-SF-2025-05-05,1,2025-05-05,CHC,SF,CHC,Mon
CHC-SF-2025-05-05,2,2025-05-06,CHC,SF,SF,Mon
CHC-SF-2025-05-05,3,2025-05-07,CHC,SF,SF,Mon
SD-NYM-2021-06-03,1,2021-06-03,SD,NYM,SD,Thu
SD-NYM-2021-06-03,2,2021-06-04,SD,NYM,SD,Thu
SD-NYM-2021-06-03,3,2021-06-05,SD,NYM,NYM,Thu
SD-NYM-2021-06-03,4,2021-06-06,SD,NYM,NYM,Thu
NYM-SD-2021-06-11,1,2021-06-11,NYM,SD,NYM,Fri
NYM-SD-2021-06-11,2,2021-06-12,NYM,SD,NYM,Fri
NYM-SD-2021-06-11,3,2021-06-13,NYM,SD,SD,Fri
SD-NYM-2022-06-06,1,2022-06-06,SD,NYM,NYM,Mon
SD-NYM-2022-06-06,2,2022-06-07,SD,NYM,SD,Mon
SD-NYM-2022-06-06,3,2022-06-08,SD,NYM,SD,Mon
NYM-SD-2022-07-22,1,2022-07-22,NYM,SD,SD,Fri
NYM-SD-2022-07-22,2,2022-07-23,NYM,SD,SD,Fri
NYM-SD-2022-07-22,3,2022-07-24,NYM,SD,NYM,Fri
NYM-SD-2023-04-10,1,2023-04-10,NYM,SD,NYM,Mon
NYM-SD-2023-04-10,2,2023-04-11,NYM,SD,SD,Mon
NYM-SD-2023-04-10,3,2023-04-12,NYM,SD,NYM,Mon
SD-NYM-2023-07-07,1,2023-07-07,SD,NYM,NYM,Fri
SD-NYM-2023-07-07,2,2023-07-08,SD,NYM,SD,Fri
SD-NYM-2023-07-07,3,2023-07-09,SD,NYM,SD,Fri
NYM-SD-2024-06-14,1,2024-06-14,NYM,SD,NYM,Fri
NYM-SD-2024-06-14,2,2024-06-15,NYM,SD,NYM,Fri
NYM-SD-2024-06-14,3,2024-06-16,NYM,SD,NYM,Fri
SD-NYM-2024-08-22,1,2024-08-22,SD,NYM,NYM,Thu
SD-NYM-2024-08-22,2,2024-08-23,SD,NYM,SD,Thu
SD-NYM-2024-08-22,3,2024-08-24,SD,NYM,NYM,Thu
SD-NYM-2024-08-22,4,2024-08-25,SD,NYM,SD,Thu
SD-NYM-2025-07-28,1,2025-07-28,SD,NYM,SD,Mon
SD-NYM-2025-07-28,2,2025-07-29,SD,NYM,SD,Mon
SD-NYM-2025-07-28,3,2025-07-30,SD,NYM,SD,Mon
NYY-BOS-2021-06-04,1,2021-06-04,NYY,BOS,BOS,Fri
NYY-BOS-2021-06-04,2,2021-06-05,NYY,BOS,BOS,Fri
NYY-BOS-2021-06-04,3,2021-06-06,NYY,BOS,BOS,Fri
BOS-NYY-2021-06-25,1,2021-06-25,BOS,NYY,BOS,Fri
BOS-NYY-2021-06-25,2,2021-06-26,BOS,NYY,BOS,Fri
BOS-NYY-2021-06-25,3,2021-06-27,BOS,NYY,BOS,Fri
NYY-BOS-2021-07-16,1,2021-07-16,NYY,BOS,BOS,Fri
NYY-BOS-2021-07-16,2,2021-07-17,NYY,BOS,NYY,Fri
NYY-BOS-2021-07-16,3,2021-07-18,NYY,BOS,NYY,Fri
BOS-NYY-2021-07-22,1,2021-07-22,BOS,NYY,BOS,Thu
BOS-NYY-2021-07-22,2,2021-07-23,BOS,NYY,BOS,Thu
BOS-NYY-2021-07-22,3,2021-07-24,BOS,NYY,NYY,Thu
BOS-NYY-2021-07-22,4,2021-07-25,BOS,NYY,BOS,Thu
NYY-BOS-2021-08-17,1,2021-08-17,NYY,BOS,NYY,Tue
NYY-BOS-2021-08-17,2,2021-08-18,NYY,BOS,NYY,Tue
BOS-NYY-2021-09-25,1,2021-09-25,BOS,NYY,NYY,Sat
BOS-NYY-2021-09-25,2,2021-09-26,BOS,NYY,NYY,Sat
NYY-BOS-2022-04-08,1,2022-04-08,NYY,BOS,NYY,Fri
NYY-BOS-2022-04-08,2,2022-04-09,NYY,BOS,NYY,Fri
NYY-BOS-2022-04-08,3,2022-04-10,NYY,BOS,BOS,Fri
BOS-NYY-2022-07-07,1,2022-07-07,BOS,NYY,NYY,Thu
BOS-NYY-2022-07-07,2,2022-07-08,BOS,NYY,NYY,Thu
BOS-NYY-2022-07-07,3,2022-07-09,BOS,NYY,BOS,Thu
BOS-NYY-2022-07-07,4,2022-07-10,BOS,NYY,BOS,Thu
NYY-BOS-2022-07-15,1,2022-07-15,NYY,BOS,BOS,Fri
NYY-BOS-2022-07-15,2,2022-07-16,NYY,BOS,NYY,Fri
NYY-BOS-2022-07-15,3,2022-07-17,NYY,BOS,NYY,Fri
BOS-NYY-2022-08-12,1,2022-08-12,BOS,NYY,BOS,Fri
BOS-NYY-2022-08-12,2,2022-08-13,BOS,NYY,NYY,Fri
BOS-NYY-2022-08-12,3,2022-08-14,BOS,NYY,BOS,Fri
BOS-NYY-2022-09-13,1,2022-09-13,BOS,NYY,NYY,Tue
BOS-NYY-2022-09-13,2,2022-09-14,BOS,NYY,NYY,Tue
NYY-BOS-2022-09-22,1,2022-09-22,NYY,BOS,NYY,Thu
NYY-BOS-2022-09-22,2,2022-09-23,NYY,BOS,NYY,Thu
NYY-BOS-2022-09-22,3,2022-09-24,NYY,BOS,NYY,Thu
NYY-BOS-2022-09-22,4,2022-09-25,NYY,BOS,NYY,Thu
NYY-BOS-2023-06-09,1,2023-06-09,NYY,BOS,BOS,Fri
NYY-BOS-2023-06-09,2,2023-06-10,NYY,BOS,NYY,Fri
NYY-BOS-2023-06-09,3,2023-06-11,NYY,BOS,BOS,Fri
BOS-NYY-2023-06-16,1,2023-06-16,BOS,NYY,BOS,Fri
BOS-NYY-2023-06-16,2,2023-06-18,BOS,NYY,BOS,Fri
NYY-BOS-2023-08-18,1,2023-08-18,NYY,BOS,BOS,Fri
NYY-BOS-2023-08-18,2,2023-08-19,NYY,BOS,BOS,Fri
NYY-BOS-2023-08-18,3,2023-08-20,NYY,BOS,BOS,Fri
BOS-NYY-2023-09-12,1,2023-09-12,BOS,NYY,NYY,Tue
BOS-NYY-2023-09-12,2,2023-09-14,BOS,NYY,BOS,Tue
BOS-NYY-2024-06-14,1,2024-06-14,BOS,NYY,NYY,Fri
BOS-NYY-2024-06-14,2,2024-06-15,BOS,NYY,BOS,Fri
BOS-NYY-2024-06-14,3,2024-06-16,BOS,NYY,BOS,Fri
NYY-BOS-2024-07-05,1,2024-07-05,NYY,BOS,BOS,Fri
NYY-BOS-2024-07-05,2,2024-07-06,NYY,BOS,NYY,Fri
NYY-BOS-2024-07-05,3,2024-07-07,NYY,BOS,BOS,Fri
BOS-NYY-2024-07-26,1,2024-07-26,BOS,NYY,BOS,Fri
BOS-NYY-2024-07-26,2,2024-07-27,BOS,NYY,NYY,Fri
BOS-NYY-2024-07-26,3,2024-07-28,BOS,NYY,NYY,Fri
NYY-BOS-2024-09-12,1,2024-09-12,NYY,BOS,NYY,Thu
NYY-BOS-2024-09-12,2,2024-09-13,NYY,BOS,NYY,Thu
NYY-BOS-2024-09-12,3,2024-09-14,NYY,BOS,BOS,Thu
NYY-BOS-2024-09-12,4,2024-09-15,NYY,BOS,NYY,Thu
NYY-BOS-2025-06-06,1,2025-06-06,NYY,BOS,NYY,Fri
NYY-BOS-2025-06-06,2,2025-06-07,NYY,BOS,BOS,Fri
NYY-BOS-2025-06-06,3,2025-06-08,NYY,BOS,BOS,Fri
BOS-NYY-2025-06-13,1,2025-06-13,BOS,NYY,BOS,Fri
BOS-NYY-2025-06-13,2,2025-06-14,BOS,NYY,BOS,Fri
BOS-NYY-2025-06-13,3,2025-06-15,BOS,NYY,BOS,Fri
ATL-LAD-2021-06-04,1,2021-06-04,ATL,LAD,LAD,Fri
ATL-LAD-2021-06-04,2,2021-06-05,ATL,LAD,ATL,Fri
ATL-LAD-2021-06-04,3,2021-06-06,ATL,LAD,ATL,Fri
LAD-ATL-2021-08-30,1,2021-08-30,LAD,ATL,LAD,Mon
LAD-ATL-2021-08-30,2,2021-08-31,LAD,ATL,LAD,Mon
LAD-ATL-2021-08-30,3,2021-09-01,LAD,ATL,LAD,Mon
LAD-ATL-2022-04-18,1,2022-04-18,LAD,ATL,LAD,Mon
LAD-ATL-2022-04-18,2,2022-04-19,LAD,ATL,ATL,Mon
LAD-ATL-2022-04-18,3,2022-04-20,LAD,ATL,LAD,Mon
ATL-LAD-2022-06-24,1,2022-06-24,ATL,LAD,LAD,Fri
ATL-LAD-2022-06-24,2,2022-06-25,ATL,LAD,ATL,Fri
ATL-LAD-2022-06-24,3,2022-06-26,ATL,LAD,LAD,Fri
ATL-LAD-2023-05-22,1,2023-05-22,ATL,LAD,LAD,Mon
ATL-LAD-2023-05-22,2,2023-05-23,ATL,LAD,LAD,Mon
ATL-LAD-2023-05-22,3,2023-05-24,ATL,LAD,ATL,Mon
LAD-ATL-2023-08-31,1,2023-08-31,LAD,ATL,ATL,Thu
LAD-ATL-2023-08-31,2,2023-09-01,LAD,ATL,ATL,Thu
LAD-ATL-2023-08-31,3,2023-09-02,LAD,ATL,ATL,Thu
LAD-ATL-2023-08-31,4,2023-09-03,LAD,ATL,LAD,Thu
LAD-ATL-2024-05-03,1,2024-05-03,LAD,ATL,LAD,Fri
LAD-ATL-2024-05-03,2,2024-05-04,LAD,ATL,LAD,Fri
LAD-ATL-2024-05-03,3,2024-05-05,LAD,ATL,LAD,Fri
ATL-LAD-2024-09-13,1,2024-09-13,ATL,LAD,ATL,Fri
ATL-LAD-2024-09-13,2,2024-09-14,ATL,LAD,ATL,Fri
ATL-LAD-2024-09-13,3,2024-09-15,ATL,LAD,LAD,Fri
ATL-LAD-2024-09-13,4,2024-09-16,ATL,LAD,LAD,Fri
LAD-ATL-2025-03-31,1,2025-03-31,LAD,ATL,LAD,Mon
LAD-ATL-2025-03-31,2,2025-04-01,LAD,ATL,LAD,Mon
LAD-ATL-2025-03-31,3,2025-04-02,LAD,ATL,LAD,Mon
ATL-LAD-2025-05-02,1,2025-05-02,ATL,LAD,LAD,Fri
ATL-LAD-2025-05-02,2,2025-05-03,ATL,LAD,LAD,Fri
ATL-LAD-2025-05-02,3,2025-05-04,ATL,LAD,ATL,Fri
COL-OAK-2021-06-04,1,2021-06-04,COL,OAK,OAK,Fri
COL-OAK-2021-06-04,2,2021-06-05,COL,OAK,OAK,Fri
COL-OAK-2021-06-04,3,2021-06-06,COL,OAK,COL,Fri
COL-OAK-2023-07-28,1,2023-07-28,COL,OAK,OAK,Fri
COL-OAK-2023-07-28,2,2023-07-29,COL,OAK,OAK,Fri
COL-OAK-2023-07-28,3,2023-07-30,COL,OAK,COL,Fri
PIT-LAD-2021-06-08,1,2021-06-08,PIT,LAD,LAD,Tue
PIT-LAD-2021-06-08,2,2021-06-09,PIT,LAD,LAD,Tue
PIT-LAD-2021-06-08,3,2021-06-10,PIT,LAD,LAD,Tue
LAD-PIT-2021-08-16,1,2021-08-16,LAD,PIT,LAD,Mon
LAD-PIT-2021-08-16,2,2021-08-17,LAD,PIT,LAD,Mon
LAD-PIT-2021-08-16,3,2021-08-18,LAD,PIT,LAD,Mon
PIT-LAD-2022-05-09,1,2022-05-09,PIT,LAD,PIT,Mon
PIT-LAD-2022-05-09,2,2022-05-10,PIT,LAD,LAD,Mon
PIT-LAD-2022-05-09,3,2022-05-11,PIT,LAD,PIT,Mon
LAD-PIT-2022-05-30,1,2022-05-30,LAD,PIT,PIT,Mon
LAD-PIT-2022-05-30,2,2022-05-31,LAD,PIT,PIT,Mon
LAD-PIT-2022-05-30,3,2022-06-01,LAD,PIT,PIT,Mon
PIT-LAD-2023-04-25,1,2023-04-25,PIT,LAD,LAD,Tue
PIT-LAD-2023-04-25,2,2023-04-26,PIT,LAD,PIT,Tue
PIT-LAD-2023-04-25,3,2023-04-27,PIT,LAD,PIT,Tue
LAD-PIT-2023-07-03,1,2023-07-03,LAD,PIT,LAD,Mon
LAD-PIT-2023-07-03,2,2023-07-04,LAD,PIT,PIT,Mon
LAD-PIT-2023-07-03,3,2023-07-05,LAD,PIT,LAD,Mon
LAD-PIT-2023-07-03,4,2023-07-06,LAD,PIT,LAD,Mon
PIT-LAD-2024-06-04,1,2024-06-04,PIT,LAD,PIT,Tue
PIT-LAD-2024-06-04,2,2024-06-05,PIT,LAD,PIT,Tue
PIT-LAD-2024-06-04,3,2024-06-06,PIT,LAD,LAD,Tue
LAD-PIT-2024-08-09,1,2024-08-09,LAD,PIT,LAD,Fri
LAD-PIT-2024-08-09,2,2024-08-10,LAD,PIT,LAD,Fri
LAD-PIT-2024-08-09,3,2024-08-11,LAD,PIT,LAD,Fri
LAD-PIT-2025-04-25,1,2025-04-25,LAD,PIT,PIT,Fri
LAD-PIT-2025-04-25,2,2025-04-26,LAD,PIT,LAD,Fri
LAD-PIT-2025-04-25,3,2025-04-27,LAD,PIT,LAD,Fri
MIA-COL-2021-06-08,1,2021-06-08,MIA,COL,MIA,Tue
MIA-COL-2021-06-08,2,2021-06-09,MIA,COL,COL,Tue
MIA-COL-2021-06-08,3,2021-06-10,MIA,COL,MIA,Tue
COL-MIA-2021-08-06,1,2021-08-06,COL,MIA,COL,Fri
COL-MIA-2021-08-06,2,2021-08-07,COL,MIA,COL,Fri
COL-MIA-2021-08-06,3,2021-08-08,COL,MIA,COL,Fri
COL-MIA-2022-05-30,1,2022-05-30,COL,MIA,COL,Mon
COL-MIA-2022-05-30,2,2022-06-01,COL,MIA,MIA,Mon
MIA-COL-2022-06-21,1,2022-06-21,MIA,COL,MIA,Tue
MIA-COL-2022-06-21,2,2022-06-22,MIA,COL,MIA,Tue
MIA-COL-2022-06-21,3,2022-06-23,MIA,COL,MIA,Tue
COL-MIA-2023-05-22,1,2023-05-22,COL,MIA,COL,Mon
COL-MIA-2023-05-22,2,2023-05-23,COL,MIA,COL,Mon
COL-MIA-2023-05-22,3,2023-05-24,COL,MIA,MIA,Mon
COL-MIA-2023-05-22,4,2023-05-25,COL,MIA,COL,Mon
MIA-COL-2023-07-21,1,2023-07-21,MIA,COL,COL,Fri
MIA-COL-2023-07-21,2,2023-07-22,MIA,COL,COL,Fri
MIA-COL-2023-07-21,3,2023-07-23,MIA,COL,MIA,Fri
MIA-COL-2024-04-30,1,2024-04-30,MIA,COL,MIA,Tue
MIA-COL-2024-04-30,2,2024-05-01,MIA,COL,MIA,Tue
MIA-COL-2024-04-30,3,2024-05-02,MIA,COL,MIA,Tue
COL-MIA-2024-08-26,1,2024-08-26,COL,MIA,COL,Mon
COL-MIA-2024-08-26,2,2024-08-27,COL,MIA,MIA,Mon
COL-MIA-2024-08-26,3,2024-08-28,COL,MIA,COL,Mon
COL-MIA-2024-08-26,4,2024-08-29,COL,MIA,MIA,Mon
MIA-COL-2025-06-02,1,2025-06-02,MIA,COL,COL,Mon
MIA-COL-2025-06-02,2,2025-06-03,MIA,COL,COL,Mon
MIA-COL-2025-06-02,3,2025-06-04,MIA,COL,COL,Mon
TB-WAS-2021-06-08,1,2021-06-08,TB,WAS,TB,Tue
TB-WAS-2021-06-08,2,2021-06-09,TB,WAS,WAS,Tue
WAS-TB-2021-06-29,1,2021-06-29,WAS,TB,WAS,Tue
WAS-TB-2021-06-29,2,2021-06-30,WAS,TB,WAS,Tue
WAS-TB-2023-04-03,1,2023-04-03,WAS,TB,TB,Mon
WAS-TB-2023-04-03,2,2023-04-04,WAS,TB,TB,Mon
WAS-TB-2023-04-03,3,2023-04-05,WAS,TB,TB,Mon
TB-WAS-2024-06-28,1,2024-06-28,TB,WAS,TB,Fri
TB-WAS-2024-06-28,2,2024-06-29,TB,WAS,WAS,Fri
TB-WAS-2024-06-28,3,2024-06-30,TB,WAS,TB,Fri
CHW-TOR-2021-06-08,1,2021-06-08,CHW,TOR,CHW,Tue
CHW-TOR-2021-06-08,2,2021-06-09,CHW,TOR,TOR,Tue
CHW-TOR-2021-06-08,3,2021-06-10,CHW,TOR,CHW,Tue
TOR-CHW-2021-08-23,1,2021-08-23,TOR,CHW,TOR,Mon
TOR-CHW-2021-08-23,2,2021-08-24,TOR,CHW,CHW,Mon
TOR-CHW-2021-08-23,3,2021-08-25,TOR,CHW,TOR,Mon
TOR-CHW-2021-08-23,4,2021-08-26,TOR,CHW,CHW,Mon
TOR-CHW-2022-05-31,1,2022-05-31,TOR,CHW,TOR,Tue
TOR-CHW-2022-05-31,2,2022-06-01,TOR,CHW,TOR,Tue
TOR-CHW-2022-05-31,3,2022-06-02,TOR,CHW,TOR,Tue
CHW-TOR-2022-06-20,1,2022-06-20,CHW,TOR,CHW,Mon
CHW-TOR-2022-06-20,2,2022-06-21,CHW,TOR,CHW,Mon
CHW-TOR-2022-06-20,3,2022-06-22,CHW,TOR,TOR,Mon
TOR-CHW-2023-04-24,1,2023-04-24,TOR,CHW,TOR,Mon
TOR-CHW-2023-04-24,2,2023-04-25,TOR,CHW,TOR,Mon
TOR-CHW-2023-04-24,3,2023-04-26,TOR,CHW,TOR,Mon
CHW-TOR-2023-07-04,1,2023-07-04,CHW,TOR,TOR,Tue
CHW-TOR-2023-07-04,2,2023-07-06,CHW,TOR,TOR,Tue
TOR-CHW-2024-05-20,1,2024-05-20,TOR,CHW,TOR,Mon
TOR-CHW-2024-05-20,2,2024-05-21,TOR,CHW,CHW,Mon
TOR-CHW-2024-05-20,3,2024-05-22,TOR,CHW,TOR,Mon
CHW-TOR-2024-05-27,1,2024-05-27,CHW,TOR,TOR,Mon
CHW-TOR-2024-05-27,2,2024-05-28,CHW,TOR,TOR,Mon
CHW-TOR-2024-05-27,3,2024-05-29,CHW,TOR,TOR,Mon
TOR-CHW-2025-06-20,1,2025-06-20,TOR,CHW,CHW,Fri
TOR-CHW-2025-06-20,2,2025-06-21,TOR,CHW,TOR,Fri
TOR-CHW-2025-06-20,3,2025-06-22,TOR,CHW,CHW,Fri
CHW-TOR-2025-07-07,1,2025-07-07,CHW,TOR,TOR,Mon
CHW-TOR-2025-07-07,2,2025-07-08,CHW,TOR,TOR,Mon
CHW-TOR-2025-07-07,3,2025-07-09,CHW,TOR,CHW,Mon
MIN-NYY-2021-06-08,1,2021-06-08,MIN,NYY,NYY,Tue
MIN-NYY-2021-06-08,2,2021-06-09,MIN,NYY,NYY,Tue
MIN-NYY-2021-06-08,3,2021-06-10,MIN,NYY,MIN,Tue
NYY-MIN-2021-08-19,1,2021-08-19,NYY,MIN,NYY,Thu
NYY-MIN-2021-08-19,2,2021-08-20,NYY,MIN,NYY,Thu
NYY-MIN-2021-08-19,3,2021-08-21,NYY,MIN,NYY,Thu
NYY-MIN-2021-09-13,1,2021-09-13,NYY,MIN,NYY,Mon
MIN-NYY-2022-06-07,1,2022-06-07,MIN,NYY,NYY,Tue
MIN-NYY-2022-06-07,2,2022-06-08,MIN,NYY,MIN,Tue
MIN-NYY-2022-06-07,3,2022-06-09,MIN,NYY,NYY,Tue
NYY-MIN-2022-09-05,1,2022-09-05,NYY,MIN,NYY,Mon
NYY-MIN-2022-09-05,2,2022-09-07,NYY,MIN,NYY,Mon
NYY-MIN-2022-09-05,3,2022-09-08,NYY,MIN,MIN,Mon
NYY-MIN-2023-04-13,1,2023-04-13,NYY,MIN,MIN,Thu
NYY-MIN-2023-04-13,2,2023-04-14,NYY,MIN,MIN,Thu
NYY-MIN-2023-04-13,3,2023-04-15,NYY,MIN,NYY,Thu
NYY-MIN-2023-04-13,4,2023-04-16,NYY,MIN,NYY,Thu
MIN-NYY-2023-04-24,1,2023-04-24,MIN,NYY,MIN,Mon
MIN-NYY-2023-04-24,2,2023-04-25,MIN,NYY,MIN,Mon
MIN-NYY-2023-04-24,3,2023-04-26,MIN,NYY,NYY,Mon
MIN-NYY-2024-05-14,1,2024-05-14,MIN,NYY,NYY,Tue
MIN-NYY-2024-05-14,2,2024-05-15,MIN,NYY,NYY,Tue
MIN-NYY-2024-05-14,3,2024-05-16,MIN,NYY,NYY,Tue
NYY-MIN-2024-06-04,1,2024-06-04,NYY,MIN,NYY,Tue
NYY-MIN-2024-06-04,2,2024-06-05,NYY,MIN,NYY,Tue
NYY-MIN-2024-06-04,3,2024-06-06,NYY,MIN,NYY,Tue
NYY-MIN-2025-08-11,1,2025-08-11,NYY,MIN,NYY,Mon
NYY-MIN-2025-08-11,2,2025-08-12,NYY,MIN,NYY,Mon
NYY-MIN-2025-08-11,3,2025-08-13,NYY,MIN,MIN,Mon
OAK-KC-2021-06-10,1,2021-06-10,OAK,KC,KC,Thu
OAK-KC-2021-06-10,2,2021-06-11,OAK,KC,OAK,Thu
OAK-KC-2021-06-10,3,2021-06-12,OAK,KC,OAK,Thu
OAK-KC-2021-06-10,4,2021-06-13,OAK,KC,OAK,Thu
KC-OAK-2021-09-14,1,2021-09-14,KC,OAK,KC,Tue
KC-OAK-2021-09-14,2,2021-09-15,KC,OAK,OAK,Tue
KC-OAK-2021-09-14,3,2021-09-16,KC,OAK,OAK,Tue
OAK-KC-2022-06-17,1,2022-06-17,OAK,KC,KC,Fri
OAK-KC-2022-06-17,2,2022-06-18,OAK,KC,KC,Fri
OAK-KC-2022-06-17,3,2022-06-19,OAK,KC,OAK,Fri
KC-OAK-2022-06-24,1,2022-06-24,KC,OAK,KC,Fri
KC-OAK-2022-06-24,2,2022-06-25,KC,OAK,OAK,Fri
KC-OAK-2022-06-24,3,2022-06-26,KC,OAK,OAK,Fri
KC-OAK-2023-05-05,1,2023-05-05,KC,OAK,OAK,Fri
KC-OAK-2023-05-05,2,2023-05-06,KC,OAK,OAK,Fri
KC-OAK-2023-05-05,3,2023-05-07,KC,OAK,KC,Fri
OAK-KC-2023-08-21,1,2023-08-21,OAK,KC,OAK,Mon
OAK-KC-2023-08-21,2,2023-08-22,OAK,KC,OAK,Mon
OAK-KC-2023-08-21,3,2023-08-23,OAK,KC,KC,Mon
WAS-SF-2021-06-11,1,2021-06-11,WAS,SF,SF,Fri
WAS-SF-2021-06-11,2,2021-06-12,WAS,SF,WAS,Fri
WAS-SF-2021-06-11,3,2021-06-13,WAS,SF,WAS,Fri
SF-WAS-2021-07-09,1,2021-07-09,SF,WAS,SF,Fri
SF-WAS-2021-07-09,2,2021-07-10,SF,WAS,SF,Fri
SF-WAS-2021-07-09,3,2021-07-11,SF,WAS,SF,Fri
WAS-SF-2022-04-22,1,2022-04-22,WAS,SF,SF,Fri
WAS-SF-2022-04-22,2,2022-04-23,WAS,SF,SF,Fri
WAS-SF-2022-04-22,3,2022-04-24,WAS,SF,SF,Fri
SF-WAS-2022-04-29,1,2022-04-29,SF,WAS,WAS,Fri
SF-WAS-2022-04-29,2,2022-04-30,SF,WAS,SF,Fri
SF-WAS-2022-04-29,3,2022-05-01,SF,WAS,WAS,Fri
SF-WAS-2023-05-08,1,2023-05-08,SF,WAS,WAS,Mon
SF-WAS-2023-05-08,2,2023-05-09,SF,WAS,SF,Mon
SF-WAS-2023-05-08,3,2023-05-10,SF,WAS,WAS,Mon
WAS-SF-2023-07-21,1,2023-07-21,WAS,SF,WAS,Fri
WAS-SF-2023-07-21,2,2023-07-22,WAS,SF,WAS,Fri
WAS-SF-2023-07-21,3,2023-07-23,WAS,SF,WAS,Fri
SF-WAS-2024-04-08,1,2024-04-08,SF,WAS,WAS,Mon
SF-WAS-2024-04-08,2,2024-04-09,SF,WAS,WAS,Mon
SF-WAS-2024-04-08,3,2024-04-10,SF,WAS,SF,Mon
WAS-SF-2024-08-05,1,2024-08-05,WAS,SF,SF,Mon
WAS-SF-2024-08-05,2,2024-08-06,WAS,SF,WAS,Mon
WAS-SF-2024-08-05,3,2024-08-07,WAS,SF,SF,Mon
WAS-SF-2024-08-05,4,2024-08-08,WAS,SF,SF,Mon
WAS-SF-2025-05-23,1,2025-05-23,WAS,SF,SF,Fri
WAS-SF-2025-05-23,2,2025-05-24,WAS,SF,WAS,Fri
WAS-SF-2025-05-23,3,2025-05-25,WAS,SF,SF,Fri
SF-WAS-2025-08-08,1,2025-08-08,SF,WAS,SF,Fri
SF-WAS-2025-08-08,2,2025-08-09,SF,WAS,WAS,Fri
SF-WAS-2025-08-08,3,2025-08-10,SF,WAS,WAS,Fri
MIN-HOU-2021-06-11,1,2021-06-11,MIN,HOU,HOU,Fri
MIN-HOU-2021-06-11,2,2021-06-12,MIN,HOU,MIN,Fri
MIN-HOU-2021-06-11,3,2021-06-13,MIN,HOU,HOU,Fri
HOU-MIN-2021-08-05,1,2021-08-05,HOU,MIN,MIN,Thu
HOU-MIN-2021-08-05,2,2021-08-06,HOU,MIN,MIN,Thu
HOU-MIN-2021-08-05,3,2021-08-07,HOU,MIN,HOU,Thu
HOU-MIN-2021-08-05,4,2021-08-08,HOU,MIN,MIN,Thu
MIN-HOU-2022-05-10,1,2022-05-10,MIN,HOU,HOU,Tue
MIN-HOU-2022-05-10,2,2022-05-12,MIN,HOU,HOU,Tue
HOU-MIN-2022-08-23,1,2022-08-23,HOU,MIN,HOU,Tue
HOU-MIN-2022-08-23,2,2022-08-24,HOU,MIN,HOU,Tue
HOU-MIN-2022-08-23,3,2022-08-25,HOU,MIN,HOU,Tue
MIN-HOU-2023-04-07,1,2023-04-07,MIN,HOU,MIN,Fri
MIN-HOU-2023-04-07,2,2023-04-08,MIN,HOU,MIN,Fri
MIN-HOU-2023-04-07,3,2023-04-09,MIN,HOU,HOU,Fri
HOU-MIN-2023-05-29,1,2023-05-29,HOU,MIN,MIN,Mon
HOU-MIN-2023-05-29,2,2023-05-30,HOU,MIN,HOU,Mon
HOU-MIN-2023-05-29,3,2023-05-31,HOU,MIN,MIN,Mon
HOU-MIN-2024-05-31,1,2024-05-31,HOU,MIN,MIN,Fri
HOU-MIN-2024-05-31,2,2024-06-01,HOU,MIN,HOU,Fri
HOU-MIN-2024-05-31,3,2024-06-02,HOU,MIN,MIN,Fri
MIN-HOU-2024-07-05,1,2024-07-05,MIN,HOU,HOU,Fri
MIN-HOU-2024-07-05,2,2024-07-06,MIN,HOU,MIN,Fri
MIN-HOU-2024-07-05,3,2024-07-07,MIN,HOU,MIN,Fri
MIN-HOU-2025-04-03,1,2025-04-03,MIN,HOU,HOU,Thu
MIN-HOU-2025-04-03,2,2025-04-05,MIN,HOU,MIN,Thu
MIN-HOU-2025-04-03,3,2025-04-06,MIN,HOU,HOU,Thu
HOU-MIN-2025-06-13,1,2025-06-13,HOU,MIN,HOU,Fri
HOU-MIN-2025-06-13,2,2025-06-14,HOU,MIN,HOU,Fri
HOU-MIN-2025-06-13,3,2025-06-15,HOU,MIN,HOU,Fri
ARI-LAA-2021-06-11,1,2021-06-11,ARI,LAA,LAA,Fri
ARI-LAA-2021-06-11,2,2021-06-12,ARI,LAA,LAA,Fri
ARI-LAA-2021-06-11,3,2021-06-13,ARI,LAA,LAA,Fri
LAA-ARI-2023-06-30,1,2023-06-30,LAA,ARI,ARI,Fri
LAA-ARI-2023-06-30,2,2023-07-01,LAA,ARI,ARI,Fri
LAA-ARI-2023-06-30,3,2023-07-02,LAA,ARI,LAA,Fri
LAD-TEX-2021-06-11,1,2021-06-11,LAD,TEX,LAD,Fri
LAD-TEX-2021-06-11,2,2021-06-12,LAD,TEX,TEX,Fri
LAD-TEX-2021-06-11,3,2021-06-13,LAD,TEX,LAD,Fri
TEX-LAD-2023-07-21,1,2023-07-21,TEX,LAD,LAD,Fri
TEX-LAD-2023-07-21,2,2023-07-22,TEX,LAD,LAD,Fri
TEX-LAD-2023-07-21,3,2023-07-23,TEX,LAD,TEX,Fri
LAD-TEX-2024-06-11,1,2024-06-11,LAD,TEX,LAD,Tue
LAD-TEX-2024-06-11,2,2024-06-12,LAD,TEX,TEX,Tue
LAD-TEX-2024-06-11,3,2024-06-13,LAD,TEX,TEX,Tue
TEX-LAD-2025-04-18,1,2025-04-18,TEX,LAD,LAD,Fri
TEX-LAD-2025-04-18,2,2025-04-19,TEX,LAD,TEX,Fri
TEX-LAD-2025-04-18,3,2025-04-20,TEX,LAD,LAD,Fri
PHI-NYY-2021-06-12,1,2021-06-12,PHI,NYY,PHI,Sat
PHI-NYY-2021-06-12,2,2021-06-13,PHI,NYY,PHI,Sat
NYY-PHI-2021-07-20,1,2021-07-20,NYY,PHI,NYY,Tue
NYY-PHI-2021-07-20,2,2021-07-21,NYY,PHI,NYY,Tue
NYY-PHI-2023-04-03,1,2023-04-03,NYY,PHI,NYY,Mon
NYY-PHI-2023-04-03,2,2023-04-04,NYY,PHI,PHI,Mon
NYY-PHI-2023-04-03,3,2023-04-05,NYY,PHI,NYY,Mon
PHI-NYY-2024-07-29,1,2024-07-29,PHI,NYY,NYY,Mon
PHI-NYY-2024-07-29,2,2024-07-30,PHI,NYY,NYY,Mon
PHI-NYY-2024-07-29,3,2024-07-31,PHI,NYY,NYY,Mon
NYY-PHI-2025-07-25,1,2025-07-25,NYY,PHI,PHI,Fri
NYY-PHI-2025-07-25,2,2025-07-26,NYY,PHI,PHI,Fri
NYY-PHI-2025-07-25,3,2025-07-27,NYY,PHI,NYY,Fri
WAS-PIT-2021-06-14,1,2021-06-14,WAS,PIT,WAS,Mon
WAS-PIT-2021-06-14,2,2021-06-15,WAS,PIT,WAS,Mon
WAS-PIT-2021-06-14,3,2021-06-16,WAS,PIT,WAS,Mon
PIT-WAS-2021-09-10,1,2021-09-10,PIT,WAS,PIT,Fri
PIT-WAS-2021-09-10,2,2021-09-11,PIT,WAS,PIT,Fri
PIT-WAS-2021-09-10,3,2021-09-12,PIT,WAS,WAS,Fri
PIT-WAS-2022-04-14,1,2022-04-14,PIT,WAS,PIT,Thu
PIT-WAS-2022-04-14,2,2022-04-15,PIT,WAS,WAS,Thu
PIT-WAS-2022-04-14,3,2022-04-16,PIT,WAS,PIT,Thu
PIT-WAS-2022-04-14,4,2022-04-17,PIT,WAS,PIT,Thu
WAS-PIT-2022-06-27,1,2022-06-27,WAS,PIT,WAS,Mon
WAS-PIT-2022-06-27,2,2022-06-28,WAS,PIT,WAS,Mon
WAS-PIT-2022-06-27,3,2022-06-29,WAS,PIT,PIT,Mon
WAS-PIT-2023-04-29,1,2023-04-29,WAS,PIT,PIT,Sat
WAS-PIT-2023-04-29,2,2023-04-30,WAS,PIT,WAS,Sat
PIT-WAS-2023-09-11,1,2023-09-11,PIT,WAS,WAS,Mon
PIT-WAS-2023-09-11,2,2023-09-12,PIT,WAS,PIT,Mon
PIT-WAS-2023-09-11,3,2023-09-13,PIT,WAS,PIT,Mon
PIT-WAS-2023-09-11,4,2023-09-14,PIT,WAS,PIT,Mon
WAS-PIT-2024-04-01,1,2024-04-01,WAS,PIT,PIT,Mon
WAS-PIT-2024-04-01,2,2024-04-03,WAS,PIT,WAS,Mon
WAS-PIT-2024-04-01,3,2024-04-04,WAS,PIT,PIT,Mon
PIT-WAS-2024-09-05,1,2024-09-05,PIT,WAS,PIT,Thu
PIT-WAS-2024-09-05,2,2024-09-07,PIT,WAS,WAS,Thu
PIT-WAS-2024-09-05,3,2024-09-08,PIT,WAS,PIT,Thu
PIT-WAS-2025-04-14,1,2025-04-14,PIT,WAS,PIT,Mon
PIT-WAS-2025-04-14,2,2025-04-15,PIT,WAS,WAS,Mon
PIT-WAS-2025-04-14,3,2025-04-16,PIT,WAS,PIT,Mon
PIT-WAS-2025-04-14,4,2025-04-17,PIT,WAS,PIT,Mon
CHW-TB-2021-06-14,1,2021-06-14,CHW,TB,TB,Mon
CHW-TB-2021-06-14,2,2021-06-15,CHW,TB,CHW,Mon
CHW-TB-2021-06-14,3,2021-06-16,CHW,TB,CHW,Mon
TB-CHW-2021-08-20,1,2021-08-20,TB,CHW,CHW,Fri
TB-CHW-2021-08-20,2,2021-08-21,TB,CHW,TB,Fri
TB-CHW-2021-08-20,3,2021-08-22,TB,CHW,TB,Fri
CHW-TB-2022-04-15,1,2022-04-15,CHW,TB,CHW,Fri
CHW-TB-2022-04-15,2,2022-04-16,CHW,TB,CHW,Fri
CHW-TB-2022-04-15,3,2022-04-17,CHW,TB,TB,Fri
TB-CHW-2022-06-03,1,2022-06-03,TB,CHW,TB,Fri
TB-CHW-2022-06-03,2,2022-06-04,TB,CHW,CHW,Fri
TB-CHW-2022-06-03,3,2022-06-05,TB,CHW,CHW,Fri
TB-CHW-2023-04-21,1,2023-04-21,TB,CHW,TB,Fri
TB-CHW-2023-04-21,2,2023-04-22,TB,CHW,TB,Fri
TB-CHW-2023-04-21,3,2023-04-23,TB,CHW,TB,Fri
CHW-TB-2023-04-27,1,2023-04-27,CHW,TB,TB,Thu
CHW-TB-2023-04-27,2,2023-04-28,CHW,TB,TB,Thu
CHW-TB-2023-04-27,3,2023-04-29,CHW,TB,TB,Thu
CHW-TB-2023-04-27,4,2023-04-30,CHW,TB,CHW,Thu
CHW-TB-2024-04-26,1,2024-04-26,CHW,TB,CHW,Fri
CHW-TB-2024-04-26,2,2024-04-27,CHW,TB,CHW,Fri
CHW-TB-2024-04-26,3,2024-04-28,CHW,TB,CHW,Fri
TB-CHW-2024-05-06,1,2024-05-06,TB,CHW,TB,Mon
TB-CHW-2024-05-06,2,2024-05-07,TB,CHW,TB,Mon
TB-CHW-2024-05-06,3,2024-05-08,TB,CHW,CHW,Mon
TB-CHW-2025-07-21,1,2025-07-21,TB,CHW,CHW,Mon
TB-CHW-2025-07-21,2,2025-07-22,TB,CHW,TB,Mon
TB-CHW-2025-07-21,3,2025-07-23,TB,CHW,CHW,Mon
LAD-PHI-2021-06-14,1,2021-06-14,LAD,PHI,LAD,Mon
LAD-PHI-2021-06-14,2,2021-06-15,LAD,PHI,LAD,Mon
LAD-PHI-2021-06-14,3,2021-06-16,LAD,PHI,PHI,Mon
PHI-LAD-2021-08-10,1,2021-08-10,PHI,LAD,LAD,Tue
PHI-LAD-2021-08-10,2,2021-08-11,PHI,LAD,LAD,Tue
PHI-LAD-2021-08-10,3,2021-08-12,PHI,LAD,PHI,Tue
LAD-PHI-2022-05-12,1,2022-05-12,LAD,PHI,PHI,Thu
LAD-PHI-2022-05-12,2,2022-05-13,LAD,PHI,PHI,Thu
LAD-PHI-2022-05-12,3,2022-05-14,LAD,PHI,PHI,Thu
LAD-PHI-2022-05-12,4,2022-05-15,LAD,PHI,LAD,Thu
PHI-LAD-2022-05-20,1,2022-05-20,PHI,LAD,LAD,Fri
PHI-LAD-2022-05-20,2,2022-05-21,PHI,LAD,LAD,Fri
PHI-LAD-2022-05-20,3,2022-05-22,PHI,LAD,PHI,Fri
LAD-PHI-2023-05-01,1,2023-05-01,LAD,PHI,LAD,Mon
LAD-PHI-2023-05-01,2,2023-05-02,LAD,PHI,LAD,Mon
LAD-PHI-2023-05-01,3,2023-05-03,LAD,PHI,LAD,Mon
PHI-LAD-2023-06-09,1,2023-06-09,PHI,LAD,PHI,Fri
PHI-LAD-2023-06-09,2,2023-06-10,PHI,LAD,LAD,Fri
PHI-LAD-2023-06-09,3,2023-06-11,PHI,LAD,PHI,Fri
PHI-LAD-2024-07-09,1,2024-07-09,PHI,LAD,PHI,Tue
PHI-LAD-2024-07-09,2,2024-07-10,PHI,LAD,PHI,Tue
PHI-LAD-2024-07-09,3,2024-07-11,PHI,LAD,PHI,Tue
LAD-PHI-2024-08-05,1,2024-08-05,LAD,PHI,LAD,Mon
LAD-PHI-2024-08-05,2,2024-08-06,LAD,PHI,PHI,Mon
LAD-PHI-2024-08-05,3,2024-08-07,LAD,PHI,PHI,Mon
PHI-LAD-2025-04-04,1,2025-04-04,PHI,LAD,PHI,Fri
PHI-LAD-2025-04-04,2,2025-04-05,PHI,LAD,LAD,Fri
PHI-LAD-2025-04-04,3,2025-04-06,PHI,LAD,PHI,Fri
ATL-STL-2021-06-17,1,2021-06-17,ATL,STL,ATL,Thu
ATL-STL-2021-06-17,2,2021-06-18,ATL,STL,ATL,Thu
ATL-STL-2021-06-17,3,2021-06-20,ATL,STL,STL,Thu
STL-ATL-2021-08-03,1,2021-08-03,STL,ATL,ATL,Tue
STL-ATL-2021-08-03,2,2021-08-04,STL,ATL,ATL,Tue
STL-ATL-2021-08-03,3,2021-08-05,STL,ATL,ATL,Tue
ATL-STL-2022-07-04,1,2022-07-04,ATL,STL,ATL,Mon
ATL-STL-2022-07-04,2,2022-07-05,ATL,STL,ATL,Mon
ATL-STL-2022-07-04,3,2022-07-06,ATL,STL,ATL,Mon
ATL-STL-2022-07-04,4,2022-07-07,ATL,STL,STL,Mon
STL-ATL-2022-08-26,1,2022-08-26,STL,ATL,ATL,Fri
STL-ATL-2022-08-26,2,2022-08-27,STL,ATL,STL,Fri
STL-ATL-2022-08-26,3,2022-08-28,STL,ATL,STL,Fri
STL-ATL-2023-04-03,1,2023-04-03,STL,ATL,ATL,Mon
STL-ATL-2023-04-03,2,2023-04-04,STL,ATL,ATL,Mon
STL-ATL-2023-04-03,3,2023-04-05,STL,ATL,ATL,Mon
ATL-STL-2023-09-05,1,2023-09-05,ATL,STL,STL,Tue
ATL-STL-2023-09-05,2,2023-09-06,ATL,STL,STL,Tue
ATL-STL-2023-09-05,3,2023-09-07,ATL,STL,ATL,Tue
STL-ATL-2024-06-24,1,2024-06-24,STL,ATL,STL,Mon
STL-ATL-2024-06-24,2,2024-06-26,STL,ATL,ATL,Mon
ATL-STL-2024-07-20,1,2024-07-20,ATL,STL,ATL,Sat
ATL-STL-2024-07-20,2,2024-07-21,ATL,STL,STL,Sat
ATL-STL-2025-04-21,1,2025-04-21,ATL,STL,ATL,Mon
ATL-STL-2025-04-21,2,2025-04-22,ATL,STL,STL,Mon
ATL-STL-2025-04-21,3,2025-04-23,ATL,STL,ATL,Mon
STL-ATL-2025-07-11,1,2025-07-11,STL,ATL,ATL,Fri
STL-ATL-2025-07-11,2,2025-07-12,STL,ATL,ATL,Fri
STL-ATL-2025-07-11,3,2025-07-13,STL,ATL,STL,Fri
HOU-CHW-2021-06-17,1,2021-06-17,HOU,CHW,HOU,Thu
HOU-CHW-2021-06-17,2,2021-06-18,HOU,CHW,HOU,Thu
HOU-CHW-2021-06-17,3,2021-06-19,HOU,CHW,HOU,Thu
HOU-CHW-2021-06-17,4,2021-06-20,HOU,CHW,HOU,Thu
CHW-HOU-2021-07-16,1,2021-07-16,CHW,HOU,HOU,Fri
CHW-HOU-2021-07-16,2,2021-07-17,CHW,HOU,CHW,Fri
CHW-HOU-2021-07-16,3,2021-07-18,CHW,HOU,CHW,Fri
HOU-CHW-2022-06-17,1,2022-06-17,HOU,CHW,HOU,Fri
HOU-CHW-2022-06-17,2,2022-06-18,HOU,CHW,CHW,Fri
HOU-CHW-2022-06-17,3,2022-06-19,HOU,CHW,HOU,Fri
CHW-HOU-2022-08-15,1,2022-08-15,CHW,HOU,CHW,Mon
CHW-HOU-2022-08-15,2,2022-08-16,CHW,HOU,CHW,Mon
CHW-HOU-2022-08-15,3,2022-08-17,CHW,HOU,HOU,Mon
CHW-HOU-2022-08-15,4,2022-08-18,CHW,HOU,HOU,Mon
HOU-CHW-2023-03-30,1,2023-03-30,HOU,CHW,CHW,Thu
HOU-CHW-2023-03-30,2,2023-03-31,HOU,CHW,HOU,Thu
HOU-CHW-2023-03-30,3,2023-04-01,HOU,CHW,HOU,Thu
HOU-CHW-2023-03-30,4,2023-04-02,HOU,CHW,CHW,Thu
CHW-HOU-2023-05-12,1,2023-05-12,CHW,HOU,HOU,Fri
CHW-HOU-2023-05-12,2,2023-05-13,CHW,HOU,CHW,Fri
CHW-HOU-2023-05-12,3,2023-05-14,CHW,HOU,HOU,Fri
CHW-HOU-2024-06-18,1,2024-06-18,CHW,HOU,CHW,Tue
CHW-HOU-2024-06-18,2,2024-06-19,CHW,HOU,HOU,Tue
CHW-HOU-2024-06-18,3,2024-06-20,CHW,HOU,HOU,Tue
HOU-CHW-2024-08-16,1,2024-08-16,HOU,CHW,CHW,Fri
HOU-CHW-2024-08-16,2,2024-08-17,HOU,CHW,HOU,Fri
HOU-CHW-2024-08-16,3,2024-08-18,HOU,CHW,HOU,Fri
CHW-HOU-2025-05-02,1,2025-05-02,CHW,HOU,CHW,Fri
CHW-HOU-2025-05-02,2,2025-05-03,CHW,HOU,HOU,Fri
CHW-HOU-2025-05-02,3,2025-05-04,CHW,HOU,CHW,Fri
HOU-CHW-2025-06-10,1,2025-06-10,HOU,CHW,CHW,Tue
HOU-CHW-2025-06-10,2,2025-06-11,HOU,CHW,HOU,Tue
HOU-CHW-2025-06-10,3,2025-06-12,HOU,CHW,HOU,Tue
SD-CIN-2021-06-17,1,2021-06-17,SD,CIN,SD,Thu
SD-CIN-2021-06-17,2,2021-06-18,SD,CIN,SD,Thu
SD-CIN-2021-06-17,3,2021-06-19,SD,CIN,SD,Thu
SD-CIN-2021-06-17,4,2021-06-20,SD,CIN,SD,Thu
CIN-SD-2021-06-29,1,2021-06-29,CIN,SD,SD,Tue
CIN-SD-2021-06-29,2,2021-06-30,CIN,SD,SD,Tue
CIN-SD-2021-06-29,3,2021-07-01,CIN,SD,CIN,Tue
SD-CIN-2022-04-18,1,2022-04-18,SD,CIN,SD,Mon
SD-CIN-2022-04-18,2,2022-04-19,SD,CIN,SD,Mon
SD-CIN-2022-04-18,3,2022-04-20,SD,CIN,SD,Mon
CIN-SD-2022-04-26,1,2022-04-26,CIN,SD,SD,Tue
CIN-SD-2022-04-26,2,2022-04-27,CIN,SD,SD,Tue
CIN-SD-2022-04-26,3,2022-04-28,CIN,SD,SD,Tue
SD-CIN-2023-05-01,1,2023-05-01,SD,CIN,SD,Mon
SD-CIN-2023-05-01,2,2023-05-02,SD,CIN,CIN,Mon
SD-CIN-2023-05-01,3,2023-05-03,SD,CIN,SD,Mon
CIN-SD-2023-06-30,1,2023-06-30,CIN,SD,CIN,Fri
CIN-SD-2023-06-30,2,2023-07-01,CIN,SD,SD,Fri
CIN-SD-2023-06-30,3,2023-07-02,CIN,SD,CIN,Fri
SD-CIN-2024-04-29,1,2024-04-29,SD,CIN,CIN,Mon
SD-CIN-2024-04-29,2,2024-04-30,SD,CIN,SD,Mon
SD-CIN-2024-04-29,3,2024-05-01,SD,CIN,SD,Mon
CIN-SD-2024-05-21,1,2024-05-21,CIN,SD,CIN,Tue
CIN-SD-2024-05-21,2,2024-05-22,CIN,SD,SD,Tue
CIN-SD-2024-05-21,3,2024-05-23,CIN,SD,SD,Tue
CIN-SD-2025-06-27,1,2025-06-27,CIN,SD,CIN,Fri
CIN-SD-2025-06-27,2,2025-06-28,CIN,SD,SD,Fri
CIN-SD-2025-06-27,3,2025-06-29,CIN,SD,CIN,Fri
COL-MIL-2021-06-17,1,2021-06-17,COL,MIL,COL,Thu
COL-MIL-2021-06-17,2,2021-06-18,COL,MIL,COL,Thu
COL-MIL-2021-06-17,3,2021-06-19,COL,MIL,MIL,Thu
COL-MIL-2021-06-17,4,2021-06-20,COL,MIL,MIL,Thu
MIL-COL-2021-06-25,1,2021-06-25,MIL,COL,MIL,Fri
MIL-COL-2021-06-25,2,2021-06-26,MIL,COL,MIL,Fri
MIL-COL-2021-06-25,3,2021-06-27,MIL,COL,MIL,Fri
MIL-COL-2022-07-22,1,2022-07-22,MIL,COL,MIL,Fri
MIL-COL-2022-07-22,2,2022-07-23,MIL,COL,MIL,Fri
MIL-COL-2022-07-22,3,2022-07-24,MIL,COL,MIL,Fri
MIL-COL-2022-07-22,4,2022-07-25,MIL,COL,COL,Fri
COL-MIL-2022-09-05,1,2022-09-05,COL,MIL,MIL,Mon
COL-MIL-2022-09-05,2,2022-09-06,COL,MIL,COL,Mon
COL-MIL-2022-09-05,3,2022-09-07,COL,MIL,COL,Mon
COL-MIL-2023-05-02,1,2023-05-02,COL,MIL,COL,Tue
COL-MIL-2023-05-02,2,2023-05-03,COL,MIL,COL,Tue
COL-MIL-2023-05-02,3,2023-05-04,COL,MIL,COL,Tue
MIL-COL-2023-08-07,1,2023-08-07,MIL,COL,MIL,Mon
MIL-COL-2023-08-07,2,2023-08-08,MIL,COL,COL,Mon
MIL-COL-2023-08-07,3,2023-08-09,MIL,COL,MIL,Mon
COL-MIL-2024-07-01,1,2024-07-01,COL,MIL,COL,Mon
COL-MIL-2024-07-01,2,2024-07-02,COL,MIL,MIL,Mon
COL-MIL-2024-07-01,3,2024-07-03,COL,MIL,MIL,Mon
COL-MIL-2024-07-01,4,2024-07-04,COL,MIL,COL,Mon
MIL-COL-2024-09-06,1,2024-09-06,MIL,COL,COL,Fri
MIL-COL-2024-09-06,2,2024-09-07,MIL,COL,MIL,Fri
MIL-COL-2024-09-06,3,2024-09-08,MIL,COL,COL,Fri
COL-MIL-2025-04-08,1,2025-04-08,COL,MIL,MIL,Tue
COL-MIL-2025-04-08,2,2025-04-09,COL,MIL,MIL,Tue
COL-MIL-2025-04-08,3,2025-04-10,COL,MIL,COL,Tue
MIL-COL-2025-06-27,1,2025-06-27,MIL,COL,MIL,Fri
MIL-COL-2025-06-27,2,2025-06-28,MIL,COL,MIL,Fri
MIL-COL-2025-06-27,3,2025-06-29,MIL,COL,COL,Fri
LAA-DET-2021-06-17,1,2021-06-17,LAA,DET,LAA,Thu
LAA-DET-2021-06-17,2,2021-06-18,LAA,DET,LAA,Thu
LAA-DET-2021-06-17,3,2021-06-19,LAA,DET,LAA,Thu
LAA-DET-2021-06-17,4,2021-06-20,LAA,DET,DET,Thu
DET-LAA-2021-08-17,1,2021-08-17,DET,LAA,LAA,Tue
DET-LAA-2021-08-17,2,2021-08-18,DET,LAA,LAA,Tue
DET-LAA-2021-08-17,3,2021-08-19,DET,LAA,LAA,Tue
DET-LAA-2022-08-19,1,2022-08-19,DET,LAA,LAA,Fri
DET-LAA-2022-08-19,2,2022-08-20,DET,LAA,DET,Fri
DET-LAA-2022-08-19,3,2022-08-21,DET,LAA,DET,Fri
LAA-DET-2022-09-05,1,2022-09-05,LAA,DET,LAA,Mon
LAA-DET-2022-09-05,2,2022-09-06,LAA,DET,LAA,Mon
LAA-DET-2022-09-05,3,2022-09-07,LAA,DET,DET,Mon
DET-LAA-2023-07-25,1,2023-07-25,DET,LAA,LAA,Tue
DET-LAA-2023-07-25,2,2023-07-27,DET,LAA,LAA,Tue
LAA-DET-2023-09-15,1,2023-09-15,LAA,DET,DET,Fri
LAA-DET-2023-09-15,2,2023-09-16,LAA,DET,DET,Fri
LAA-DET-2023-09-15,3,2023-09-17,LAA,DET,DET,Fri
LAA-DET-2024-06-27,1,2024-06-27,LAA,DET,LAA,Thu
LAA-DET-2024-06-27,2,2024-06-28,LAA,DET,LAA,Thu
LAA-DET-2024-06-27,3,2024-06-29,LAA,DET,LAA,Thu
LAA-DET-2024-06-27,4,2024-06-30,LAA,DET,DET,Thu
DET-LAA-2024-08-27,1,2024-08-27,DET,LAA,DET,Tue
DET-LAA-2024-08-27,2,2024-08-28,DET,LAA,DET,Tue
DET-LAA-2024-08-27,3,2024-08-29,DET,LAA,LAA,Tue
LAA-DET-2025-05-01,1,2025-05-01,LAA,DET,DET,Thu
LAA-DET-2025-05-01,2,2025-05-02,LAA,DET,DET,Thu
LAA-DET-2025-05-01,3,2025-05-03,LAA,DET,LAA,Thu
LAA-DET-2025-05-01,4,2025-05-04,LAA,DET,DET,Thu
DET-LAA-2025-08-08,1,2025-08-08,DET,LAA,DET,Fri
DET-LAA-2025-08-08,2,2025-08-09,DET,LAA,LAA,Fri
DET-LAA-2025-08-08,3,2025-08-10,DET,LAA,DET,Fri
SEA-TB-2021-06-17,1,2021-06-17,SEA,TB,SEA,Thu
SEA-TB-2021-06-17,2,2021-06-18,SEA,TB,SEA,Thu
SEA-TB-2021-06-17,3,2021-06-19,SEA,TB,SEA,Thu
SEA-TB-2021-06-17,4,2021-06-20,SEA,TB,SEA,Thu
TB-SEA-2021-08-02,1,2021-08-02,TB,SEA,SEA,Mon
TB-SEA-2021-08-02,2,2021-08-03,TB,SEA,SEA,Mon
TB-SEA-2021-08-02,3,2021-08-04,TB,SEA,TB,Mon
TB-SEA-2022-04-26,1,2022-04-26,TB,SEA,SEA,Tue
TB-SEA-2022-04-26,2,2022-04-27,TB,SEA,TB,Tue
TB-SEA-2022-04-26,3,2022-04-28,TB,SEA,TB,Tue
SEA-TB-2022-05-05,1,2022-05-05,SEA,TB,TB,Thu
SEA-TB-2022-05-05,2,2022-05-06,SEA,TB,TB,Thu
SEA-TB-2022-05-05,3,2022-05-07,SEA,TB,TB,Thu
SEA-TB-2022-05-05,4,2022-05-08,SEA,TB,SEA,Thu
SEA-TB-2023-06-30,1,2023-06-30,SEA,TB,TB,Fri
SEA-TB-2023-06-30,2,2023-07-01,SEA,TB,SEA,Fri
SEA-TB-2023-06-30,3,2023-07-02,SEA,TB,SEA,Fri
TB-SEA-2023-09-07,1,2023-09-07,TB,SEA,SEA,Thu
TB-SEA-2023-09-07,2,2023-09-08,TB,SEA,TB,Thu
TB-SEA-2023-09-07,3,2023-09-09,TB,SEA,TB,Thu
TB-SEA-2023-09-07,4,2023-09-10,TB,SEA,TB,Thu
TB-SEA-2024-06-24,1,2024-06-24,TB,SEA,TB,Mon
TB-SEA-2024-06-24,2,2024-06-25,TB,SEA,TB,Mon
TB-SEA-2024-06-24,3,2024-06-26,TB,SEA,SEA,Mon
SEA-TB-2024-08-26,1,2024-08-26,SEA,TB,SEA,Mon
SEA-TB-2024-08-26,2,2024-08-27,SEA,TB,TB,Mon
SEA-TB-2024-08-26,3,2024-08-28,SEA,TB,SEA,Mon
SEA-TB-2025-08-08,1,2025-08-08,SEA,TB,SEA,Fri
SEA-TB-2025-08-08,2,2025-08-09,SEA,TB,SEA,Fri
SEA-TB-2025-08-08,3,2025-08-10,SEA,TB,SEA,Fri
NYY-OAK-2021-06-18,1,2021-06-18,NYY,OAK,OAK,Fri
NYY-OAK-2021-06-18,2,2021-06-19,NYY,OAK,NYY,Fri
NYY-OAK-2021-06-18,3,2021-06-20,NYY,OAK,NYY,Fri
OAK-NYY-2021-08-26,1,2021-08-26,OAK,NYY,NYY,Thu
OAK-NYY-2021-08-26,2,2021-08-27,OAK,NYY,NYY,Thu
OAK-NYY-2021-08-26,3,2021-08-28,OAK,NYY,OAK,Thu
OAK-NYY-2021-08-26,4,2021-08-29,OAK,NYY,OAK,Thu
NYY-OAK-2022-06-27,1,2022-06-27,NYY,OAK,NYY,Mon
NYY-OAK-2022-06-27,2,2022-06-28,NYY,OAK,NYY,Mon
NYY-OAK-2022-06-27,3,2022-06-29,NYY,OAK,NYY,Mon
OAK-NYY-2022-08-25,1,2022-08-25,OAK,NYY,NYY,Thu
OAK-NYY-2022-08-25,2,2022-08-26,OAK,NYY,NYY,Thu
OAK-NYY-2022-08-25,3,2022-08-27,OAK,NYY,OAK,Thu
OAK-NYY-2022-08-25,4,2022-08-28,OAK,NYY,OAK,Thu
NYY-OAK-2023-05-08,1,2023-05-08,NYY,OAK,NYY,Mon
NYY-OAK-2023-05-08,2,2023-05-09,NYY,OAK,NYY,Mon
NYY-OAK-2023-05-08,3,2023-05-10,NYY,OAK,NYY,Mon
OAK-NYY-2023-06-27,1,2023-06-27,OAK,NYY,OAK,Tue
OAK-NYY-2023-06-27,2,2023-06-28,OAK,NYY,NYY,Tue
OAK-NYY-2023-06-27,3,2023-06-29,OAK,NYY,NYY,Tue
BAL-TOR-2021-06-18,1,2021-06-18,BAL,TOR,BAL,Fri
BAL-TOR-2021-06-18,2,2021-06-19,BAL,TOR,TOR,Fri
BAL-TOR-2021-06-18,3,2021-06-20,BAL,TOR,TOR,Fri
TOR-BAL-2021-06-24,1,2021-06-24,TOR,BAL,TOR,Thu
TOR-BAL-2021-06-24,2,2021-06-25,TOR,BAL,BAL,Thu
TOR-BAL-2021-06-24,3,2021-06-26,TOR,BAL,TOR,Thu
TOR-BAL-2021-06-24,4,2021-06-27,TOR,BAL,TOR,Thu
BAL-TOR-2021-07-06,1,2021-07-06,BAL,TOR,BAL,Tue
BAL-TOR-2021-07-06,2,2021-07-07,BAL,TOR,TOR,Tue
TOR-BAL-2021-08-30,1,2021-08-30,TOR,BAL,TOR,Mon
TOR-BAL-2021-08-30,2,2021-08-31,TOR,BAL,BAL,Mon
TOR-BAL-2021-08-30,3,2021-09-01,TOR,BAL,TOR,Mon
BAL-TOR-2021-09-10,1,2021-09-10,BAL,TOR,BAL,Fri
BAL-TOR-2021-09-10,2,2021-09-11,BAL,TOR,TOR,Fri
BAL-TOR-2021-09-10,3,2021-09-12,BAL,TOR,TOR,Fri
TOR-BAL-2021-10-01,1,2021-10-01,TOR,BAL,TOR,Fri
TOR-BAL-2021-10-01,2,2021-10-02,TOR,BAL,TOR,Fri
TOR-BAL-2021-10-01,3,2021-10-03,TOR,BAL,TOR,Fri
TOR-BAL-2022-06-13,1,2022-06-13,TOR,BAL,TOR,Mon
TOR-BAL-2022-06-13,2,2022-06-14,TOR,BAL,BAL,Mon
TOR-BAL-2022-06-13,3,2022-06-15,TOR,BAL,TOR,Mon
TOR-BAL-2022-06-13,4,2022-06-16,TOR,BAL,BAL,Mon
BAL-TOR-2022-08-08,1,2022-08-08,BAL,TOR,BAL,Mon
BAL-TOR-2022-08-08,2,2022-08-09,BAL,TOR,BAL,Mon
TOR-BAL-2022-08-15,1,2022-08-15,TOR,BAL,BAL,Mon
TOR-BAL-2022-08-15,2,2022-08-16,TOR,BAL,BAL,Mon
TOR-BAL-2022-08-15,3,2022-08-17,TOR,BAL,TOR,Mon
BAL-TOR-2022-09-05,1,2022-09-05,BAL,TOR,TOR,Mon
BAL-TOR-2022-09-05,2,2022-09-06,BAL,TOR,BAL,Mon
BAL-TOR-2022-09-05,3,2022-09-07,BAL,TOR,TOR,Mon
TOR-BAL-2022-09-16,1,2022-09-16,TOR,BAL,TOR,Fri
TOR-BAL-2022-09-16,2,2022-09-17,TOR,BAL,TOR,Fri
TOR-BAL-2022-09-16,3,2022-09-18,TOR,BAL,BAL,Fri
BAL-TOR-2022-10-03,1,2022-10-03,BAL,TOR,TOR,Mon
BAL-TOR-2022-10-03,2,2022-10-05,BAL,TOR,BAL,Mon
TOR-BAL-2023-05-19,1,2023-05-19,TOR,BAL,BAL,Fri
TOR-BAL-2023-05-19,2,2023-05-20,TOR,BAL,BAL,Fri
TOR-BAL-2023-05-19,3,2023-05-21,TOR,BAL,BAL,Fri
BAL-TOR-2023-06-13,1,2023-06-13,BAL,TOR,BAL,Tue
BAL-TOR-2023-06-13,2,2023-06-14,BAL,TOR,TOR,Tue
BAL-TOR-2023-06-13,3,2023-06-15,BAL,TOR,BAL,Tue
TOR-BAL-2023-07-31,1,2023-07-31,TOR,BAL,BAL,Mon
TOR-BAL-2023-07-31,2,2023-08-01,TOR,BAL,BAL,Mon
TOR-BAL-2023-07-31,3,2023-08-02,TOR,BAL,TOR,Mon
TOR-BAL-2023-07-31,4,2023-08-03,TOR,BAL,BAL,Mon
BAL-TOR-2023-08-22,1,2023-08-22,BAL,TOR,TOR,Tue
BAL-TOR-2023-08-22,2,2023-08-23,BAL,TOR,BAL,Tue
BAL-TOR-2023-08-22,3,2023-08-24,BAL,TOR,BAL,Tue
BAL-TOR-2024-05-13,1,2024-05-13,BAL,TOR,TOR,Mon
BAL-TOR-2024-05-13,2,2024-05-15,BAL,TOR,BAL,Mon
TOR-BAL-2024-06-03,1,2024-06-03,TOR,BAL,BAL,Mon
TOR-BAL-2024-06-03,2,2024-06-04,TOR,BAL,BAL,Mon
TOR-BAL-2024-06-03,3,2024-06-05,TOR,BAL,TOR,Mon
TOR-BAL-2024-06-03,4,2024-06-06,TOR,BAL,TOR,Mon
BAL-TOR-2024-07-29,1,2024-07-29,BAL,TOR,BAL,Mon
BAL-TOR-2024-07-29,2,2024-07-30,BAL,TOR,BAL,Mon
BAL-TOR-2024-07-29,3,2024-07-31,BAL,TOR,BAL,Mon
TOR-BAL-2024-08-06,1,2024-08-06,TOR,BAL,TOR,Tue
TOR-BAL-2024-08-06,2,2024-08-07,TOR,BAL,BAL,Tue
TOR-BAL-2024-08-06,3,2024-08-08,TOR,BAL,TOR,Tue
TOR-BAL-2025-03-27,1,2025-03-27,TOR,BAL,BAL,Thu
TOR-BAL-2025-03-27,2,2025-03-28,TOR,BAL,TOR,Thu
TOR-BAL-2025-03-27,3,2025-03-29,TOR,BAL,BAL,Thu
TOR-BAL-2025-03-27,4,2025-03-30,TOR,BAL,TOR,Thu
BAL-TOR-2025-04-12,1,2025-04-12,BAL,TOR,BAL,Sat
BAL-TOR-2025-04-12,2,2025-04-13,BAL,TOR,TOR,Sat
BAL-TOR-2025-07-28,1,2025-07-28,BAL,TOR,BAL,Mon
BAL-TOR-2025-07-28,2,2025-07-29,BAL,TOR,BAL,Mon
BAL-TOR-2025-07-28,3,2025-07-30,BAL,TOR,TOR,Mon
CHC-MIA-2021-06-18,1,2021-06-18,CHC,MIA,MIA,Fri
CHC-MIA-2021-06-18,2,2021-06-19,CHC,MIA,MIA,Fri
CHC-MIA-2021-06-18,3,2021-06-20,CHC,MIA,CHC,Fri
MIA-CHC-2021-08-13,1,2021-08-13,MIA,CHC,MIA,Fri
MIA-CHC-2021-08-13,2,2021-08-14,MIA,CHC,MIA,Fri
MIA-CHC-2021-08-13,3,2021-08-15,MIA,CHC,MIA,Fri
CHC-MIA-2022-08-05,1,2022-08-05,CHC,MIA,CHC,Fri
CHC-MIA-2022-08-05,2,2022-08-06,CHC,MIA,CHC,Fri
CHC-MIA-2022-08-05,3,2022-08-07,CHC,MIA,MIA,Fri
MIA-CHC-2022-09-19,1,2022-09-19,MIA,CHC,MIA,Mon
MIA-CHC-2022-09-19,2,2022-09-20,MIA,CHC,CHC,Mon
MIA-CHC-2022-09-19,3,2022-09-21,MIA,CHC,CHC,Mon
MIA-CHC-2023-04-28,1,2023-04-28,MIA,CHC,MIA,Fri
MIA-CHC-2023-04-28,2,2023-04-29,MIA,CHC,MIA,Fri
MIA-CHC-2023-04-28,3,2023-04-30,MIA,CHC,MIA,Fri
CHC-MIA-2023-05-05,1,2023-05-05,CHC,MIA,CHC,Fri
CHC-MIA-2023-05-05,2,2023-05-06,CHC,MIA,CHC,Fri
CHC-MIA-2023-05-05,3,2023-05-07,CHC,MIA,MIA,Fri
CHC-MIA-2024-04-19,1,2024-04-19,CHC,MIA,CHC,Fri
CHC-MIA-2024-04-19,2,2024-04-20,CHC,MIA,MIA,Fri
CHC-MIA-2024-04-19,3,2024-04-21,CHC,MIA,MIA,Fri
MIA-CHC-2024-08-23,1,2024-08-23,MIA,CHC,CHC,Fri
MIA-CHC-2024-08-23,2,2024-08-24,MIA,CHC,CHC,Fri
MIA-CHC-2024-08-23,3,2024-08-25,MIA,CHC,MIA,Fri
CHC-MIA-2025-05-12,1,2025-05-12,CHC,MIA,CHC,Mon
CHC-MIA-2025-05-12,2,2025-05-13,CHC,MIA,CHC,Mon
CHC-MIA-2025-05-12,3,2025-05-14,CHC,MIA,MIA,Mon
MIA-CHC-2025-05-19,1,2025-05-19,MIA,CHC,MIA,Mon
MIA-CHC-2025-05-19,2,2025-05-20,MIA,CHC,CHC,Mon
MIA-CHC-2025-05-19,3,2025-05-21,MIA,CHC,CHC,Mon
KC-BOS-2021-06-18,1,2021-06-18,KC,BOS,KC,Fri
KC-BOS-2021-06-18,2,2021-06-19,KC,BOS,BOS,Fri
KC-BOS-2021-06-18,3,2021-06-20,KC,BOS,KC,Fri
BOS-KC-2021-06-28,1,2021-06-28,BOS,KC,BOS,Mon
BOS-KC-2021-06-28,2,2021-06-29,BOS,KC,BOS,Mon
BOS-KC-2021-06-28,3,2021-06-30,BOS,KC,BOS,Mon
BOS-KC-2021-06-28,4,2021-07-01,BOS,KC,BOS,Mon
KC-BOS-2022-08-04,1,2022-08-04,KC,BOS,KC,Thu
KC-BOS-2022-08-04,2,2022-08-05,KC,BOS,BOS,Thu
KC-BOS-2022-08-04,3,2022-08-06,KC,BOS,KC,Thu
KC-BOS-2022-08-04,4,2022-08-07,KC,BOS,KC,Thu
BOS-KC-2022-09-16,1,2022-09-16,BOS,KC,BOS,Fri
BOS-KC-2022-09-16,2,2022-09-17,BOS,KC,KC,Fri
BOS-KC-2022-09-16,3,2022-09-18,BOS,KC,BOS,Fri
BOS-KC-2023-08-07,1,2023-08-07,BOS,KC,BOS,Mon
BOS-KC-2023-08-07,2,2023-08-08,BOS,KC,KC,Mon
BOS-KC-2023-08-07,3,2023-08-09,BOS,KC,BOS,Mon
BOS-KC-2023-08-07,4,2023-08-10,BOS,KC,BOS,Mon
KC-BOS-2023-09-01,1,2023-09-01,KC,BOS,KC,Fri
KC-BOS-2023-09-01,2,2023-09-02,KC,BOS,BOS,Fri
KC-BOS-2023-09-01,3,2023-09-03,KC,BOS,BOS,Fri
BOS-KC-2024-07-12,1,2024-07-12,BOS,KC,KC,Fri
BOS-KC-2024-07-12,2,2024-07-13,BOS,KC,BOS,Fri
BOS-KC-2024-07-12,3,2024-07-14,BOS,KC,BOS,Fri
KC-BOS-2024-08-05,1,2024-08-05,KC,BOS,BOS,Mon
KC-BOS-2024-08-05,2,2024-08-06,KC,BOS,BOS,Mon
KC-BOS-2024-08-05,3,2024-08-07,KC,BOS,KC,Mon
KC-BOS-2025-05-09,1,2025-05-09,KC,BOS,KC,Fri
KC-BOS-2025-05-09,2,2025-05-10,KC,BOS,BOS,Fri
KC-BOS-2025-05-09,3,2025-05-11,KC,BOS,BOS,Fri
BOS-KC-2025-08-04,1,2025-08-04,BOS,KC,BOS,Mon
BOS-KC-2025-08-04,2,2025-08-05,BOS,KC,BOS,Mon
BOS-KC-2025-08-04,3,2025-08-06,BOS,KC,KC,Mon
BAL-HOU-2021-06-21,1,2021-06-21,BAL,HOU,HOU,Mon
BAL-HOU-2021-06-21,2,2021-06-22,BAL,HOU,HOU,Mon
BAL-HOU-2021-06-21,3,2021-06-23,BAL,HOU,HOU,Mon
HOU-BAL-2021-06-28,1,2021-06-28,HOU,BAL,BAL,Mon
HOU-BAL-2021-06-28,2,2021-06-29,HOU,BAL,BAL,Mon
HOU-BAL-2021-06-28,3,2021-06-30,HOU,BAL,BAL,Mon
HOU-BAL-2022-08-26,1,2022-08-26,HOU,BAL,BAL,Fri
HOU-BAL-2022-08-26,2,2022-08-27,HOU,BAL,BAL,Fri
HOU-BAL-2022-08-26,3,2022-08-28,HOU,BAL,HOU,Fri
BAL-HOU-2022-09-22,1,2022-09-22,BAL,HOU,BAL,Thu
BAL-HOU-2022-09-22,2,2022-09-23,BAL,HOU,BAL,Thu
BAL-HOU-2022-09-22,3,2022-09-24,BAL,HOU,HOU,Thu
BAL-HOU-2022-09-22,4,2022-09-25,BAL,HOU,HOU,Thu
BAL-HOU-2023-08-08,1,2023-08-08,BAL,HOU,HOU,Tue
BAL-HOU-2023-08-08,2,2023-08-09,BAL,HOU,HOU,Tue
BAL-HOU-2023-08-08,3,2023-08-10,BAL,HOU,BAL,Tue
HOU-BAL-2023-09-18,1,2023-09-18,HOU,BAL,BAL,Mon
HOU-BAL-2023-09-18,2,2023-09-19,HOU,BAL,BAL,Mon
HOU-BAL-2023-09-18,3,2023-09-20,HOU,BAL,HOU,Mon
HOU-BAL-2024-06-21,1,2024-06-21,HOU,BAL,HOU,Fri
HOU-BAL-2024-06-21,2,2024-06-22,HOU,BAL,HOU,Fri
HOU-BAL-2024-06-21,3,2024-06-23,HOU,BAL,HOU,Fri
BAL-HOU-2024-08-22,1,2024-08-22,BAL,HOU,HOU,Thu
BAL-HOU-2024-08-22,2,2024-08-23,BAL,HOU,BAL,Thu
BAL-HOU-2024-08-22,3,2024-08-24,BAL,HOU,BAL,Thu
BAL-HOU-2024-08-22,4,2024-08-25,BAL,HOU,HOU,Thu
HOU-BAL-2025-08-15,1,2025-08-15,HOU,BAL,BAL,Fri
HOU-BAL-2025-08-15,2,2025-08-16,HOU,BAL,HOU,Fri
TEX-OAK-2021-06-21,1,2021-06-21,TEX,OAK,TEX,Mon
TEX-OAK-2021-06-21,2,2021-06-22,TEX,OAK,OAK,Mon
TEX-OAK-2021-06-21,3,2021-06-23,TEX,OAK,TEX,Mon
TEX-OAK-2021-06-21,4,2021-06-24,TEX,OAK,OAK,Mon
OAK-TEX-2021-06-29,1,2021-06-29,OAK,TEX,TEX,Tue
OAK-TEX-2021-06-29,2,2021-06-30,OAK,TEX,OAK,Tue
OAK-TEX-2021-06-29,3,2021-07-01,OAK,TEX,TEX,Tue
TEX-OAK-2021-07-09,1,2021-07-09,TEX,OAK,TEX,Fri
TEX-OAK-2021-07-09,2,2021-07-10,TEX,OAK,OAK,Fri
TEX-OAK-2021-07-09,3,2021-07-11,TEX,OAK,OAK,Fri
OAK-TEX-2021-08-06,1,2021-08-06,OAK,TEX,OAK,Fri
OAK-TEX-2021-08-06,2,2021-08-07,OAK,TEX,OAK,Fri
OAK-TEX-2021-08-06,3,2021-08-08,OAK,TEX,OAK,Fri
TEX-OAK-2021-08-13,1,2021-08-13,TEX,OAK,TEX,Fri
TEX-OAK-2021-08-13,2,2021-08-14,TEX,OAK,OAK,Fri
TEX-OAK-2021-08-13,3,2021-08-15,TEX,OAK,TEX,Fri
OAK-TEX-2021-09-10,1,2021-09-10,OAK,TEX,OAK,Fri
OAK-TEX-2021-09-10,2,2021-09-11,OAK,TEX,TEX,Fri
OAK-TEX-2021-09-10,3,2021-09-12,OAK,TEX,TEX,Fri
OAK-TEX-2022-04-22,1,2022-04-22,OAK,TEX,TEX,Fri
OAK-TEX-2022-04-22,2,2022-04-23,OAK,TEX,TEX,Fri
OAK-TEX-2022-04-22,3,2022-04-24,OAK,TEX,OAK,Fri
OAK-TEX-2022-05-26,1,2022-05-26,OAK,TEX,TEX,Thu
OAK-TEX-2022-05-26,2,2022-05-27,OAK,TEX,TEX,Thu
OAK-TEX-2022-05-26,3,2022-05-28,OAK,TEX,TEX,Thu
OAK-TEX-2022-05-26,4,2022-05-29,OAK,TEX,OAK,Thu
TEX-OAK-2022-07-11,1,2022-07-11,TEX,OAK,TEX,Mon
TEX-OAK-2022-07-11,2,2022-07-12,TEX,OAK,OAK,Mon
TEX-OAK-2022-07-11,3,2022-07-13,TEX,OAK,TEX,Mon
OAK-TEX-2022-07-22,1,2022-07-22,OAK,TEX,OAK,Fri
OAK-TEX-2022-07-22,2,2022-07-23,OAK,TEX,OAK,Fri
OAK-TEX-2022-07-22,3,2022-07-24,OAK,TEX,TEX,Fri
TEX-OAK-2022-08-15,1,2022-08-15,TEX,OAK,TEX,Mon
TEX-OAK-2022-08-15,2,2022-08-16,TEX,OAK,OAK,Mon
TEX-OAK-2022-08-15,3,2022-08-17,TEX,OAK,OAK,Mon
TEX-OAK-2022-08-15,4,2022-08-18,TEX,OAK,TEX,Mon
TEX-OAK-2022-09-13,1,2022-09-13,TEX,OAK,TEX,Tue
TEX-OAK-2022-09-13,2,2022-09-14,TEX,OAK,OAK,Tue
TEX-OAK-2023-04-21,1,2023-04-21,TEX,OAK,OAK,Fri
TEX-OAK-2023-04-21,2,2023-04-22,TEX,OAK,TEX,Fri
TEX-OAK-2023-04-21,3,2023-04-23,TEX,OAK,TEX,Fri
OAK-TEX-2023-05-11,1,2023-05-11,OAK,TEX,TEX,Thu
OAK-TEX-2023-05-11,2,2023-05-12,OAK,TEX,OAK,Thu
OAK-TEX-2023-05-11,3,2023-05-13,OAK,TEX,TEX,Thu
OAK-TEX-2023-05-11,4,2023-05-14,OAK,TEX,TEX,Thu
OAK-TEX-2023-08-07,1,2023-08-07,OAK,TEX,TEX,Mon
OAK-TEX-2023-08-07,2,2023-08-08,OAK,TEX,TEX,Mon
OAK-TEX-2023-08-07,3,2023-08-09,OAK,TEX,OAK,Mon
TEX-OAK-2023-09-08,1,2023-09-08,TEX,OAK,OAK,Fri
TEX-OAK-2023-09-08,2,2023-09-09,TEX,OAK,TEX,Fri
TEX-OAK-2023-09-08,3,2023-09-10,TEX,OAK,TEX,Fri
MIN-CIN-2021-06-21,1,2021-06-21,MIN,CIN,MIN,Mon
MIN-CIN-2021-06-21,2,2021-06-22,MIN,CIN,CIN,Mon
CIN-MIN-2021-08-03,1,2021-08-03,CIN,MIN,MIN,Tue
CIN-MIN-2021-08-03,2,2021-08-04,CIN,MIN,CIN,Tue
CIN-MIN-2023-09-18,1,2023-09-18,CIN,MIN,CIN,Mon
CIN-MIN-2023-09-18,2,2023-09-19,CIN,MIN,MIN,Mon
CIN-MIN-2023-09-18,3,2023-09-20,CIN,MIN,MIN,Mon
MIN-CIN-2024-09-13,1,2024-09-13,MIN,CIN,CIN,Fri
MIN-CIN-2024-09-13,2,2024-09-14,MIN,CIN,CIN,Fri
MIN-CIN-2024-09-13,3,2024-09-15,MIN,CIN,MIN,Fri
CIN-MIN-2025-06-17,1,2025-06-17,CIN,MIN,CIN,Tue
CIN-MIN-2025-06-17,2,2025-06-18,CIN,MIN,CIN,Tue
CIN-MIN-2025-06-17,3,2025-06-19,CIN,MIN,MIN,Tue
NYY-KC-2021-06-22,1,2021-06-22,NYY,KC,KC,Tue
NYY-KC-2021-06-22,2,2021-06-23,NYY,KC,NYY,Tue
NYY-KC-2021-06-22,3,2021-06-24,NYY,KC,NYY,Tue
KC-NYY-2021-08-09,1,2021-08-09,KC,NYY,NYY,Mon
KC-NYY-2021-08-09,2,2021-08-10,KC,NYY,KC,Mon
KC-NYY-2021-08-09,3,2021-08-11,KC,NYY,NYY,Mon
KC-NYY-2022-04-29,1,2022-04-29,KC,NYY,NYY,Fri
KC-NYY-2022-04-29,2,2022-04-30,KC,NYY,NYY,Fri
KC-NYY-2022-04-29,3,2022-05-01,KC,NYY,NYY,Fri
NYY-KC-2022-07-28,1,2022-07-28,NYY,KC,NYY,Thu
NYY-KC-2022-07-28,2,2022-07-29,NYY,KC,NYY,Thu
NYY-KC-2022-07-28,3,2022-07-30,NYY,KC,NYY,Thu
NYY-KC-2022-07-28,4,2022-07-31,NYY,KC,KC,Thu
NYY-KC-2023-07-21,1,2023-07-21,NYY,KC,NYY,Fri
NYY-KC-2023-07-21,2,2023-07-22,NYY,KC,NYY,Fri
NYY-KC-2023-07-21,3,2023-07-23,NYY,KC,NYY,Fri
KC-NYY-2023-09-29,1,2023-09-29,KC,NYY,KC,Fri
KC-NYY-2023-09-29,2,2023-09-30,KC,NYY,NYY,Fri
KC-NYY-2023-09-29,3,2023-10-01,KC,NYY,KC,Fri
KC-NYY-2024-06-10,1,2024-06-10,KC,NYY,NYY,Mon
KC-NYY-2024-06-10,2,2024-06-11,KC,NYY,NYY,Mon
KC-NYY-2024-06-10,3,2024-06-12,KC,NYY,NYY,Mon
KC-NYY-2024-06-10,4,2024-06-13,KC,NYY,KC,Mon
NYY-KC-2024-09-09,1,2024-09-09,NYY,KC,NYY,Mon
NYY-KC-2024-09-09,2,2024-09-10,NYY,KC,KC,Mon
NYY-KC-2024-09-09,3,2024-09-11,NYY,KC,NYY,Mon
NYY-KC-2025-04-14,1,2025-04-14,NYY,KC,NYY,Mon
NYY-KC-2025-04-14,2,2025-04-15,NYY,KC,NYY,Mon
NYY-KC-2025-04-14,3,2025-04-16,NYY,KC,NYY,Mon
KC-NYY-2025-06-10,1,2025-06-10,KC,NYY,NYY,Tue
KC-NYY-2025-06-10,2,2025-06-11,KC,NYY,NYY,Tue
KC-NYY-2025-06-10,3,2025-06-12,KC,NYY,NYY,Tue
PIT-CHW-2021-06-22,1,2021-06-22,PIT,CHW,PIT,Tue
PIT-CHW-2021-06-22,2,2021-06-23,PIT,CHW,CHW,Tue
CHW-PIT-2021-08-31,1,2021-08-31,CHW,PIT,CHW,Tue
CHW-PIT-2021-08-31,2,2021-09-01,CHW,PIT,CHW,Tue
PIT-CHW-2023-04-07,1,2023-04-07,PIT,CHW,PIT,Fri
PIT-CHW-2023-04-07,2,2023-04-08,PIT,CHW,CHW,Fri
PIT-CHW-2023-04-07,3,2023-04-09,PIT,CHW,PIT,Fri
CHW-PIT-2024-07-12,1,2024-07-12,CHW,PIT,PIT,Fri
CHW-PIT-2024-07-12,2,2024-07-13,CHW,PIT,PIT,Fri
CHW-PIT-2024-07-12,3,2024-07-14,CHW,PIT,PIT,Fri
PIT-CHW-2025-07-18,1,2025-07-18,PIT,CHW,CHW,Fri
PIT-CHW-2025-07-18,2,2025-07-19,PIT,CHW,CHW,Fri
PIT-CHW-2025-07-18,3,2025-07-20,PIT,CHW,CHW,Fri
DET-STL-2021-06-22,1,2021-06-22,DET,STL,DET,Tue
DET-STL-2021-06-22,2,2021-06-23,DET,STL,DET,Tue
STL-DET-2021-08-24,1,2021-08-24,STL,DET,DET,Tue
STL-DET-2021-08-24,2,2021-08-25,STL,DET,STL,Tue
STL-DET-2023-05-05,1,2023-05-05,STL,DET,DET,Fri
STL-DET-2023-05-05,2,2023-05-06,STL,DET,DET,Fri
STL-DET-2023-05-05,3,2023-05-07,STL,DET,STL,Fri
DET-STL-2024-04-30,1,2024-04-30,DET,STL,STL,Tue
DET-STL-2024-04-30,2,2024-05-01,DET,STL,DET,Tue
STL-DET-2025-05-19,1,2025-05-19,STL,DET,STL,Mon
STL-DET-2025-05-19,2,2025-05-20,STL,DET,DET,Mon
STL-DET-2025-05-19,3,2025-05-21,STL,DET,DET,Mon
SEA-COL-2021-06-22,1,2021-06-22,SEA,COL,SEA,Tue
SEA-COL-2021-06-22,2,2021-06-23,SEA,COL,COL,Tue
COL-SEA-2021-07-20,1,2021-07-20,COL,SEA,SEA,Tue
COL-SEA-2021-07-20,2,2021-07-21,COL,SEA,COL,Tue
SEA-COL-2023-04-14,1,2023-04-14,SEA,COL,SEA,Fri
SEA-COL-2023-04-14,2,2023-04-15,SEA,COL,SEA,Fri
SEA-COL-2023-04-14,3,2023-04-16,SEA,COL,SEA,Fri
COL-SEA-2024-04-20,1,2024-04-20,COL,SEA,SEA,Sat
COL-SEA-2024-04-20,2,2024-04-21,COL,SEA,COL,Sat
CIN-ATL-2021-06-24,1,2021-06-24,CIN,ATL,CIN,Thu
CIN-ATL-2021-06-24,2,2021-06-25,CIN,ATL,ATL,Thu
CIN-ATL-2021-06-24,3,2021-06-26,CIN,ATL,CIN,Thu
CIN-ATL-2021-06-24,4,2021-06-27,CIN,ATL,ATL,Thu
ATL-CIN-2021-08-10,1,2021-08-10,ATL,CIN,ATL,Tue
ATL-CIN-2021-08-10,2,2021-08-11,ATL,CIN,ATL,Tue
ATL-CIN-2021-08-10,3,2021-08-12,ATL,CIN,CIN,Tue
ATL-CIN-2022-04-07,1,2022-04-07,ATL,CIN,CIN,Thu
ATL-CIN-2022-04-07,2,2022-04-08,ATL,CIN,ATL,Thu
ATL-CIN-2022-04-07,3,2022-04-09,ATL,CIN,ATL,Thu
ATL-CIN-2022-04-07,4,2022-04-10,ATL,CIN,CIN,Thu
CIN-ATL-2022-07-01,1,2022-07-01,CIN,ATL,ATL,Fri
CIN-ATL-2022-07-01,2,2022-07-02,CIN,ATL,ATL,Fri
CIN-ATL-2022-07-01,3,2022-07-03,CIN,ATL,CIN,Fri
ATL-CIN-2023-04-10,1,2023-04-10,ATL,CIN,ATL,Mon
ATL-CIN-2023-04-10,2,2023-04-11,ATL,CIN,ATL,Mon
ATL-CIN-2023-04-10,3,2023-04-12,ATL,CIN,ATL,Mon
CIN-ATL-2023-06-23,1,2023-06-23,CIN,ATL,CIN,Fri
CIN-ATL-2023-06-23,2,2023-06-24,CIN,ATL,ATL,Fri
CIN-ATL-2023-06-23,3,2023-06-25,CIN,ATL,ATL,Fri
ATL-CIN-2024-07-22,1,2024-07-22,ATL,CIN,CIN,Mon
ATL-CIN-2024-07-22,2,2024-07-24,ATL,CIN,CIN,Mon
ATL-CIN-2024-09-09,1,2024-09-09,ATL,CIN,CIN,Mon
CIN-ATL-2024-09-17,1,2024-09-17,CIN,ATL,CIN,Tue
CIN-ATL-2024-09-17,2,2024-09-18,CIN,ATL,ATL,Tue
CIN-ATL-2024-09-17,3,2024-09-19,CIN,ATL,ATL,Tue
ATL-CIN-2025-05-05,1,2025-05-05,ATL,CIN,ATL,Mon
ATL-CIN-2025-05-05,2,2025-05-06,ATL,CIN,ATL,Mon
ATL-CIN-2025-05-05,3,2025-05-07,ATL,CIN,CIN,Mon
ATL-CIN-2025-05-05,4,2025-05-08,ATL,CIN,ATL,Mon
CIN-ATL-2025-07-31,1,2025-07-31,CIN,ATL,ATL,Thu
CIN-ATL-2025-07-31,2,2025-08-01,CIN,ATL,CIN,Thu
CIN-ATL-2025-07-31,3,2025-08-03,CIN,ATL,ATL,Thu
SF-OAK-2021-06-25,1,2021-06-25,SF,OAK,SF,Fri
SF-OAK-2021-06-25,2,2021-06-26,SF,OAK,SF,Fri
SF-OAK-2021-06-25,3,2021-06-27,SF,OAK,OAK,Fri
OAK-SF-2021-08-20,1,2021-08-20,OAK,SF,OAK,Fri
OAK-SF-2021-08-20,2,2021-08-21,OAK,SF,SF,Fri
OAK-SF-2021-08-20,3,2021-08-22,OAK,SF,SF,Fri
SF-OAK-2022-04-26,1,2022-04-26,SF,OAK,SF,Tue
SF-OAK-2022-04-26,2,2022-04-27,SF,OAK,OAK,Tue
OAK-SF-2022-08-06,1,2022-08-06,OAK,SF,SF,Sat
OAK-SF-2022-08-06,2,2022-08-07,OAK,SF,SF,Sat
SF-OAK-2023-07-25,1,2023-07-25,SF,OAK,SF,Tue
SF-OAK-2023-07-25,2,2023-07-26,SF,OAK,SF,Tue
OAK-SF-2023-08-05,1,2023-08-05,OAK,SF,OAK,Sat
OAK-SF-2023-08-05,2,2023-08-06,OAK,SF,OAK,Sat
NYY-LAA-2021-06-28,1,2021-06-28,NYY,LAA,LAA,Mon
NYY-LAA-2021-06-28,2,2021-06-29,NYY,LAA,NYY,Mon
NYY-LAA-2021-06-28,3,2021-06-30,NYY,LAA,LAA,Mon
NYY-LAA-2021-08-16,1,2021-08-16,NYY,LAA,NYY,Mon
LAA-NYY-2021-08-30,1,2021-08-30,LAA,NYY,LAA,Mon
LAA-NYY-2021-08-30,2,2021-08-31,LAA,NYY,LAA,Mon
LAA-NYY-2021-08-30,3,2021-09-01,LAA,NYY,NYY,Mon
NYY-LAA-2022-05-31,1,2022-05-31,NYY,LAA,NYY,Tue
NYY-LAA-2022-05-31,2,2022-06-02,NYY,LAA,NYY,Tue
LAA-NYY-2022-08-29,1,2022-08-29,LAA,NYY,LAA,Mon
LAA-NYY-2022-08-29,2,2022-08-30,LAA,NYY,NYY,Mon
LAA-NYY-2022-08-29,3,2022-08-31,LAA,NYY,LAA,Mon
NYY-LAA-2023-04-18,1,2023-04-18,NYY,LAA,LAA,Tue
NYY-LAA-2023-04-18,2,2023-04-19,NYY,LAA,NYY,Tue
NYY-LAA-2023-04-18,3,2023-04-20,NYY,LAA,NYY,Tue
LAA-NYY-2023-07-17,1,2023-07-17,LAA,NYY,LAA,Mon
LAA-NYY-2023-07-17,2,2023-07-18,LAA,NYY,LAA,Mon
LAA-NYY-2023-07-17,3,2023-07-19,LAA,NYY,LAA,Mon
LAA-NYY-2024-05-28,1,2024-05-28,LAA,NYY,LAA,Tue
LAA-NYY-2024-05-28,2,2024-05-29,LAA,NYY,NYY,Tue
LAA-NYY-2024-05-28,3,2024-05-30,LAA,NYY,NYY,Tue
NYY-LAA-2024-08-07,1,2024-08-07,NYY,LAA,NYY,Wed
NYY-LAA-2024-08-07,2,2024-08-08,NYY,LAA,LAA,Wed
LAA-NYY-2025-05-26,1,2025-05-26,LAA,NYY,NYY,Mon
LAA-NYY-2025-05-26,2,2025-05-27,LAA,NYY,NYY,Mon
LAA-NYY-2025-05-26,3,2025-05-28,LAA,NYY,NYY,Mon
NYY-LAA-2025-06-16,1,2025-06-16,NYY,LAA,LAA,Mon
NYY-LAA-2025-06-16,2,2025-06-17,NYY,LAA,LAA,Mon
NYY-LAA-2025-06-16,3,2025-06-18,NYY,LAA,LAA,Mon
NYY-LAA-2025-06-16,4,2025-06-19,NYY,LAA,NYY,Mon
TOR-SEA-2021-06-29,1,2021-06-29,TOR,SEA,TOR,Tue
TOR-SEA-2021-06-29,2,2021-06-30,TOR,SEA,SEA,Tue
TOR-SEA-2021-06-29,3,2021-07-01,TOR,SEA,SEA,Tue
SEA-TOR-2021-08-13,1,2021-08-13,SEA,TOR,SEA,Fri
SEA-TOR-2021-08-13,2,2021-08-14,SEA,TOR,SEA,Fri
SEA-TOR-2021-08-13,3,2021-08-15,SEA,TOR,TOR,Fri
TOR-SEA-2022-05-16,1,2022-05-16,TOR,SEA,TOR,Mon
TOR-SEA-2022-05-16,2,2022-05-17,TOR,SEA,TOR,Mon
TOR-SEA-2022-05-16,3,2022-05-18,TOR,SEA,SEA,Mon
SEA-TOR-2022-07-07,1,2022-07-07,SEA,TOR,SEA,Thu
SEA-TOR-2022-07-07,2,2022-07-08,SEA,TOR,SEA,Thu
SEA-TOR-2022-07-07,3,2022-07-09,SEA,TOR,SEA,Thu
SEA-TOR-2022-07-07,4,2022-07-10,SEA,TOR,SEA,Thu
TOR-SEA-2023-04-28,1,2023-04-28,TOR,SEA,TOR,Fri
TOR-SEA-2023-04-28,2,2023-04-29,TOR,SEA,TOR,Fri
TOR-SEA-2023-04-28,3,2023-04-30,TOR,SEA,SEA,Fri
SEA-TOR-2023-07-21,1,2023-07-21,SEA,TOR,SEA,Fri
SEA-TOR-2023-07-21,2,2023-07-22,SEA,TOR,SEA,Fri
SEA-TOR-2023-07-21,3,2023-07-23,SEA,TOR,TOR,Fri
TOR-SEA-2024-04-08,1,2024-04-08,TOR,SEA,TOR,Mon
TOR-SEA-2024-04-08,2,2024-04-09,TOR,SEA,TOR,Mon
TOR-SEA-2024-04-08,3,2024-04-10,TOR,SEA,SEA,Mon
SEA-TOR-2024-07-05,1,2024-07-05,SEA,TOR,SEA,Fri
SEA-TOR-2024-07-05,2,2024-07-06,SEA,TOR,TOR,Fri
SEA-TOR-2024-07-05,3,2024-07-07,SEA,TOR,TOR,Fri
TOR-SEA-2025-04-18,1,2025-04-18,TOR,SEA,TOR,Fri
TOR-SEA-2025-04-18,2,2025-04-19,TOR,SEA,SEA,Fri
TOR-SEA-2025-04-18,3,2025-04-20,TOR,SEA,SEA,Fri
SEA-TOR-2025-05-09,1,2025-05-09,SEA,TOR,TOR,Fri
SEA-TOR-2025-05-09,2,2025-05-10,SEA,TOR,TOR,Fri
SEA-TOR-2025-05-09,3,2025-05-11,SEA,TOR,TOR,Fri
PHI-SD-2021-07-02,1,2021-07-02,PHI,SD,PHI,Fri
PHI-SD-2021-07-02,2,2021-07-03,PHI,SD,PHI,Fri
PHI-SD-2021-07-02,3,2021-07-04,PHI,SD,SD,Fri
SD-PHI-2021-08-20,1,2021-08-20,SD,PHI,PHI,Fri
SD-PHI-2021-08-20,2,2021-08-21,SD,PHI,SD,Fri
SD-PHI-2021-08-20,3,2021-08-22,SD,PHI,PHI,Fri
PHI-SD-2022-05-17,1,2022-05-17,PHI,SD,SD,Tue
PHI-SD-2022-05-17,2,2022-05-18,PHI,SD,PHI,Tue
PHI-SD-2022-05-17,3,2022-05-19,PHI,SD,SD,Tue
SD-PHI-2022-06-23,1,2022-06-23,SD,PHI,PHI,Thu
SD-PHI-2022-06-23,2,2022-06-24,SD,PHI,SD,Thu
SD-PHI-2022-06-23,3,2022-06-25,SD,PHI,PHI,Thu
SD-PHI-2022-06-23,4,2022-06-26,SD,PHI,PHI,Thu
PHI-SD-2023-07-14,1,2023-07-14,PHI,SD,SD,Fri
PHI-SD-2023-07-14,2,2023-07-15,PHI,SD,PHI,Fri
PHI-SD-2023-07-14,3,2023-07-16,PHI,SD,PHI,Fri
SD-PHI-2023-09-04,1,2023-09-04,SD,PHI,PHI,Mon
SD-PHI-2023-09-04,2,2023-09-05,SD,PHI,SD,Mon
SD-PHI-2023-09-04,3,2023-09-06,SD,PHI,PHI,Mon
SD-PHI-2024-04-26,1,2024-04-26,SD,PHI,PHI,Fri
SD-PHI-2024-04-26,2,2024-04-27,SD,PHI,PHI,Fri
SD-PHI-2024-04-26,3,2024-04-28,SD,PHI,PHI,Fri
PHI-SD-2024-06-17,1,2024-06-17,PHI,SD,PHI,Mon
PHI-SD-2024-06-17,2,2024-06-18,PHI,SD,PHI,Mon
PHI-SD-2024-06-17,3,2024-06-19,PHI,SD,SD,Mon
PHI-SD-2025-06-30,1,2025-06-30,PHI,SD,PHI,Mon
PHI-SD-2025-06-30,2,2025-07-02,PHI,SD,SD,Mon
SD-PHI-2025-07-11,1,2025-07-11,SD,PHI,SD,Fri
SD-PHI-2025-07-11,2,2025-07-12,SD,PHI,SD,Fri
SD-PHI-2025-07-11,3,2025-07-13,SD,PHI,PHI,Fri
LAA-BAL-2021-07-02,1,2021-07-02,LAA,BAL,LAA,Fri
LAA-BAL-2021-07-02,2,2021-07-03,LAA,BAL,LAA,Fri
LAA-BAL-2021-07-02,3,2021-07-04,LAA,BAL,LAA,Fri
BAL-LAA-2021-08-24,1,2021-08-24,BAL,LAA,LAA,Tue
BAL-LAA-2021-08-24,2,2021-08-25,BAL,LAA,BAL,Tue
BAL-LAA-2021-08-24,3,2021-08-26,BAL,LAA,BAL,Tue
LAA-BAL-2022-04-22,1,2022-04-22,LAA,BAL,BAL,Fri
LAA-BAL-2022-04-22,2,2022-04-23,LAA,BAL,BAL,Fri
LAA-BAL-2022-04-22,3,2022-04-24,LAA,BAL,LAA,Fri
BAL-LAA-2022-07-07,1,2022-07-07,BAL,LAA,BAL,Thu
BAL-LAA-2022-07-07,2,2022-07-08,BAL,LAA,BAL,Thu
BAL-LAA-2022-07-07,3,2022-07-09,BAL,LAA,BAL,Thu
BAL-LAA-2022-07-07,4,2022-07-10,BAL,LAA,BAL,Thu
BAL-LAA-2023-05-15,1,2023-05-15,BAL,LAA,LAA,Mon
BAL-LAA-2023-05-15,2,2023-05-16,BAL,LAA,BAL,Mon
BAL-LAA-2023-05-15,3,2023-05-17,BAL,LAA,BAL,Mon
BAL-LAA-2023-05-15,4,2023-05-18,BAL,LAA,LAA,Mon
LAA-BAL-2023-09-04,1,2023-09-04,LAA,BAL,BAL,Mon
LAA-BAL-2023-09-04,2,2023-09-05,LAA,BAL,BAL,Mon
LAA-BAL-2023-09-04,3,2023-09-06,LAA,BAL,BAL,Mon
BAL-LAA-2024-03-28,1,2024-03-28,BAL,LAA,BAL,Thu
BAL-LAA-2024-03-28,2,2024-03-30,BAL,LAA,BAL,Thu
BAL-LAA-2024-03-28,3,2024-03-31,BAL,LAA,LAA,Thu
LAA-BAL-2024-04-22,1,2024-04-22,LAA,BAL,BAL,Mon
LAA-BAL-2024-04-22,2,2024-04-23,LAA,BAL,LAA,Mon
LAA-BAL-2024-04-22,3,2024-04-24,LAA,BAL,BAL,Mon
LAA-BAL-2025-05-09,1,2025-05-09,LAA,BAL,BAL,Fri
LAA-BAL-2025-05-09,2,2025-05-10,LAA,BAL,LAA,Fri
LAA-BAL-2025-05-09,3,2025-05-11,LAA,BAL,BAL,Fri
BAL-LAA-2025-06-13,1,2025-06-13,BAL,LAA,BAL,Fri
BAL-LAA-2025-06-13,2,2025-06-14,BAL,LAA,BAL,Fri
BAL-LAA-2025-06-13,3,2025-06-15,BAL,LAA,BAL,Fri
NYY-NYM-2021-07-03,1,2021-07-03,NYY,NYM,NYM,Sat
NYY-NYM-2021-07-03,2,2021-07-04,NYY,NYM,NYM,Sat
NYM-NYY-2021-09-10,1,2021-09-10,NYM,NYY,NYM,Fri
NYM-NYY-2021-09-10,2,2021-09-11,NYM,NYY,NYY,Fri
NYM-NYY-2021-09-10,3,2021-09-12,NYM,NYY,NYM,Fri
NYM-NYY-2022-07-26,1,2022-07-26,NYM,NYY,NYM,Tue
NYM-NYY-2022-07-26,2,2022-07-27,NYM,NYY,NYM,Tue
NYY-NYM-2022-08-22,1,2022-08-22,NYY,NYM,NYY,Mon
NYY-NYM-2022-08-22,2,2022-08-23,NYY,NYM,NYY,Mon
NYM-NYY-2023-06-13,1,2023-06-13,NYM,NYY,NYY,Tue
NYM-NYY-2023-06-13,2,2023-06-14,NYM,NYY,NYM,Tue
NYY-NYM-2023-07-25,1,2023-07-25,NYY,NYM,NYM,Tue
NYY-NYM-2023-07-25,2,2023-07-26,NYY,NYM,NYY,Tue
NYM-NYY-2024-06-25,1,2024-06-25,NYM,NYY,NYM,Tue
NYM-NYY-2024-06-25,2,2024-06-26,NYM,NYY,NYM,Tue
NYY-NYM-2024-07-23,1,2024-07-23,NYY,NYM,NYM,Tue
NYY-NYM-2024-07-23,2,2024-07-24,NYY,NYM,NYM,Tue
NYY-NYM-2025-05-16,1,2025-05-16,NYY,NYM,NYY,Fri
NYY-NYM-2025-05-16,2,2025-05-17,NYY,NYM,NYM,Fri
NYY-NYM-2025-05-16,3,2025-05-18,NYY,NYM,NYY,Fri
NYM-NYY-2025-07-04,1,2025-07-04,NYM,NYY,NYM,Fri
NYM-NYY-2025-07-04,2,2025-07-05,NYM,NYY,NYM,Fri
NYM-NYY-2025-07-04,3,2025-07-06,NYM,NYY,NYY,Fri
SF-STL-2021-07-05,1,2021-07-05,SF,STL,STL,Mon
SF-STL-2021-07-05,2,2021-07-06,SF,STL,STL,Mon
SF-STL-2021-07-05,3,2021-07-07,SF,STL,SF,Mon
STL-SF-2021-07-16,1,2021-07-16,STL,SF,SF,Fri
STL-SF-2021-07-16,2,2021-07-17,STL,SF,STL,Fri
STL-SF-2021-07-16,3,2021-07-18,STL,SF,STL,Fri
SF-STL-2022-05-05,1,2022-05-05,SF,STL,STL,Thu
SF-STL-2022-05-05,2,2022-05-06,SF,STL,STL,Thu
SF-STL-2022-05-05,3,2022-05-07,SF,STL,SF,Thu
SF-STL-2022-05-05,4,2022-05-08,SF,STL,SF,Thu
STL-SF-2022-05-13,1,2022-05-13,STL,SF,SF,Fri
STL-SF-2022-05-13,2,2022-05-14,STL,SF,STL,Fri
STL-SF-2022-05-13,3,2022-05-15,STL,SF,STL,Fri
SF-STL-2023-04-24,1,2023-04-24,SF,STL,SF,Mon
SF-STL-2023-04-24,2,2023-04-25,SF,STL,SF,Mon
SF-STL-2023-04-24,3,2023-04-26,SF,STL,SF,Mon
SF-STL-2023-04-24,4,2023-04-27,SF,STL,STL,Mon
STL-SF-2023-06-12,1,2023-06-12,STL,SF,SF,Mon
STL-SF-2023-06-12,2,2023-06-13,STL,SF,SF,Mon
STL-SF-2023-06-12,3,2023-06-14,STL,SF,SF,Mon
STL-SF-2024-06-20,1,2024-06-20,STL,SF,STL,Thu
STL-SF-2024-06-20,2,2024-06-22,STL,SF,STL,Thu
STL-SF-2024-06-20,3,2024-06-23,STL,SF,STL,Thu
SF-STL-2024-09-27,1,2024-09-27,SF,STL,STL,Fri
SF-STL-2024-09-27,2,2024-09-28,SF,STL,SF,Fri
SF-STL-2024-09-27,3,2024-09-29,SF,STL,STL,Fri
NYM-MIL-2021-07-05,1,2021-07-05,NYM,MIL,NYM,Mon
NYM-MIL-2021-07-05,2,2021-07-07,NYM,MIL,NYM,Mon
MIL-NYM-2021-09-25,1,2021-09-25,MIL,NYM,MIL,Sat
MIL-NYM-2021-09-25,2,2021-09-26,MIL,NYM,MIL,Sat
NYM-MIL-2022-06-14,1,2022-06-14,NYM,MIL,NYM,Tue
NYM-MIL-2022-06-14,2,2022-06-15,NYM,MIL,MIL,Tue
NYM-MIL-2022-06-14,3,2022-06-16,NYM,MIL,NYM,Tue
MIL-NYM-2022-09-19,1,2022-09-19,MIL,NYM,NYM,Mon
MIL-NYM-2022-09-19,2,2022-09-20,MIL,NYM,NYM,Mon
MIL-NYM-2022-09-19,3,2022-09-21,MIL,NYM,MIL,Mon
MIL-NYM-2023-04-03,1,2023-04-03,MIL,NYM,MIL,Mon
MIL-NYM-2023-04-03,2,2023-04-04,MIL,NYM,MIL,Mon
MIL-NYM-2023-04-03,3,2023-04-05,MIL,NYM,MIL,Mon
NYM-MIL-2023-06-26,1,2023-06-26,NYM,MIL,MIL,Mon
NYM-MIL-2023-06-26,2,2023-06-27,NYM,MIL,NYM,Mon
NYM-MIL-2023-06-26,3,2023-06-28,NYM,MIL,MIL,Mon
NYM-MIL-2023-06-26,4,2023-06-29,NYM,MIL,MIL,Mon
NYM-MIL-2024-03-29,1,2024-03-29,NYM,MIL,MIL,Fri
NYM-MIL-2024-03-29,2,2024-03-30,NYM,MIL,MIL,Fri
NYM-MIL-2024-03-29,3,2024-03-31,NYM,MIL,MIL,Fri
MIL-NYM-2024-09-27,1,2024-09-27,MIL,NYM,MIL,Fri
MIL-NYM-2024-09-27,2,2024-09-28,MIL,NYM,MIL,Fri
MIL-NYM-2024-09-27,3,2024-09-29,MIL,NYM,NYM,Fri
NYM-MIL-2025-07-02,1,2025-07-02,NYM,MIL,MIL,Wed
NYM-MIL-2025-07-02,2,2025-07-03,NYM,MIL,NYM,Wed
MIL-NYM-2025-08-08,1,2025-08-08,MIL,NYM,MIL,Fri
MIL-NYM-2025-08-08,2,2025-08-09,MIL,NYM,MIL,Fri
MIL-NYM-2025-08-08,3,2025-08-10,MIL,NYM,MIL,Fri
TEX-DET-2021-07-05,1,2021-07-05,TEX,DET,DET,Mon
TEX-DET-2021-07-05,2,2021-07-06,TEX,DET,TEX,Mon
TEX-DET-2021-07-05,3,2021-07-07,TEX,DET,DET,Mon
DET-TEX-2021-07-19,1,2021-07-19,DET,TEX,DET,Mon
DET-TEX-2021-07-19,2,2021-07-20,DET,TEX,DET,Mon
DET-TEX-2021-07-19,3,2021-07-21,DET,TEX,DET,Mon
DET-TEX-2021-07-19,4,2021-07-22,DET,TEX,DET,Mon
DET-TEX-2022-06-16,1,2022-06-16,DET,TEX,TEX,Thu
DET-TEX-2022-06-16,2,2022-06-17,DET,TEX,TEX,Thu
DET-TEX-2022-06-16,3,2022-06-18,DET,TEX,DET,Thu
DET-TEX-2022-06-16,4,2022-06-19,DET,TEX,DET,Thu
TEX-DET-2022-08-26,1,2022-08-26,TEX,DET,TEX,Fri
TEX-DET-2022-08-26,2,2022-08-27,TEX,DET,DET,Fri
TEX-DET-2022-08-26,3,2022-08-28,TEX,DET,DET,Fri
DET-TEX-2023-05-29,1,2023-05-29,DET,TEX,TEX,Mon
DET-TEX-2023-05-29,2,2023-05-30,DET,TEX,TEX,Mon
DET-TEX-2023-05-29,3,2023-05-31,DET,TEX,DET,Mon
TEX-DET-2023-06-26,1,2023-06-26,TEX,DET,DET,Mon
TEX-DET-2023-06-26,2,2023-06-27,TEX,DET,TEX,Mon
TEX-DET-2023-06-26,3,2023-06-28,TEX,DET,TEX,Mon
TEX-DET-2023-06-26,4,2023-06-29,TEX,DET,DET,Mon
DET-TEX-2024-04-15,1,2024-04-15,DET,TEX,TEX,Mon
DET-TEX-2024-04-15,2,2024-04-16,DET,TEX,DET,Mon
DET-TEX-2024-04-15,3,2024-04-17,DET,TEX,TEX,Mon
DET-TEX-2024-04-15,4,2024-04-18,DET,TEX,TEX,Mon
TEX-DET-2024-06-03,1,2024-06-03,TEX,DET,DET,Mon
TEX-DET-2024-06-03,2,2024-06-04,TEX,DET,DET,Mon
TEX-DET-2024-06-03,3,2024-06-05,TEX,DET,TEX,Mon
DET-TEX-2025-05-09,1,2025-05-09,DET,TEX,DET,Fri
DET-TEX-2025-05-09,2,2025-05-10,DET,TEX,TEX,Fri
DET-TEX-2025-05-09,3,2025-05-11,DET,TEX,TEX,Fri
TEX-DET-2025-07-18,1,2025-07-18,TEX,DET,TEX,Fri
TEX-DET-2025-07-18,2,2025-07-19,TEX,DET,TEX,Fri
TEX-DET-2025-07-18,3,2025-07-20,TEX,DET,DET,Fri
CHC-PHI-2021-07-05,1,2021-07-05,CHC,PHI,PHI,Mon
CHC-PHI-2021-07-05,2,2021-07-06,CHC,PHI,PHI,Mon
CHC-PHI-2021-07-05,3,2021-07-07,CHC,PHI,CHC,Mon
CHC-PHI-2021-07-05,4,2021-07-08,CHC,PHI,PHI,Mon
PHI-CHC-2021-09-14,1,2021-09-14,PHI,CHC,CHC,Tue
PHI-CHC-2021-09-14,2,2021-09-15,PHI,CHC,PHI,Tue
PHI-CHC-2021-09-14,3,2021-09-16,PHI,CHC,PHI,Tue
PHI-CHC-2022-07-22,1,2022-07-22,PHI,CHC,CHC,Fri
PHI-CHC-2022-07-22,2,2022-07-23,PHI,CHC,CHC,Fri
PHI-CHC-2022-07-22,3,2022-07-24,PHI,CHC,CHC,Fri
CHC-PHI-2022-09-27,1,2022-09-27,CHC,PHI,CHC,Tue
CHC-PHI-2022-09-27,2,2022-09-28,CHC,PHI,CHC,Tue
CHC-PHI-2022-09-27,3,2022-09-29,CHC,PHI,CHC,Tue
PHI-CHC-2023-05-19,1,2023-05-19,PHI,CHC,CHC,Fri
PHI-CHC-2023-05-19,2,2023-05-20,PHI,CHC,PHI,Fri
PHI-CHC-2023-05-19,3,2023-05-21,PHI,CHC,PHI,Fri
CHC-PHI-2023-06-27,1,2023-06-27,CHC,PHI,PHI,Tue
CHC-PHI-2023-06-27,2,2023-06-28,CHC,PHI,PHI,Tue
CHC-PHI-2023-06-27,3,2023-06-29,CHC,PHI,PHI,Tue
CHC-PHI-2024-07-02,1,2024-07-02,CHC,PHI,PHI,Tue
CHC-PHI-2024-07-02,2,2024-07-03,CHC,PHI,PHI,Tue
CHC-PHI-2024-07-02,3,2024-07-04,CHC,PHI,CHC,Tue
PHI-CHC-2024-09-23,1,2024-09-23,PHI,CHC,PHI,Mon
PHI-CHC-2024-09-23,2,2024-09-24,PHI,CHC,CHC,Mon
PHI-CHC-2024-09-23,3,2024-09-25,PHI,CHC,PHI,Mon
CHC-PHI-2025-04-25,1,2025-04-25,CHC,PHI,CHC,Fri
CHC-PHI-2025-04-25,2,2025-04-26,CHC,PHI,PHI,Fri
CHC-PHI-2025-04-25,3,2025-04-27,CHC,PHI,PHI,Fri
PHI-CHC-2025-06-09,1,2025-06-09,PHI,CHC,PHI,Mon
PHI-CHC-2025-06-09,2,2025-06-10,PHI,CHC,CHC,Mon
PHI-CHC-2025-06-09,3,2025-06-11,PHI,CHC,PHI,Mon
KC-CIN-2021-07-05,1,2021-07-05,KC,CIN,CIN,Mon
KC-CIN-2021-07-05,2,2021-07-06,KC,CIN,KC,Mon
KC-CIN-2021-07-05,3,2021-07-07,KC,CIN,CIN,Mon
KC-CIN-2023-06-12,1,2023-06-12,KC,CIN,CIN,Mon
KC-CIN-2023-06-12,2,2023-06-13,KC,CIN,CIN,Mon
KC-CIN-2023-06-12,3,2023-06-14,KC,CIN,CIN,Mon
CIN-KC-2024-08-16,1,2024-08-16,CIN,KC,KC,Fri
CIN-KC-2024-08-16,2,2024-08-17,CIN,KC,KC,Fri
CIN-KC-2024-08-16,3,2024-08-18,CIN,KC,KC,Fri
KC-CIN-2025-05-26,1,2025-05-26,KC,CIN,CIN,Mon
KC-CIN-2025-05-26,2,2025-05-27,KC,CIN,CIN,Mon
KC-CIN-2025-05-26,3,2025-05-28,KC,CIN,KC,Mon
SD-WAS-2021-07-05,1,2021-07-05,SD,WAS,WAS,Mon
SD-WAS-2021-07-05,2,2021-07-06,SD,WAS,SD,Mon
SD-WAS-2021-07-05,3,2021-07-07,SD,WAS,WAS,Mon
SD-WAS-2021-07-05,4,2021-07-08,SD,WAS,SD,Mon
WAS-SD-2021-07-16,1,2021-07-16,WAS,SD,SD,Fri
WAS-SD-2021-07-16,2,2021-07-18,WAS,SD,SD,Fri
WAS-SD-2022-08-12,1,2022-08-12,WAS,SD,SD,Fri
WAS-SD-2022-08-12,2,2022-08-13,WAS,SD,WAS,Fri
WAS-SD-2022-08-12,3,2022-08-14,WAS,SD,SD,Fri
SD-WAS-2022-08-18,1,2022-08-18,SD,WAS,WAS,Thu
SD-WAS-2022-08-18,2,2022-08-19,SD,WAS,WAS,Thu
SD-WAS-2022-08-18,3,2022-08-20,SD,WAS,SD,Thu
SD-WAS-2022-08-18,4,2022-08-21,SD,WAS,SD,Thu
WAS-SD-2023-05-23,1,2023-05-23,WAS,SD,SD,Tue
WAS-SD-2023-05-23,2,2023-05-24,WAS,SD,WAS,Tue
WAS-SD-2023-05-23,3,2023-05-25,WAS,SD,SD,Tue
SD-WAS-2023-06-23,1,2023-06-23,SD,WAS,SD,Fri
SD-WAS-2023-06-23,2,2023-06-24,SD,WAS,WAS,Fri
SD-WAS-2023-06-23,3,2023-06-25,SD,WAS,WAS,Fri
SD-WAS-2024-06-24,1,2024-06-24,SD,WAS,SD,Mon
SD-WAS-2024-06-24,2,2024-06-25,SD,WAS,SD,Mon
SD-WAS-2024-06-24,3,2024-06-26,SD,WAS,SD,Mon
WAS-SD-2024-07-23,1,2024-07-23,WAS,SD,SD,Tue
WAS-SD-2024-07-23,2,2024-07-24,WAS,SD,SD,Tue
WAS-SD-2024-07-23,3,2024-07-25,WAS,SD,SD,Tue
SD-WAS-2025-06-23,1,2025-06-23,SD,WAS,WAS,Mon
SD-WAS-2025-06-23,2,2025-06-24,SD,WAS,SD,Mon
SD-WAS-2025-06-23,3,2025-06-25,SD,WAS,SD,Mon
WAS-SD-2025-07-18,1,2025-07-18,WAS,SD,SD,Fri
WAS-SD-2025-07-18,2,2025-07-19,WAS,SD,WAS,Fri
WAS-SD-2025-07-18,3,2025-07-20,WAS,SD,SD,Fri
SEA-NYY-2021-07-06,1,2021-07-06,SEA,NYY,NYY,Tue
SEA-NYY-2021-07-06,2,2021-07-07,SEA,NYY,NYY,Tue
SEA-NYY-2021-07-06,3,2021-07-08,SEA,NYY,SEA,Tue
NYY-SEA-2021-08-05,1,2021-08-05,NYY,SEA,NYY,Thu
NYY-SEA-2021-08-05,2,2021-08-06,NYY,SEA,NYY,Thu
NYY-SEA-2021-08-05,3,2021-08-07,NYY,SEA,NYY,Thu
NYY-SEA-2021-08-05,4,2021-08-08,NYY,SEA,SEA,Thu
NYY-SEA-2022-08-01,1,2022-08-01,NYY,SEA,NYY,Mon
NYY-SEA-2022-08-01,2,2022-08-02,NYY,SEA,SEA,Mon
NYY-SEA-2022-08-01,3,2022-08-03,NYY,SEA,SEA,Mon
SEA-NYY-2022-08-08,1,2022-08-08,SEA,NYY,NYY,Mon
SEA-NYY-2022-08-08,2,2022-08-09,SEA,NYY,SEA,Mon
SEA-NYY-2022-08-08,3,2022-08-10,SEA,NYY,SEA,Mon
SEA-NYY-2023-05-29,1,2023-05-29,SEA,NYY,NYY,Mon
SEA-NYY-2023-05-29,2,2023-05-30,SEA,NYY,NYY,Mon
SEA-NYY-2023-05-29,3,2023-05-31,SEA,NYY,SEA,Mon
NYY-SEA-2023-06-20,1,2023-06-20,NYY,SEA,NYY,Tue
NYY-SEA-2023-06-20,2,2023-06-21,NYY,SEA,NYY,Tue
NYY-SEA-2023-06-20,3,2023-06-22,NYY,SEA,SEA,Tue
NYY-SEA-2024-05-20,1,2024-05-20,NYY,SEA,SEA,Mon
NYY-SEA-2024-05-20,2,2024-05-21,NYY,SEA,SEA,Mon
NYY-SEA-2024-05-20,3,2024-05-22,NYY,SEA,NYY,Mon
NYY-SEA-2024-05-20,4,2024-05-23,NYY,SEA,NYY,Mon
SEA-NYY-2024-09-17,1,2024-09-17,SEA,NYY,NYY,Tue
SEA-NYY-2024-09-17,2,2024-09-18,SEA,NYY,NYY,Tue
SEA-NYY-2024-09-17,3,2024-09-19,SEA,NYY,SEA,Tue
SEA-NYY-2025-05-12,1,2025-05-12,SEA,NYY,NYY,Mon
SEA-NYY-2025-05-12,2,2025-05-13,SEA,NYY,SEA,Mon
SEA-NYY-2025-05-12,3,2025-05-14,SEA,NYY,NYY,Mon
NYY-SEA-2025-07-08,1,2025-07-08,NYY,SEA,NYY,Tue
NYY-SEA-2025-07-08,2,2025-07-09,NYY,SEA,NYY,Tue
NYY-SEA-2025-07-08,3,2025-07-10,NYY,SEA,NYY,Tue
NYM-PIT-2021-07-09,1,2021-07-09,NYM,PIT,NYM,Fri
NYM-PIT-2021-07-09,2,2021-07-10,NYM,PIT,PIT,Fri
NYM-PIT-2021-07-09,3,2021-07-11,NYM,PIT,PIT,Fri
PIT-NYM-2021-07-16,1,2021-07-16,PIT,NYM,PIT,Fri
PIT-NYM-2021-07-16,2,2021-07-17,PIT,NYM,PIT,Fri
PIT-NYM-2021-07-16,3,2021-07-18,PIT,NYM,NYM,Fri
PIT-NYM-2022-09-06,1,2022-09-06,PIT,NYM,PIT,Tue
PIT-NYM-2022-09-06,2,2022-09-07,PIT,NYM,NYM,Tue
NYM-PIT-2022-09-15,1,2022-09-15,NYM,PIT,NYM,Thu
NYM-PIT-2022-09-15,2,2022-09-16,NYM,PIT,NYM,Thu
NYM-PIT-2022-09-15,3,2022-09-17,NYM,PIT,NYM,Thu
NYM-PIT-2022-09-15,4,2022-09-18,NYM,PIT,NYM,Thu
PIT-NYM-2023-06-09,1,2023-06-09,PIT,NYM,PIT,Fri
PIT-NYM-2023-06-09,2,2023-06-10,PIT,NYM,NYM,Fri
PIT-NYM-2023-06-09,3,2023-06-11,PIT,NYM,PIT,Fri
NYM-PIT-2023-08-14,1,2023-08-14,NYM,PIT,NYM,Mon
NYM-PIT-2023-08-14,2,2023-08-15,NYM,PIT,PIT,Mon
NYM-PIT-2023-08-14,3,2023-08-16,NYM,PIT,NYM,Mon
NYM-PIT-2024-04-15,1,2024-04-15,NYM,PIT,NYM,Mon
NYM-PIT-2024-04-15,2,2024-04-16,NYM,PIT,NYM,Mon
NYM-PIT-2024-04-15,3,2024-04-17,NYM,PIT,NYM,Mon
PIT-NYM-2024-07-05,1,2024-07-05,PIT,NYM,PIT,Fri
PIT-NYM-2024-07-05,2,2024-07-06,PIT,NYM,NYM,Fri
PIT-NYM-2024-07-05,3,2024-07-07,PIT,NYM,NYM,Fri
PIT-NYM-2024-07-05,4,2024-07-08,PIT,NYM,PIT,Fri
NYM-PIT-2025-05-12,1,2025-05-12,NYM,PIT,NYM,Mon
NYM-PIT-2025-05-12,2,2025-05-13,NYM,PIT,NYM,Mon
NYM-PIT-2025-05-12,3,2025-05-14,NYM,PIT,PIT,Mon
PIT-NYM-2025-06-27,1,2025-06-27,PIT,NYM,PIT,Fri
PIT-NYM-2025-06-27,2,2025-06-28,PIT,NYM,PIT,Fri
PIT-NYM-2025-06-27,3,2025-06-29,PIT,NYM,PIT,Fri
ATL-TB-2021-07-16,1,2021-07-16,ATL,TB,TB,Fri
ATL-TB-2021-07-16,2,2021-07-17,ATL,TB,ATL,Fri
ATL-TB-2021-07-16,3,2021-07-18,ATL,TB,TB,Fri
TB-ATL-2023-07-07,1,2023-07-07,TB,ATL,ATL,Fri
TB-ATL-2023-07-07,2,2023-07-08,TB,ATL,ATL,Fri
TB-ATL-2023-07-07,3,2023-07-09,TB,ATL,TB,Fri
ATL-TB-2024-06-14,1,2024-06-14,ATL,TB,ATL,Fri
ATL-TB-2024-06-14,2,2024-06-15,ATL,TB,ATL,Fri
ATL-TB-2024-06-14,3,2024-06-16,ATL,TB,TB,Fri
TB-ATL-2025-04-11,1,2025-04-11,TB,ATL,TB,Fri
TB-ATL-2025-04-11,2,2025-04-12,TB,ATL,ATL,Fri
TB-ATL-2025-04-11,3,2025-04-13,TB,ATL,TB,Fri
KC-BAL-2021-07-16,1,2021-07-16,KC,BAL,KC,Fri
KC-BAL-2021-07-16,2,2021-07-17,KC,BAL,BAL,Fri
KC-BAL-2021-07-16,3,2021-07-18,KC,BAL,BAL,Fri
BAL-KC-2021-09-06,1,2021-09-06,BAL,KC,KC,Mon
BAL-KC-2021-09-06,2,2021-09-07,BAL,KC,BAL,Mon
BAL-KC-2021-09-06,3,2021-09-08,BAL,KC,BAL,Mon
BAL-KC-2021-09-06,4,2021-09-09,BAL,KC,KC,Mon
BAL-KC-2022-05-08,1,2022-05-08,BAL,KC,KC,Sun
BAL-KC-2022-05-08,2,2022-05-09,BAL,KC,BAL,Sun
KC-BAL-2022-06-09,1,2022-06-09,KC,BAL,KC,Thu
KC-BAL-2022-06-09,2,2022-06-10,KC,BAL,KC,Thu
KC-BAL-2022-06-09,3,2022-06-11,KC,BAL,BAL,Thu
KC-BAL-2022-06-09,4,2022-06-12,KC,BAL,BAL,Thu
KC-BAL-2023-05-02,1,2023-05-02,KC,BAL,BAL,Tue
KC-BAL-2023-05-02,2,2023-05-03,KC,BAL,KC,Tue
KC-BAL-2023-05-02,3,2023-05-04,KC,BAL,BAL,Tue
BAL-KC-2023-06-09,1,2023-06-09,BAL,KC,BAL,Fri
BAL-KC-2023-06-09,2,2023-06-10,BAL,KC,BAL,Fri
BAL-KC-2023-06-09,3,2023-06-11,BAL,KC,BAL,Fri
BAL-KC-2024-04-01,1,2024-04-01,BAL,KC,BAL,Mon
BAL-KC-2024-04-01,2,2024-04-02,BAL,KC,KC,Mon
BAL-KC-2024-04-01,3,2024-04-03,BAL,KC,BAL,Mon
KC-BAL-2024-04-19,1,2024-04-19,KC,BAL,KC,Fri
KC-BAL-2024-04-19,2,2024-04-20,KC,BAL,BAL,Fri
KC-BAL-2024-04-19,3,2024-04-21,KC,BAL,BAL,Fri
KC-BAL-2025-04-04,1,2025-04-04,KC,BAL,KC,Fri
KC-BAL-2025-04-04,2,2025-04-05,KC,BAL,BAL,Fri
KC-BAL-2025-04-04,3,2025-04-06,KC,BAL,KC,Fri
BAL-KC-2025-05-02,1,2025-05-02,BAL,KC,BAL,Fri
BAL-KC-2025-05-02,2,2025-05-03,BAL,KC,KC,Fri
BAL-KC-2025-05-02,3,2025-05-04,BAL,KC,KC,Fri
ARI-CHC-2021-07-16,1,2021-07-16,ARI,CHC,CHC,Fri
ARI-CHC-2021-07-16,2,2021-07-17,ARI,CHC,CHC,Fri
ARI-CHC-2021-07-16,3,2021-07-18,ARI,CHC,ARI,Fri
CHC-ARI-2021-07-23,1,2021-07-23,CHC,ARI,CHC,Fri
CHC-ARI-2021-07-23,2,2021-07-24,CHC,ARI,ARI,Fri
CHC-ARI-2021-07-23,3,2021-07-25,CHC,ARI,CHC,Fri
ARI-CHC-2022-05-13,1,2022-05-13,ARI,CHC,ARI,Fri
ARI-CHC-2022-05-13,2,2022-05-14,ARI,CHC,CHC,Fri
ARI-CHC-2022-05-13,3,2022-05-15,ARI,CHC,CHC,Fri
CHC-ARI-2022-05-19,1,2022-05-19,CHC,ARI,ARI,Thu
CHC-ARI-2022-05-19,2,2022-05-20,CHC,ARI,ARI,Thu
CHC-ARI-2022-05-19,3,2022-05-21,CHC,ARI,ARI,Thu
CHC-ARI-2022-05-19,4,2022-05-22,CHC,ARI,CHC,Thu
CHC-ARI-2023-09-07,1,2023-09-07,CHC,ARI,ARI,Thu
CHC-ARI-2023-09-07,2,2023-09-08,CHC,ARI,ARI,Thu
CHC-ARI-2023-09-07,3,2023-09-09,CHC,ARI,ARI,Thu
CHC-ARI-2023-09-07,4,2023-09-10,CHC,ARI,CHC,Thu
ARI-CHC-2023-09-15,1,2023-09-15,ARI,CHC,ARI,Fri
ARI-CHC-2023-09-15,2,2023-09-16,ARI,CHC,ARI,Fri
ARI-CHC-2023-09-15,3,2023-09-17,ARI,CHC,ARI,Fri
CIN-NYM-2021-07-19,1,2021-07-19,CIN,NYM,NYM,Mon
CIN-NYM-2021-07-19,2,2021-07-20,CIN,NYM,CIN,Mon
CIN-NYM-2021-07-19,3,2021-07-21,CIN,NYM,NYM,Mon
NYM-CIN-2021-07-30,1,2021-07-30,NYM,CIN,CIN,Fri
NYM-CIN-2021-07-30,2,2021-07-31,NYM,CIN,NYM,Fri
NYM-CIN-2021-07-30,3,2021-08-01,NYM,CIN,CIN,Fri
CIN-NYM-2022-07-04,1,2022-07-04,CIN,NYM,NYM,Mon
CIN-NYM-2022-07-04,2,2022-07-05,CIN,NYM,CIN,Mon
CIN-NYM-2022-07-04,3,2022-07-06,CIN,NYM,NYM,Mon
NYM-CIN-2022-08-08,1,2022-08-08,NYM,CIN,NYM,Mon
NYM-CIN-2022-08-08,2,2022-08-09,NYM,CIN,NYM,Mon
NYM-CIN-2022-08-08,3,2022-08-10,NYM,CIN,NYM,Mon
CIN-NYM-2023-05-09,1,2023-05-09,CIN,NYM,CIN,Tue
CIN-NYM-2023-05-09,2,2023-05-10,CIN,NYM,NYM,Tue
CIN-NYM-2023-05-09,3,2023-05-11,CIN,NYM,CIN,Tue
NYM-CIN-2023-09-15,1,2023-09-15,NYM,CIN,CIN,Fri
NYM-CIN-2023-09-15,2,2023-09-16,NYM,CIN,CIN,Fri
NYM-CIN-2023-09-15,3,2023-09-17,NYM,CIN,NYM,Fri
CIN-NYM-2024-04-05,1,2024-04-05,CIN,NYM,NYM,Fri
CIN-NYM-2024-04-05,2,2024-04-06,CIN,NYM,CIN,Fri
CIN-NYM-2024-04-05,3,2024-04-07,CIN,NYM,NYM,Fri
NYM-CIN-2024-09-06,1,2024-09-06,NYM,CIN,NYM,Fri
NYM-CIN-2024-09-06,2,2024-09-07,NYM,CIN,NYM,Fri
NYM-CIN-2024-09-06,3,2024-09-08,NYM,CIN,CIN,Fri
NYM-CIN-2025-07-18,1,2025-07-18,NYM,CIN,CIN,Fri
NYM-CIN-2025-07-18,2,2025-07-19,NYM,CIN,CIN,Fri
NYM-CIN-2025-07-18,3,2025-07-20,NYM,CIN,NYM,Fri
ARI-PIT-2021-07-19,1,2021-07-19,ARI,PIT,ARI,Mon
ARI-PIT-2021-07-19,2,2021-07-20,ARI,PIT,ARI,Mon
ARI-PIT-2021-07-19,3,2021-07-21,ARI,PIT,ARI,Mon
PIT-ARI-2021-08-23,1,2021-08-23,PIT,ARI,PIT,Mon
PIT-ARI-2021-08-23,2,2021-08-24,PIT,ARI,PIT,Mon
PIT-ARI-2021-08-23,3,2021-08-25,PIT,ARI,ARI,Mon
PIT-ARI-2022-06-03,1,2022-06-03,PIT,ARI,ARI,Fri
PIT-ARI-2022-06-03,2,2022-06-04,PIT,ARI,PIT,Fri
PIT-ARI-2022-06-03,3,2022-06-05,PIT,ARI,PIT,Fri
ARI-PIT-2022-08-08,1,2022-08-08,ARI,PIT,ARI,Mon
ARI-PIT-2022-08-08,2,2022-08-09,ARI,PIT,ARI,Mon
ARI-PIT-2022-08-08,3,2022-08-10,ARI,PIT,PIT,Mon
ARI-PIT-2022-08-08,4,2022-08-11,ARI,PIT,ARI,Mon
PIT-ARI-2023-05-19,1,2023-05-19,PIT,ARI,PIT,Fri
PIT-ARI-2023-05-19,2,2023-05-20,PIT,ARI,ARI,Fri
PIT-ARI-2023-05-19,3,2023-05-21,PIT,ARI,ARI,Fri
ARI-PIT-2023-07-07,1,2023-07-07,ARI,PIT,ARI,Fri
ARI-PIT-2023-07-07,2,2023-07-08,ARI,PIT,ARI,Fri
ARI-PIT-2023-07-07,3,2023-07-09,ARI,PIT,PIT,Fri
ATL-SD-2021-07-20,1,2021-07-20,ATL,SD,ATL,Tue
ATL-SD-2021-07-20,2,2021-07-21,ATL,SD,SD,Tue
SD-ATL-2021-09-25,1,2021-09-25,SD,ATL,ATL,Sat
SD-ATL-2021-09-25,2,2021-09-26,SD,ATL,ATL,Sat
SD-ATL-2022-04-14,1,2022-04-14,SD,ATL,SD,Thu
SD-ATL-2022-04-14,2,2022-04-15,SD,ATL,ATL,Thu
SD-ATL-2022-04-14,3,2022-04-16,SD,ATL,ATL,Thu
SD-ATL-2022-04-14,4,2022-04-17,SD,ATL,SD,Thu
ATL-SD-2022-05-13,1,2022-05-13,ATL,SD,SD,Fri
ATL-SD-2022-05-13,2,2022-05-14,ATL,SD,ATL,Fri
ATL-SD-2022-05-13,3,2022-05-15,ATL,SD,SD,Fri
ATL-SD-2023-04-06,1,2023-04-06,ATL,SD,ATL,Thu
ATL-SD-2023-04-06,2,2023-04-07,ATL,SD,SD,Thu
ATL-SD-2023-04-06,3,2023-04-08,ATL,SD,SD,Thu
ATL-SD-2023-04-06,4,2023-04-09,ATL,SD,SD,Thu
SD-ATL-2023-04-17,1,2023-04-17,SD,ATL,ATL,Mon
SD-ATL-2023-04-17,2,2023-04-18,SD,ATL,ATL,Mon
SD-ATL-2023-04-17,3,2023-04-19,SD,ATL,SD,Mon
ATL-SD-2024-05-17,1,2024-05-17,ATL,SD,SD,Fri
ATL-SD-2024-05-17,2,2024-05-19,ATL,SD,SD,Fri
ATL-SD-2024-05-17,3,2024-05-20,ATL,SD,SD,Fri
SD-ATL-2024-07-12,1,2024-07-12,SD,ATL,ATL,Fri
SD-ATL-2024-07-12,2,2024-07-13,SD,ATL,SD,Fri
SD-ATL-2024-07-12,3,2024-07-14,SD,ATL,ATL,Fri
SD-ATL-2025-03-27,1,2025-03-27,SD,ATL,SD,Thu
SD-ATL-2025-03-27,2,2025-03-28,SD,ATL,SD,Thu
SD-ATL-2025-03-27,3,2025-03-29,SD,ATL,SD,Thu
SD-ATL-2025-03-27,4,2025-03-30,SD,ATL,SD,Thu
ATL-SD-2025-05-23,1,2025-05-23,ATL,SD,SD,Fri
ATL-SD-2025-05-23,2,2025-05-24,ATL,SD,ATL,Fri
ATL-SD-2025-05-23,3,2025-05-25,ATL,SD,SD,Fri
MIA-SD-2021-07-22,1,2021-07-22,MIA,SD,SD,Thu
MIA-SD-2021-07-22,2,2021-07-23,MIA,SD,SD,Thu
MIA-SD-2021-07-22,3,2021-07-24,MIA,SD,MIA,Thu
MIA-SD-2021-07-22,4,2021-07-25,MIA,SD,MIA,Thu
SD-MIA-2021-08-09,1,2021-08-09,SD,MIA,SD,Mon
SD-MIA-2021-08-09,2,2021-08-10,SD,MIA,SD,Mon
SD-MIA-2021-08-09,3,2021-08-11,SD,MIA,MIA,Mon
SD-MIA-2022-05-05,1,2022-05-05,SD,MIA,SD,Thu
SD-MIA-2022-05-05,2,2022-05-06,SD,MIA,SD,Thu
SD-MIA-2022-05-05,3,2022-05-07,SD,MIA,MIA,Thu
SD-MIA-2022-05-05,4,2022-05-08,SD,MIA,SD,Thu
MIA-SD-2022-08-15,1,2022-08-15,MIA,SD,MIA,Mon
MIA-SD-2022-08-15,2,2022-08-16,MIA,SD,MIA,Mon
MIA-SD-2022-08-15,3,2022-08-17,MIA,SD,SD,Mon
MIA-SD-2023-05-30,1,2023-05-30,MIA,SD,SD,Tue
MIA-SD-2023-05-30,2,2023-05-31,MIA,SD,MIA,Tue
MIA-SD-2023-05-30,3,2023-06-01,MIA,SD,SD,Tue
SD-MIA-2023-08-21,1,2023-08-21,SD,MIA,SD,Mon
SD-MIA-2023-08-21,2,2023-08-22,SD,MIA,MIA,Mon
SD-MIA-2023-08-21,3,2023-08-23,SD,MIA,SD,Mon
SD-MIA-2024-05-27,1,2024-05-27,SD,MIA,SD,Mon
SD-MIA-2024-05-27,2,2024-05-28,SD,MIA,SD,Mon
SD-MIA-2024-05-27,3,2024-05-29,SD,MIA,MIA,Mon
MIA-SD-2024-08-09,1,2024-08-09,MIA,SD,SD,Fri
MIA-SD-2024-08-09,2,2024-08-10,MIA,SD,SD,Fri
MIA-SD-2024-08-09,3,2024-08-11,MIA,SD,MIA,Fri
SD-MIA-2025-05-26,1,2025-05-26,SD,MIA,SD,Mon
SD-MIA-2025-05-26,2,2025-05-27,SD,MIA,SD,Mon
SD-MIA-2025-05-26,3,2025-05-28,SD,MIA,MIA,Mon
MIA-SD-2025-07-21,1,2025-07-21,MIA,SD,SD,Mon
MIA-SD-2025-07-21,2,2025-07-22,MIA,SD,MIA,Mon
MIA-SD-2025-07-21,3,2025-07-23,MIA,SD,MIA,Mon
NYM-TOR-2021-07-23,1,2021-07-23,NYM,TOR,NYM,Fri
NYM-TOR-2021-07-23,2,2021-07-24,NYM,TOR,TOR,Fri
NYM-TOR-2021-07-23,3,2021-07-25,NYM,TOR,NYM,Fri
NYM-TOR-2023-06-02,1,2023-06-02,NYM,TOR,TOR,Fri
NYM-TOR-2023-06-02,2,2023-06-03,NYM,TOR,TOR,Fri
NYM-TOR-2023-06-02,3,2023-06-04,NYM,TOR,TOR,Fri
TOR-NYM-2024-09-09,1,2024-09-09,TOR,NYM,NYM,Mon
TOR-NYM-2024-09-09,2,2024-09-10,TOR,NYM,TOR,Mon
TOR-NYM-2024-09-09,3,2024-09-11,TOR,NYM,NYM,Mon
NYM-TOR-2025-04-04,1,2025-04-04,NYM,TOR,NYM,Fri
NYM-TOR-2025-04-04,2,2025-04-05,NYM,TOR,NYM,Fri
NYM-TOR-2025-04-04,3,2025-04-06,NYM,TOR,NYM,Fri
MIL-CHW-2021-07-23,1,2021-07-23,MIL,CHW,MIL,Fri
MIL-CHW-2021-07-23,2,2021-07-24,MIL,CHW,MIL,Fri
MIL-CHW-2021-07-23,3,2021-07-25,MIL,CHW,CHW,Fri
CHW-MIL-2023-08-11,1,2023-08-11,CHW,MIL,MIL,Fri
CHW-MIL-2023-08-11,2,2023-08-12,CHW,MIL,MIL,Fri
CHW-MIL-2023-08-11,3,2023-08-13,CHW,MIL,MIL,Fri
MIL-CHW-2024-05-31,1,2024-05-31,MIL,CHW,MIL,Fri
MIL-CHW-2024-05-31,2,2024-06-01,MIL,CHW,MIL,Fri
MIL-CHW-2024-05-31,3,2024-06-02,MIL,CHW,MIL,Fri
CHW-MIL-2025-04-29,1,2025-04-29,CHW,MIL,MIL,Tue
CHW-MIL-2025-04-29,2,2025-04-30,CHW,MIL,MIL,Tue
CHW-MIL-2025-04-29,3,2025-05-01,CHW,MIL,CHW,Tue
LAA-COL-2021-07-26,1,2021-07-26,LAA,COL,LAA,Mon
LAA-COL-2021-07-26,2,2021-07-27,LAA,COL,COL,Mon
LAA-COL-2021-07-26,3,2021-07-28,LAA,COL,LAA,Mon
COL-LAA-2023-06-23,1,2023-06-23,COL,LAA,COL,Fri
COL-LAA-2023-06-23,2,2023-06-24,COL,LAA,LAA,Fri
COL-LAA-2023-06-23,3,2023-06-25,COL,LAA,COL,Fri
LAA-COL-2024-07-30,1,2024-07-30,LAA,COL,LAA,Tue
LAA-COL-2024-07-30,2,2024-07-31,LAA,COL,COL,Tue
LAA-COL-2024-07-30,3,2024-08-01,LAA,COL,COL,Tue
TEX-ARI-2021-07-27,1,2021-07-27,TEX,ARI,TEX,Tue
TEX-ARI-2021-07-27,2,2021-07-28,TEX,ARI,ARI,Tue
ARI-TEX-2021-09-07,1,2021-09-07,ARI,TEX,TEX,Tue
ARI-TEX-2021-09-07,2,2021-09-08,ARI,TEX,TEX,Tue
TEX-ARI-2023-05-02,1,2023-05-02,TEX,ARI,TEX,Tue
TEX-ARI-2023-05-02,2,2023-05-03,TEX,ARI,ARI,Tue
ARI-TEX-2023-08-21,1,2023-08-21,ARI,TEX,ARI,Mon
ARI-TEX-2023-08-21,2,2023-08-22,ARI,TEX,ARI,Mon
SD-OAK-2021-07-27,1,2021-07-27,SD,OAK,SD,Tue
SD-OAK-2021-07-27,2,2021-07-28,SD,OAK,OAK,Tue
OAK-SD-2021-08-03,1,2021-08-03,OAK,SD,SD,Tue
OAK-SD-2021-08-03,2,2021-08-04,OAK,SD,OAK,Tue
OAK-SD-2023-09-15,1,2023-09-15,OAK,SD,SD,Fri
OAK-SD-2023-09-15,2,2023-09-16,OAK,SD,SD,Fri
OAK-SD-2023-09-15,3,2023-09-17,OAK,SD,SD,Fri
DET-BAL-2021-07-29,1,2021-07-29,DET,BAL,DET,Thu
DET-BAL-2021-07-29,2,2021-07-30,DET,BAL,BAL,Thu
DET-BAL-2021-07-29,3,2021-07-31,DET,BAL,BAL,Thu
DET-BAL-2021-07-29,4,2021-08-01,DET,BAL,DET,Thu
BAL-DET-2021-08-10,1,2021-08-10,BAL,DET,DET,Tue
BAL-DET-2021-08-10,2,2021-08-11,BAL,DET,DET,Tue
BAL-DET-2021-08-10,3,2021-08-12,BAL,DET,DET,Tue
DET-BAL-2022-05-13,1,2022-05-13,DET,BAL,DET,Fri
DET-BAL-2022-05-13,2,2022-05-14,DET,BAL,DET,Fri
DET-BAL-2022-05-13,3,2022-05-15,DET,BAL,DET,Fri
BAL-DET-2022-09-19,1,2022-09-19,BAL,DET,DET,Mon
BAL-DET-2022-09-19,2,2022-09-20,BAL,DET,DET,Mon
BAL-DET-2022-09-19,3,2022-09-21,BAL,DET,BAL,Mon
BAL-DET-2023-04-21,1,2023-04-21,BAL,DET,BAL,Fri
BAL-DET-2023-04-21,2,2023-04-22,BAL,DET,BAL,Fri
BAL-DET-2023-04-21,3,2023-04-23,BAL,DET,BAL,Fri
DET-BAL-2023-04-27,1,2023-04-27,DET,BAL,BAL,Thu
DET-BAL-2023-04-27,2,2023-04-29,DET,BAL,DET,Thu
DET-BAL-2023-04-27,3,2023-04-30,DET,BAL,BAL,Thu
DET-BAL-2024-09-13,1,2024-09-13,DET,BAL,DET,Fri
DET-BAL-2024-09-13,2,2024-09-14,DET,BAL,BAL,Fri
DET-BAL-2024-09-13,3,2024-09-15,DET,BAL,DET,Fri
BAL-DET-2024-09-20,1,2024-09-20,BAL,DET,BAL,Fri
BAL-DET-2024-09-20,2,2024-09-21,BAL,DET,DET,Fri
BAL-DET-2024-09-20,3,2024-09-22,BAL,DET,DET,Fri
DET-BAL-2025-04-26,1,2025-04-26,DET,BAL,DET,Sat
DET-BAL-2025-04-26,2,2025-04-27,DET,BAL,DET,Sat
BAL-DET-2025-06-10,1,2025-06-10,BAL,DET,DET,Tue
BAL-DET-2025-06-10,2,2025-06-11,BAL,DET,BAL,Tue
BAL-DET-2025-06-10,3,2025-06-12,BAL,DET,DET,Tue
PIT-PHI-2021-07-30,1,2021-07-30,PIT,PHI,PIT,Fri
PIT-PHI-2021-07-30,2,2021-07-31,PIT,PHI,PIT,Fri
PIT-PHI-2021-07-30,3,2021-08-01,PIT,PHI,PHI,Fri
PHI-PIT-2021-09-23,1,2021-09-23,PHI,PIT,PHI,Thu
PHI-PIT-2021-09-23,2,2021-09-25,PHI,PIT,PHI,Thu
PHI-PIT-2021-09-23,3,2021-09-26,PHI,PIT,PIT,Thu
PIT-PHI-2022-07-28,1,2022-07-28,PIT,PHI,PHI,Thu
PIT-PHI-2022-07-28,2,2022-07-29,PIT,PHI,PHI,Thu
PIT-PHI-2022-07-28,3,2022-07-30,PIT,PHI,PHI,Thu
PIT-PHI-2022-07-28,4,2022-07-31,PIT,PHI,PHI,Thu
PHI-PIT-2022-08-26,1,2022-08-26,PHI,PIT,PHI,Fri
PHI-PIT-2022-08-26,2,2022-08-27,PHI,PIT,PHI,Fri
PHI-PIT-2022-08-26,3,2022-08-28,PHI,PIT,PIT,Fri
PIT-PHI-2023-07-28,1,2023-07-28,PIT,PHI,PHI,Fri
PIT-PHI-2023-07-28,2,2023-07-29,PIT,PHI,PIT,Fri
PIT-PHI-2023-07-28,3,2023-07-30,PIT,PHI,PIT,Fri
PHI-PIT-2023-09-26,1,2023-09-26,PHI,PIT,PHI,Tue
PHI-PIT-2023-09-26,2,2023-09-27,PHI,PIT,PHI,Tue
PHI-PIT-2023-09-26,3,2023-09-28,PHI,PIT,PIT,Tue
PHI-PIT-2024-04-11,1,2024-04-11,PHI,PIT,PHI,Thu
PHI-PIT-2024-04-11,2,2024-04-12,PHI,PIT,PIT,Thu
PHI-PIT-2024-04-11,3,2024-04-13,PHI,PIT,PHI,Thu
PHI-PIT-2024-04-11,4,2024-04-14,PHI,PIT,PIT,Thu
PIT-PHI-2024-07-19,1,2024-07-19,PIT,PHI,PIT,Fri
PIT-PHI-2024-07-19,2,2024-07-20,PIT,PHI,PIT,Fri
PIT-PHI-2024-07-19,3,2024-07-21,PIT,PHI,PHI,Fri
PHI-PIT-2025-05-16,1,2025-05-16,PHI,PIT,PHI,Fri
PHI-PIT-2025-05-16,2,2025-05-17,PHI,PIT,PHI,Fri
PHI-PIT-2025-05-16,3,2025-05-18,PHI,PIT,PHI,Fri
PIT-PHI-2025-06-06,1,2025-06-06,PIT,PHI,PIT,Fri
PIT-PHI-2025-06-06,2,2025-06-07,PIT,PHI,PIT,Fri
PIT-PHI-2025-06-06,3,2025-06-08,PIT,PHI,PIT,Fri
MIA-NYY-2021-07-30,1,2021-07-30,MIA,NYY,NYY,Fri
MIA-NYY-2021-07-30,2,2021-07-31,MIA,NYY,NYY,Fri
MIA-NYY-2021-07-30,3,2021-08-01,MIA,NYY,NYY,Fri
MIA-NYY-2023-08-11,1,2023-08-11,MIA,NYY,NYY,Fri
MIA-NYY-2023-08-11,2,2023-08-12,MIA,NYY,MIA,Fri
MIA-NYY-2023-08-11,3,2023-08-13,MIA,NYY,MIA,Fri
NYY-MIA-2024-04-08,1,2024-04-08,NYY,MIA,NYY,Mon
NYY-MIA-2024-04-08,2,2024-04-09,NYY,MIA,NYY,Mon
NYY-MIA-2024-04-08,3,2024-04-10,NYY,MIA,MIA,Mon
MIA-NYY-2025-08-01,1,2025-08-01,MIA,NYY,MIA,Fri
MIA-NYY-2025-08-01,2,2025-08-02,MIA,NYY,MIA,Fri
MIA-NYY-2025-08-01,3,2025-08-03,MIA,NYY,MIA,Fri
STL-MIN-2021-07-30,1,2021-07-30,STL,MIN,STL,Fri
STL-MIN-2021-07-30,2,2021-07-31,STL,MIN,MIN,Fri
STL-MIN-2021-07-30,3,2021-08-01,STL,MIN,STL,Fri
STL-MIN-2023-08-01,1,2023-08-01,STL,MIN,MIN,Tue
STL-MIN-2023-08-01,2,2023-08-02,STL,MIN,STL,Tue
STL-MIN-2023-08-01,3,2023-08-03,STL,MIN,MIN,Tue
MIN-STL-2024-08-23,1,2024-08-23,MIN,STL,STL,Fri
MIN-STL-2024-08-23,2,2024-08-24,MIN,STL,MIN,Fri
MIN-STL-2024-08-23,3,2024-08-25,MIN,STL,STL,Fri
STL-MIN-2025-03-27,1,2025-03-27,STL,MIN,STL,Thu
STL-MIN-2025-03-27,2,2025-03-29,STL,MIN,STL,Thu
STL-MIN-2025-03-27,3,2025-03-30,STL,MIN,STL,Thu
SF-HOU-2021-07-30,1,2021-07-30,SF,HOU,HOU,Fri
SF-HOU-2021-07-30,2,2021-07-31,SF,HOU,SF,Fri
SF-HOU-2021-07-30,3,2021-08-01,SF,HOU,SF,Fri
HOU-SF-2023-05-01,1,2023-05-01,HOU,SF,HOU,Mon
HOU-SF-2023-05-01,2,2023-05-02,HOU,SF,SF,Mon
HOU-SF-2023-05-01,3,2023-05-03,HOU,SF,SF,Mon
SF-HOU-2024-06-10,1,2024-06-10,SF,HOU,SF,Mon
SF-HOU-2024-06-10,2,2024-06-11,SF,HOU,HOU,Mon
SF-HOU-2024-06-10,3,2024-06-12,SF,HOU,SF,Mon
HOU-SF-2025-03-31,1,2025-03-31,HOU,SF,SF,Mon
HOU-SF-2025-03-31,2,2025-04-01,HOU,SF,SF,Mon
HOU-SF-2025-03-31,3,2025-04-02,HOU,SF,SF,Mon
COL-CHC-2021-08-03,1,2021-08-03,COL,CHC,COL,Tue
COL-CHC-2021-08-03,2,2021-08-04,COL,CHC,CHC,Tue
COL-CHC-2021-08-03,3,2021-08-05,COL,CHC,COL,Tue
CHC-COL-2021-08-23,1,2021-08-23,CHC,COL,CHC,Mon
CHC-COL-2021-08-23,2,2021-08-25,CHC,COL,CHC,Mon
COL-CHC-2022-04-14,1,2022-04-14,COL,CHC,CHC,Thu
COL-CHC-2022-04-14,2,2022-04-15,COL,CHC,COL,Thu
COL-CHC-2022-04-14,3,2022-04-16,COL,CHC,COL,Thu
COL-CHC-2022-04-14,4,2022-04-17,COL,CHC,CHC,Thu
CHC-COL-2022-09-16,1,2022-09-16,CHC,COL,CHC,Fri
CHC-COL-2022-09-16,2,2022-09-17,CHC,COL,COL,Fri
CHC-COL-2022-09-16,3,2022-09-18,CHC,COL,COL,Fri
COL-CHC-2023-09-11,1,2023-09-11,COL,CHC,CHC,Mon
COL-CHC-2023-09-11,2,2023-09-12,COL,CHC,COL,Mon
COL-CHC-2023-09-11,3,2023-09-13,COL,CHC,COL,Mon
CHC-COL-2023-09-22,1,2023-09-22,CHC,COL,CHC,Fri
CHC-COL-2023-09-22,2,2023-09-23,CHC,COL,CHC,Fri
CHC-COL-2023-09-22,3,2023-09-24,CHC,COL,CHC,Fri
CHC-COL-2024-04-01,1,2024-04-01,CHC,COL,CHC,Mon
CHC-COL-2024-04-01,2,2024-04-02,CHC,COL,CHC,Mon
CHC-COL-2024-04-01,3,2024-04-03,CHC,COL,CHC,Mon
COL-CHC-2024-09-13,1,2024-09-13,COL,CHC,COL,Fri
COL-CHC-2024-09-13,2,2024-09-14,COL,CHC,COL,Fri
COL-CHC-2024-09-13,3,2024-09-15,COL,CHC,CHC,Fri
CHC-COL-2025-05-26,1,2025-05-26,CHC,COL,CHC,Mon
CHC-COL-2025-05-26,2,2025-05-27,CHC,COL,CHC,Mon
CHC-COL-2025-05-26,3,2025-05-28,CHC,COL,CHC,Mon
CHC-CHW-2021-08-06,1,2021-08-06,CHC,CHW,CHW,Fri
CHC-CHW-2021-08-06,2,2021-08-07,CHC,CHW,CHW,Fri
CHC-CHW-2021-08-06,3,2021-08-08,CHC,CHW,CHW,Fri
CHW-CHC-2021-08-27,1,2021-08-27,CHW,CHC,CHW,Fri
CHW-CHC-2021-08-27,2,2021-08-28,CHW,CHC,CHC,Fri
CHW-CHC-2021-08-27,3,2021-08-29,CHW,CHC,CHW,Fri
CHC-CHW-2022-05-03,1,2022-05-03,CHC,CHW,CHW,Tue
CHC-CHW-2022-05-03,2,2022-05-04,CHC,CHW,CHW,Tue
CHW-CHC-2022-05-28,1,2022-05-28,CHW,CHC,CHC,Sat
CHW-CHC-2022-05-28,2,2022-05-29,CHW,CHC,CHW,Sat
CHW-CHC-2023-07-25,1,2023-07-25,CHW,CHC,CHC,Tue
CHW-CHC-2023-07-25,2,2023-07-26,CHW,CHC,CHC,Tue
CHC-CHW-2023-08-15,1,2023-08-15,CHC,CHW,CHW,Tue
CHC-CHW-2023-08-15,2,2023-08-16,CHC,CHW,CHC,Tue
CHC-CHW-2024-06-04,1,2024-06-04,CHC,CHW,CHC,Tue
CHC-CHW-2024-06-04,2,2024-06-05,CHC,CHW,CHC,Tue
CHW-CHC-2024-08-09,1,2024-08-09,CHW,CHC,CHC,Fri
CHW-CHC-2024-08-09,2,2024-08-10,CHW,CHC,CHC,Fri
CHC-CHW-2025-05-16,1,2025-05-16,CHC,CHW,CHC,Fri
CHC-CHW-2025-05-16,2,2025-05-17,CHC,CHW,CHC,Fri
CHC-CHW-2025-05-16,3,2025-05-18,CHC,CHW,CHC,Fri
CHW-CHC-2025-07-25,1,2025-07-25,CHW,CHC,CHW,Fri
CHW-CHC-2025-07-25,2,2025-07-26,CHW,CHC,CHC,Fri
CHW-CHC-2025-07-25,3,2025-07-27,CHW,CHC,CHC,Fri
MIL-SF-2021-08-06,1,2021-08-06,MIL,SF,MIL,Fri
MIL-SF-2021-08-06,2,2021-08-07,MIL,SF,SF,Fri
MIL-SF-2021-08-06,3,2021-08-08,MIL,SF,SF,Fri
SF-MIL-2021-08-30,1,2021-08-30,SF,MIL,MIL,Mon
SF-MIL-2021-08-30,2,2021-08-31,SF,MIL,MIL,Mon
SF-MIL-2021-08-30,3,2021-09-01,SF,MIL,MIL,Mon
SF-MIL-2021-08-30,4,2021-09-02,SF,MIL,SF,Mon
MIL-SF-2022-04-25,1,2022-04-25,MIL,SF,SF,Mon
SF-MIL-2022-07-14,1,2022-07-14,SF,MIL,MIL,Thu
SF-MIL-2022-07-14,2,2022-07-15,SF,MIL,SF,Thu
SF-MIL-2022-07-14,3,2022-07-16,SF,MIL,SF,Thu
SF-MIL-2022-07-14,4,2022-07-17,SF,MIL,SF,Thu
MIL-SF-2022-09-08,1,2022-09-08,MIL,SF,MIL,Thu
SF-MIL-2023-05-05,1,2023-05-05,SF,MIL,SF,Fri
SF-MIL-2023-05-05,2,2023-05-06,SF,MIL,SF,Fri
SF-MIL-2023-05-05,3,2023-05-07,SF,MIL,MIL,Fri
MIL-SF-2023-05-25,1,2023-05-25,MIL,SF,SF,Thu
MIL-SF-2023-05-25,2,2023-05-26,MIL,SF,SF,Thu
MIL-SF-2023-05-25,3,2023-05-27,MIL,SF,SF,Thu
MIL-SF-2023-05-25,4,2023-05-28,MIL,SF,MIL,Thu
MIL-SF-2024-08-27,1,2024-08-27,MIL,SF,SF,Tue
MIL-SF-2024-08-27,2,2024-08-28,MIL,SF,MIL,Tue
MIL-SF-2024-08-27,3,2024-08-29,MIL,SF,MIL,Tue
SF-MIL-2024-09-10,1,2024-09-10,SF,MIL,MIL,Tue
SF-MIL-2024-09-10,2,2024-09-11,SF,MIL,SF,Tue
SF-MIL-2024-09-10,3,2024-09-12,SF,MIL,MIL,Tue
SF-MIL-2025-04-21,1,2025-04-21,SF,MIL,SF,Mon
SF-MIL-2025-04-21,2,2025-04-22,SF,MIL,MIL,Mon
SF-MIL-2025-04-21,3,2025-04-23,SF,MIL,SF,Mon
SF-MIL-2025-04-21,4,2025-04-24,SF,MIL,SF,Mon
STL-KC-2021-08-06,1,2021-08-06,STL,KC,STL,Fri
STL-KC-2021-08-06,2,2021-08-07,STL,KC,STL,Fri
STL-KC-2021-08-06,3,2021-08-08,STL,KC,KC,Fri
KC-STL-2021-08-13,1,2021-08-13,KC,STL,STL,Fri
KC-STL-2021-08-13,2,2021-08-14,KC,STL,STL,Fri
KC-STL-2021-08-13,3,2021-08-15,KC,STL,STL,Fri
STL-KC-2022-04-12,1,2022-04-12,STL,KC,STL,Tue
STL-KC-2022-05-02,1,2022-05-02,STL,KC,STL,Mon
KC-STL-2022-05-03,1,2022-05-03,KC,STL,KC,Tue
KC-STL-2022-05-03,2,2022-05-04,KC,STL,STL,Tue
STL-KC-2023-05-29,1,2023-05-29,STL,KC,KC,Mon
STL-KC-2023-05-29,2,2023-05-30,STL,KC,STL,Mon
KC-STL-2023-08-11,1,2023-08-11,KC,STL,KC,Fri
KC-STL-2023-08-11,2,2023-08-12,KC,STL,STL,Fri
STL-KC-2024-07-10,1,2024-07-10,STL,KC,KC,Wed
KC-STL-2024-08-09,1,2024-08-09,KC,STL,STL,Fri
KC-STL-2024-08-09,2,2024-08-10,KC,STL,KC,Fri
KC-STL-2025-05-16,1,2025-05-16,KC,STL,STL,Fri
KC-STL-2025-05-16,2,2025-05-17,KC,STL,STL,Fri
KC-STL-2025-05-16,3,2025-05-18,KC,STL,KC,Fri
STL-KC-2025-06-03,1,2025-06-03,STL,KC,KC,Tue
STL-KC-2025-06-03,2,2025-06-05,STL,KC,STL,Tue
NYM-LAD-2021-08-13,1,2021-08-13,NYM,LAD,LAD,Fri
NYM-LAD-2021-08-13,2,2021-08-14,NYM,LAD,LAD,Fri
NYM-LAD-2021-08-13,3,2021-08-15,NYM,LAD,LAD,Fri
LAD-NYM-2021-08-19,1,2021-08-19,LAD,NYM,LAD,Thu
LAD-NYM-2021-08-19,2,2021-08-20,LAD,NYM,LAD,Thu
LAD-NYM-2021-08-19,3,2021-08-21,LAD,NYM,LAD,Thu
LAD-NYM-2021-08-19,4,2021-08-22,LAD,NYM,NYM,Thu
LAD-NYM-2022-06-02,1,2022-06-02,LAD,NYM,LAD,Thu
LAD-NYM-2022-06-02,2,2022-06-03,LAD,NYM,LAD,Thu
LAD-NYM-2022-06-02,3,2022-06-04,LAD,NYM,NYM,Thu
LAD-NYM-2022-06-02,4,2022-06-05,LAD,NYM,NYM,Thu
NYM-LAD-2022-08-30,1,2022-08-30,NYM,LAD,LAD,Tue
NYM-LAD-2022-08-30,2,2022-08-31,NYM,LAD,NYM,Tue
NYM-LAD-2022-08-30,3,2022-09-01,NYM,LAD,NYM,Tue
LAD-NYM-2023-04-17,1,2023-04-17,LAD,NYM,NYM,Mon
LAD-NYM-2023-04-17,2,2023-04-18,LAD,NYM,LAD,Mon
LAD-NYM-2023-04-17,3,2023-04-19,LAD,NYM,NYM,Mon
NYM-LAD-2023-07-14,1,2023-07-14,NYM,LAD,LAD,Fri
NYM-LAD-2023-07-14,2,2023-07-15,NYM,LAD,LAD,Fri
NYM-LAD-2023-07-14,3,2023-07-16,NYM,LAD,NYM,Fri
LAD-NYM-2024-04-19,1,2024-04-19,LAD,NYM,NYM,Fri
LAD-NYM-2024-04-19,2,2024-04-20,LAD,NYM,NYM,Fri
LAD-NYM-2024-04-19,3,2024-04-21,LAD,NYM,LAD,Fri
NYM-LAD-2024-05-28,1,2024-05-28,NYM,LAD,LAD,Tue
NYM-LAD-2024-05-28,2,2024-05-29,NYM,LAD,LAD,Tue
NYM-LAD-2025-05-23,1,2025-05-23,NYM,LAD,LAD,Fri
NYM-LAD-2025-05-23,2,2025-05-24,NYM,LAD,NYM,Fri
NYM-LAD-2025-05-23,3,2025-05-25,NYM,LAD,NYM,Fri
LAD-NYM-2025-06-02,1,2025-06-02,LAD,NYM,NYM,Mon
LAD-NYM-2025-06-02,2,2025-06-03,LAD,NYM,LAD,Mon
LAD-NYM-2025-06-02,3,2025-06-04,LAD,NYM,NYM,Mon
LAD-NYM-2025-06-02,4,2025-06-05,LAD,NYM,LAD,Mon
MIN-TB-2021-08-13,1,2021-08-13,MIN,TB,TB,Fri
MIN-TB-2021-08-13,2,2021-08-14,MIN,TB,MIN,Fri
MIN-TB-2021-08-13,3,2021-08-15,MIN,TB,MIN,Fri
TB-MIN-2021-09-03,1,2021-09-03,TB,MIN,TB,Fri
TB-MIN-2021-09-03,2,2021-09-04,TB,MIN,TB,Fri
TB-MIN-2021-09-03,3,2021-09-05,TB,MIN,MIN,Fri
TB-MIN-2022-04-29,1,2022-04-29,TB,MIN,TB,Fri
TB-MIN-2022-04-29,2,2022-04-30,TB,MIN,MIN,Fri
TB-MIN-2022-04-29,3,2022-05-01,TB,MIN,MIN,Fri
MIN-TB-2022-06-10,1,2022-06-10,MIN,TB,MIN,Fri
MIN-TB-2022-06-10,2,2022-06-11,MIN,TB,MIN,Fri
MIN-TB-2022-06-10,3,2022-06-12,MIN,TB,TB,Fri
TB-MIN-2023-06-06,1,2023-06-06,TB,MIN,TB,Tue
TB-MIN-2023-06-06,2,2023-06-07,TB,MIN,TB,Tue
TB-MIN-2023-06-06,3,2023-06-08,TB,MIN,TB,Tue
MIN-TB-2023-09-11,1,2023-09-11,MIN,TB,TB,Mon
MIN-TB-2023-09-11,2,2023-09-12,MIN,TB,MIN,Mon
MIN-TB-2023-09-11,3,2023-09-13,MIN,TB,TB,Mon
MIN-TB-2024-06-18,1,2024-06-18,MIN,TB,MIN,Tue
MIN-TB-2024-06-18,2,2024-06-19,MIN,TB,TB,Tue
MIN-TB-2024-06-18,3,2024-06-20,MIN,TB,TB,Tue
TB-MIN-2024-09-02,1,2024-09-02,TB,MIN,MIN,Mon
TB-MIN-2024-09-02,2,2024-09-03,TB,MIN,TB,Mon
TB-MIN-2024-09-02,3,2024-09-04,TB,MIN,TB,Mon
TB-MIN-2024-09-02,4,2024-09-05,TB,MIN,MIN,Mon
TB-MIN-2025-05-26,1,2025-05-26,TB,MIN,TB,Mon
TB-MIN-2025-05-26,2,2025-05-27,TB,MIN,MIN,Mon
TB-MIN-2025-05-26,3,2025-05-28,TB,MIN,TB,Mon
MIN-TB-2025-07-04,1,2025-07-04,MIN,TB,MIN,Fri
MIN-TB-2025-07-04,2,2025-07-05,MIN,TB,MIN,Fri
MIN-TB-2025-07-04,3,2025-07-06,MIN,TB,TB,Fri
CHW-OAK-2021-08-16,1,2021-08-16,CHW,OAK,CHW,Mon
CHW-OAK-2021-08-16,2,2021-08-17,CHW,OAK,CHW,Mon
CHW-OAK-2021-08-16,3,2021-08-18,CHW,OAK,CHW,Mon
CHW-OAK-2021-08-16,4,2021-08-19,CHW,OAK,OAK,Mon
OAK-CHW-2021-09-07,1,2021-09-07,OAK,CHW,CHW,Tue
OAK-CHW-2021-09-07,2,2021-09-08,OAK,CHW,OAK,Tue
OAK-CHW-2021-09-07,3,2021-09-09,OAK,CHW,OAK,Tue
CHW-OAK-2022-07-29,1,2022-07-29,CHW,OAK,OAK,Fri
CHW-OAK-2022-07-29,2,2022-07-30,CHW,OAK,CHW,Fri
CHW-OAK-2022-07-29,3,2022-07-31,CHW,OAK,CHW,Fri
OAK-CHW-2022-09-08,1,2022-09-08,OAK,CHW,CHW,Thu
OAK-CHW-2022-09-08,2,2022-09-09,OAK,CHW,CHW,Thu
OAK-CHW-2022-09-08,3,2022-09-10,OAK,CHW,CHW,Thu
OAK-CHW-2022-09-08,4,2022-09-11,OAK,CHW,OAK,Thu
OAK-CHW-2023-06-30,1,2023-06-30,OAK,CHW,OAK,Fri
OAK-CHW-2023-06-30,2,2023-07-01,OAK,CHW,OAK,Fri
OAK-CHW-2023-06-30,3,2023-07-02,OAK,CHW,CHW,Fri
CHW-OAK-2023-08-24,1,2023-08-24,CHW,OAK,OAK,Thu
CHW-OAK-2023-08-24,2,2023-08-25,CHW,OAK,OAK,Thu
CHW-OAK-2023-08-24,3,2023-08-26,CHW,OAK,CHW,Thu
CHW-OAK-2023-08-24,4,2023-08-27,CHW,OAK,CHW,Thu
CHW-OAK-2024-09-15,1,2024-09-15,CHW,OAK,CHW,Sun
KC-HOU-2021-08-16,1,2021-08-16,KC,HOU,KC,Mon
KC-HOU-2021-08-16,2,2021-08-17,KC,HOU,KC,Mon
KC-HOU-2021-08-16,3,2021-08-18,KC,HOU,KC,Mon
KC-HOU-2021-08-16,4,2021-08-19,KC,HOU,HOU,Mon
HOU-KC-2021-08-23,1,2021-08-23,HOU,KC,KC,Mon
HOU-KC-2021-08-23,2,2021-08-24,HOU,KC,HOU,Mon
HOU-KC-2021-08-23,3,2021-08-25,HOU,KC,HOU,Mon
KC-HOU-2022-06-03,1,2022-06-03,KC,HOU,HOU,Fri
KC-HOU-2022-06-03,2,2022-06-04,KC,HOU,KC,Fri
KC-HOU-2022-06-03,3,2022-06-05,KC,HOU,HOU,Fri
HOU-KC-2022-07-04,1,2022-07-04,HOU,KC,HOU,Mon
HOU-KC-2022-07-04,2,2022-07-05,HOU,KC,HOU,Mon
HOU-KC-2022-07-04,3,2022-07-06,HOU,KC,KC,Mon
HOU-KC-2022-07-04,4,2022-07-07,HOU,KC,HOU,Mon
KC-HOU-2023-09-15,1,2023-09-15,KC,HOU,KC,Fri
KC-HOU-2023-09-15,2,2023-09-16,KC,HOU,KC,Fri
KC-HOU-2023-09-15,3,2023-09-17,KC,HOU,HOU,Fri
HOU-KC-2023-09-22,1,2023-09-22,HOU,KC,KC,Fri
HOU-KC-2023-09-22,2,2023-09-23,HOU,KC,KC,Fri
HOU-KC-2023-09-22,3,2023-09-24,HOU,KC,KC,Fri
KC-HOU-2024-04-09,1,2024-04-09,KC,HOU,KC,Tue
KC-HOU-2024-04-09,2,2024-04-10,KC,HOU,KC,Tue
KC-HOU-2024-04-09,3,2024-04-11,KC,HOU,KC,Tue
HOU-KC-2024-08-29,1,2024-08-29,HOU,KC,HOU,Thu
HOU-KC-2024-08-29,2,2024-08-30,HOU,KC,HOU,Thu
HOU-KC-2024-08-29,3,2024-08-31,HOU,KC,HOU,Thu
HOU-KC-2024-08-29,4,2024-09-01,HOU,KC,HOU,Thu
KC-HOU-2025-04-25,1,2025-04-25,KC,HOU,KC,Fri
KC-HOU-2025-04-25,2,2025-04-26,KC,HOU,KC,Fri
KC-HOU-2025-04-25,3,2025-04-27,KC,HOU,HOU,Fri
HOU-KC-2025-05-12,1,2025-05-12,HOU,KC,KC,Mon
HOU-KC-2025-05-12,2,2025-05-13,HOU,KC,HOU,Mon
HOU-KC-2025-05-12,3,2025-05-14,HOU,KC,HOU,Mon
SF-NYM-2021-08-16,1,2021-08-16,SF,NYM,SF,Mon
SF-NYM-2021-08-16,2,2021-08-17,SF,NYM,SF,Mon
SF-NYM-2021-08-16,3,2021-08-18,SF,NYM,NYM,Mon
NYM-SF-2021-08-24,1,2021-08-24,NYM,SF,SF,Tue
NYM-SF-2021-08-24,2,2021-08-25,NYM,SF,SF,Tue
NYM-SF-2021-08-24,3,2021-08-26,NYM,SF,SF,Tue
NYM-SF-2022-04-19,1,2022-04-19,NYM,SF,NYM,Tue
NYM-SF-2022-04-19,2,2022-04-20,NYM,SF,SF,Tue
NYM-SF-2022-04-19,3,2022-04-21,NYM,SF,NYM,Tue
SF-NYM-2022-05-23,1,2022-05-23,SF,NYM,NYM,Mon
SF-NYM-2022-05-23,2,2022-05-24,SF,NYM,SF,Mon
SF-NYM-2022-05-23,3,2022-05-25,SF,NYM,SF,Mon
SF-NYM-2023-04-20,1,2023-04-20,SF,NYM,NYM,Thu
SF-NYM-2023-04-20,2,2023-04-21,SF,NYM,NYM,Thu
SF-NYM-2023-04-20,3,2023-04-22,SF,NYM,SF,Thu
SF-NYM-2023-04-20,4,2023-04-23,SF,NYM,SF,Thu
NYM-SF-2023-06-30,1,2023-06-30,NYM,SF,SF,Fri
NYM-SF-2023-06-30,2,2023-07-01,NYM,SF,NYM,Fri
NYM-SF-2023-06-30,3,2023-07-02,NYM,SF,NYM,Fri
SF-NYM-2024-04-22,1,2024-04-22,SF,NYM,SF,Mon
SF-NYM-2024-04-22,2,2024-04-23,SF,NYM,SF,Mon
SF-NYM-2024-04-22,3,2024-04-24,SF,NYM,NYM,Mon
NYM-SF-2024-05-24,1,2024-05-24,NYM,SF,SF,Fri
NYM-SF-2024-05-24,2,2024-05-25,NYM,SF,SF,Fri
NYM-SF-2024-05-24,3,2024-05-26,NYM,SF,NYM,Fri
SF-NYM-2025-07-25,1,2025-07-25,SF,NYM,NYM,Fri
SF-NYM-2025-07-25,2,2025-07-26,SF,NYM,NYM,Fri
SF-NYM-2025-07-25,3,2025-07-27,SF,NYM,NYM,Fri
NYM-SF-2025-08-01,1,2025-08-01,NYM,SF,SF,Fri
NYM-SF-2025-08-01,2,2025-08-02,NYM,SF,NYM,Fri
NYM-SF-2025-08-01,3,2025-08-03,NYM,SF,SF,Fri
ARI-PHI-2021-08-17,1,2021-08-17,ARI,PHI,ARI,Tue
ARI-PHI-2021-08-17,2,2021-08-18,ARI,PHI,ARI,Tue
ARI-PHI-2021-08-17,3,2021-08-19,ARI,PHI,ARI,Tue
PHI-ARI-2021-08-26,1,2021-08-26,PHI,ARI,ARI,Thu
PHI-ARI-2021-08-26,2,2021-08-27,PHI,ARI,PHI,Thu
PHI-ARI-2021-08-26,3,2021-08-28,PHI,ARI,PHI,Thu
PHI-ARI-2021-08-26,4,2021-08-29,PHI,ARI,PHI,Thu
PHI-ARI-2022-06-10,1,2022-06-10,PHI,ARI,PHI,Fri
PHI-ARI-2022-06-10,2,2022-06-11,PHI,ARI,PHI,Fri
PHI-ARI-2022-06-10,3,2022-06-12,PHI,ARI,ARI,Fri
ARI-PHI-2022-08-29,1,2022-08-29,ARI,PHI,ARI,Mon
ARI-PHI-2022-08-29,2,2022-08-30,ARI,PHI,ARI,Mon
ARI-PHI-2022-08-29,3,2022-08-31,ARI,PHI,PHI,Mon
PHI-ARI-2023-05-22,1,2023-05-22,PHI,ARI,ARI,Mon
PHI-ARI-2023-05-22,2,2023-05-23,PHI,ARI,ARI,Mon
PHI-ARI-2023-05-22,3,2023-05-24,PHI,ARI,PHI,Mon
ARI-PHI-2023-06-12,1,2023-06-12,ARI,PHI,ARI,Mon
ARI-PHI-2023-06-12,2,2023-06-13,ARI,PHI,PHI,Mon
ARI-PHI-2023-06-12,3,2023-06-14,ARI,PHI,PHI,Mon
ARI-PHI-2023-06-12,4,2023-06-15,ARI,PHI,PHI,Mon
CIN-MIA-2021-08-19,1,2021-08-19,CIN,MIA,CIN,Thu
CIN-MIA-2021-08-19,2,2021-08-20,CIN,MIA,CIN,Thu
CIN-MIA-2021-08-19,3,2021-08-21,CIN,MIA,CIN,Thu
CIN-MIA-2021-08-19,4,2021-08-22,CIN,MIA,CIN,Thu
MIA-CIN-2021-08-27,1,2021-08-27,MIA,CIN,CIN,Fri
MIA-CIN-2021-08-27,2,2021-08-28,MIA,CIN,MIA,Fri
MIA-CIN-2021-08-27,3,2021-08-29,MIA,CIN,MIA,Fri
CIN-MIA-2022-07-25,1,2022-07-25,CIN,MIA,CIN,Mon
CIN-MIA-2022-07-25,2,2022-07-26,CIN,MIA,MIA,Mon
CIN-MIA-2022-07-25,3,2022-07-27,CIN,MIA,CIN,Mon
CIN-MIA-2022-07-25,4,2022-07-28,CIN,MIA,MIA,Mon
MIA-CIN-2022-08-01,1,2022-08-01,MIA,CIN,CIN,Mon
MIA-CIN-2022-08-01,2,2022-08-02,MIA,CIN,CIN,Mon
MIA-CIN-2022-08-01,3,2022-08-03,MIA,CIN,MIA,Mon
MIA-CIN-2023-05-12,1,2023-05-12,MIA,CIN,CIN,Fri
MIA-CIN-2023-05-12,2,2023-05-13,MIA,CIN,CIN,Fri
MIA-CIN-2023-05-12,3,2023-05-14,MIA,CIN,MIA,Fri
CIN-MIA-2023-08-07,1,2023-08-07,CIN,MIA,CIN,Mon
CIN-MIA-2023-08-07,2,2023-08-08,CIN,MIA,MIA,Mon
CIN-MIA-2023-08-07,3,2023-08-09,CIN,MIA,MIA,Mon
CIN-MIA-2024-07-12,1,2024-07-12,CIN,MIA,CIN,Fri
CIN-MIA-2024-07-12,2,2024-07-13,CIN,MIA,CIN,Fri
CIN-MIA-2024-07-12,3,2024-07-14,CIN,MIA,MIA,Fri
MIA-CIN-2024-08-05,1,2024-08-05,MIA,CIN,CIN,Mon
MIA-CIN-2024-08-05,2,2024-08-06,MIA,CIN,CIN,Mon
MIA-CIN-2024-08-05,3,2024-08-07,MIA,CIN,MIA,Mon
MIA-CIN-2024-08-05,4,2024-08-08,MIA,CIN,CIN,Mon
MIA-CIN-2025-04-21,1,2025-04-21,MIA,CIN,MIA,Mon
MIA-CIN-2025-04-21,2,2025-04-22,MIA,CIN,MIA,Mon
MIA-CIN-2025-04-21,3,2025-04-23,MIA,CIN,CIN,Mon
CIN-MIA-2025-07-07,1,2025-07-07,CIN,MIA,MIA,Mon
CIN-MIA-2025-07-07,2,2025-07-08,CIN,MIA,MIA,Mon
CIN-MIA-2025-07-07,3,2025-07-09,CIN,MIA,CIN,Mon
CIN-MIA-2025-07-07,4,2025-07-10,CIN,MIA,CIN,Mon
CHC-KC-2021-08-20,1,2021-08-20,CHC,KC,KC,Fri
CHC-KC-2021-08-20,2,2021-08-21,CHC,KC,KC,Fri
CHC-KC-2021-08-20,3,2021-08-22,CHC,KC,KC,Fri
CHC-KC-2023-08-18,1,2023-08-18,CHC,KC,KC,Fri
CHC-KC-2023-08-18,2,2023-08-19,CHC,KC,CHC,Fri
CHC-KC-2023-08-18,3,2023-08-20,CHC,KC,CHC,Fri
KC-CHC-2024-07-26,1,2024-07-26,KC,CHC,KC,Fri
KC-CHC-2024-07-26,2,2024-07-27,KC,CHC,CHC,Fri
KC-CHC-2024-07-26,3,2024-07-28,KC,CHC,CHC,Fri
CHC-KC-2025-07-21,1,2025-07-21,CHC,KC,KC,Mon
CHC-KC-2025-07-21,2,2025-07-22,CHC,KC,CHC,Mon
CHC-KC-2025-07-21,3,2025-07-23,CHC,KC,KC,Mon
BAL-ATL-2021-08-20,1,2021-08-20,BAL,ATL,ATL,Fri
BAL-ATL-2021-08-20,2,2021-08-21,BAL,ATL,ATL,Fri
BAL-ATL-2021-08-20,3,2021-08-22,BAL,ATL,ATL,Fri
ATL-BAL-2023-05-05,1,2023-05-05,ATL,BAL,BAL,Fri
ATL-BAL-2023-05-05,2,2023-05-06,ATL,BAL,ATL,Fri
ATL-BAL-2023-05-05,3,2023-05-07,ATL,BAL,ATL,Fri
BAL-ATL-2024-06-11,1,2024-06-11,BAL,ATL,BAL,Tue
BAL-ATL-2024-06-11,2,2024-06-12,BAL,ATL,BAL,Tue
BAL-ATL-2024-06-11,3,2024-06-13,BAL,ATL,ATL,Tue
ATL-BAL-2025-07-04,1,2025-07-04,ATL,BAL,BAL,Fri
ATL-BAL-2025-07-04,2,2025-07-05,ATL,BAL,BAL,Fri
ATL-BAL-2025-07-04,3,2025-07-06,ATL,BAL,BAL,Fri
TOR-DET-2021-08-20,1,2021-08-20,TOR,DET,DET,Fri
TOR-DET-2021-08-20,2,2021-08-21,TOR,DET,TOR,Fri
TOR-DET-2021-08-20,3,2021-08-22,TOR,DET,DET,Fri
DET-TOR-2021-08-27,1,2021-08-27,DET,TOR,DET,Fri
DET-TOR-2021-08-27,2,2021-08-28,DET,TOR,TOR,Fri
DET-TOR-2021-08-27,3,2021-08-29,DET,TOR,TOR,Fri
DET-TOR-2022-06-10,1,2022-06-10,DET,TOR,TOR,Fri
DET-TOR-2022-06-10,2,2022-06-11,DET,TOR,DET,Fri
DET-TOR-2022-06-10,3,2022-06-12,DET,TOR,TOR,Fri
TOR-DET-2022-07-28,1,2022-07-28,TOR,DET,TOR,Thu
TOR-DET-2022-07-28,2,2022-07-29,TOR,DET,DET,Thu
TOR-DET-2022-07-28,3,2022-07-30,TOR,DET,TOR,Thu
TOR-DET-2022-07-28,4,2022-07-31,TOR,DET,TOR,Thu
TOR-DET-2023-04-11,1,2023-04-11,TOR,DET,TOR,Tue
TOR-DET-2023-04-11,2,2023-04-12,TOR,DET,TOR,Tue
TOR-DET-2023-04-11,3,2023-04-13,TOR,DET,DET,Tue
DET-TOR-2023-07-07,1,2023-07-07,DET,TOR,TOR,Fri
DET-TOR-2023-07-07,2,2023-07-08,DET,TOR,DET,Fri
DET-TOR-2023-07-07,3,2023-07-09,DET,TOR,TOR,Fri
DET-TOR-2024-05-23,1,2024-05-23,DET,TOR,TOR,Thu
DET-TOR-2024-05-23,2,2024-05-24,DET,TOR,DET,Thu
DET-TOR-2024-05-23,3,2024-05-25,DET,TOR,DET,Thu
DET-TOR-2024-05-23,4,2024-05-26,DET,TOR,DET,Thu
TOR-DET-2024-07-19,1,2024-07-19,TOR,DET,DET,Fri
TOR-DET-2024-07-19,2,2024-07-20,TOR,DET,DET,Fri
TOR-DET-2024-07-19,3,2024-07-21,TOR,DET,TOR,Fri
TOR-DET-2025-05-16,1,2025-05-16,TOR,DET,DET,Fri
TOR-DET-2025-05-16,2,2025-05-17,TOR,DET,TOR,Fri
TOR-DET-2025-05-16,3,2025-05-18,TOR,DET,DET,Fri
DET-TOR-2025-07-24,1,2025-07-24,DET,TOR,TOR,Thu
DET-TOR-2025-07-24,2,2025-07-25,DET,TOR,TOR,Thu
DET-TOR-2025-07-24,3,2025-07-26,DET,TOR,TOR,Thu
DET-TOR-2025-07-24,4,2025-07-27,DET,TOR,DET,Thu
SEA-KC-2021-08-26,1,2021-08-26,SEA,KC,KC,Thu
SEA-KC-2021-08-26,2,2021-08-27,SEA,KC,KC,Thu
SEA-KC-2021-08-26,3,2021-08-28,SEA,KC,KC,Thu
SEA-KC-2021-08-26,4,2021-08-29,SEA,KC,SEA,Thu
KC-SEA-2021-09-17,1,2021-09-17,KC,SEA,SEA,Fri
KC-SEA-2021-09-17,2,2021-09-18,KC,SEA,KC,Fri
KC-SEA-2021-09-17,3,2021-09-19,KC,SEA,SEA,Fri
SEA-KC-2022-04-22,1,2022-04-22,SEA,KC,SEA,Fri
SEA-KC-2022-04-22,2,2022-04-23,SEA,KC,SEA,Fri
SEA-KC-2022-04-22,3,2022-04-24,SEA,KC,SEA,Fri
KC-SEA-2022-09-23,1,2022-09-23,KC,SEA,KC,Fri
KC-SEA-2022-09-23,2,2022-09-24,KC,SEA,SEA,Fri
KC-SEA-2022-09-23,3,2022-09-25,KC,SEA,KC,Fri
KC-SEA-2023-08-14,1,2023-08-14,KC,SEA,KC,Mon
KC-SEA-2023-08-14,2,2023-08-15,KC,SEA,SEA,Mon
KC-SEA-2023-08-14,3,2023-08-16,KC,SEA,SEA,Mon
KC-SEA-2023-08-14,4,2023-08-17,KC,SEA,SEA,Mon
SEA-KC-2023-08-25,1,2023-08-25,SEA,KC,SEA,Fri
SEA-KC-2023-08-25,2,2023-08-26,SEA,KC,SEA,Fri
SEA-KC-2023-08-25,3,2023-08-27,SEA,KC,SEA,Fri
SEA-KC-2024-05-13,1,2024-05-13,SEA,KC,SEA,Mon
SEA-KC-2024-05-13,2,2024-05-14,SEA,KC,KC,Mon
SEA-KC-2024-05-13,3,2024-05-15,SEA,KC,SEA,Mon
KC-SEA-2024-06-07,1,2024-06-07,KC,SEA,KC,Fri
KC-SEA-2024-06-07,2,2024-06-08,KC,SEA,KC,Fri
KC-SEA-2024-06-07,3,2024-06-09,KC,SEA,SEA,Fri
SEA-KC-2025-06-30,1,2025-06-30,SEA,KC,SEA,Mon
SEA-KC-2025-06-30,2,2025-07-01,SEA,KC,KC,Mon
SEA-KC-2025-06-30,3,2025-07-02,SEA,KC,SEA,Mon
SEA-KC-2025-06-30,4,2025-07-03,SEA,KC,KC,Mon
ATL-SF-2021-08-27,1,2021-08-27,ATL,SF,ATL,Fri
ATL-SF-2021-08-27,2,2021-08-28,ATL,SF,SF,Fri
ATL-SF-2021-08-27,3,2021-08-29,ATL,SF,ATL,Fri
SF-ATL-2021-09-17,1,2021-09-17,SF,ATL,SF,Fri
SF-ATL-2021-09-17,2,2021-09-18,SF,ATL,SF,Fri
SF-ATL-2021-09-17,3,2021-09-19,SF,ATL,ATL,Fri
ATL-SF-2022-06-20,1,2022-06-20,ATL,SF,ATL,Mon
ATL-SF-2022-06-20,2,2022-06-21,ATL,SF,SF,Mon
ATL-SF-2022-06-20,3,2022-06-22,ATL,SF,ATL,Mon
ATL-SF-2022-06-20,4,2022-06-23,ATL,SF,ATL,Mon
SF-ATL-2022-09-12,1,2022-09-12,SF,ATL,SF,Mon
SF-ATL-2022-09-12,2,2022-09-13,SF,ATL,ATL,Mon
SF-ATL-2022-09-12,3,2022-09-14,SF,ATL,SF,Mon
ATL-SF-2023-08-18,1,2023-08-18,ATL,SF,ATL,Fri
ATL-SF-2023-08-18,2,2023-08-19,ATL,SF,ATL,Fri
ATL-SF-2023-08-18,3,2023-08-20,ATL,SF,SF,Fri
SF-ATL-2023-08-25,1,2023-08-25,SF,ATL,ATL,Fri
SF-ATL-2023-08-25,2,2023-08-26,SF,ATL,ATL,Fri
SF-ATL-2023-08-25,3,2023-08-27,SF,ATL,SF,Fri
ATL-SF-2024-07-02,1,2024-07-02,ATL,SF,SF,Tue
ATL-SF-2024-07-02,2,2024-07-03,ATL,SF,ATL,Tue
ATL-SF-2024-07-02,3,2024-07-04,ATL,SF,SF,Tue
SF-ATL-2024-08-12,1,2024-08-12,SF,ATL,ATL,Mon
SF-ATL-2024-08-12,2,2024-08-13,SF,ATL,ATL,Mon
SF-ATL-2024-08-12,3,2024-08-14,SF,ATL,ATL,Mon
SF-ATL-2024-08-12,4,2024-08-15,SF,ATL,SF,Mon
SF-ATL-2025-06-06,1,2025-06-06,SF,ATL,SF,Fri
SF-ATL-2025-06-06,2,2025-06-07,SF,ATL,SF,Fri
SF-ATL-2025-06-06,3,2025-06-08,SF,ATL,SF,Fri
ATL-SF-2025-07-21,1,2025-07-21,ATL,SF,ATL,Mon
ATL-SF-2025-07-21,2,2025-07-22,ATL,SF,SF,Mon
ATL-SF-2025-07-21,3,2025-07-23,ATL,SF,SF,Mon
LAA-SD-2021-08-27,1,2021-08-27,LAA,SD,SD,Fri
LAA-SD-2021-08-27,2,2021-08-28,LAA,SD,LAA,Fri
SD-LAA-2021-09-07,1,2021-09-07,SD,LAA,LAA,Tue
SD-LAA-2021-09-07,2,2021-09-08,SD,LAA,SD,Tue
SD-LAA-2023-07-03,1,2023-07-03,SD,LAA,SD,Mon
SD-LAA-2023-07-03,2,2023-07-04,SD,LAA,SD,Mon
SD-LAA-2023-07-03,3,2023-07-05,SD,LAA,SD,Mon
LAA-SD-2024-06-03,1,2024-06-03,LAA,SD,LAA,Mon
LAA-SD-2024-06-03,2,2024-06-04,LAA,SD,LAA,Mon
LAA-SD-2024-06-03,3,2024-06-05,LAA,SD,LAA,Mon
SD-LAA-2025-05-12,1,2025-05-12,SD,LAA,LAA,Mon
SD-LAA-2025-05-12,2,2025-05-13,SD,LAA,SD,Mon
SD-LAA-2025-05-12,3,2025-05-14,SD,LAA,SD,Mon
MIN-CHC-2021-08-31,1,2021-08-31,MIN,CHC,CHC,Tue
MIN-CHC-2021-08-31,2,2021-09-01,MIN,CHC,CHC,Tue
CHC-MIN-2021-09-21,1,2021-09-21,CHC,MIN,MIN,Tue
CHC-MIN-2021-09-21,2,2021-09-22,CHC,MIN,MIN,Tue
MIN-CHC-2023-05-12,1,2023-05-12,MIN,CHC,CHC,Fri
MIN-CHC-2023-05-12,2,2023-05-13,MIN,CHC,MIN,Fri
MIN-CHC-2023-05-12,3,2023-05-14,MIN,CHC,MIN,Fri
CHC-MIN-2024-08-05,1,2024-08-05,CHC,MIN,MIN,Mon
CHC-MIN-2024-08-05,2,2024-08-06,CHC,MIN,CHC,Mon
CHC-MIN-2024-08-05,3,2024-08-07,CHC,MIN,CHC,Mon
MIN-CHC-2025-07-08,1,2025-07-08,MIN,CHC,MIN,Tue
MIN-CHC-2025-07-08,2,2025-07-09,MIN,CHC,MIN,Tue
MIN-CHC-2025-07-08,3,2025-07-10,MIN,CHC,CHC,Tue
COL-ATL-2021-09-02,1,2021-09-02,COL,ATL,ATL,Thu
COL-ATL-2021-09-02,2,2021-09-03,COL,ATL,COL,Thu
COL-ATL-2021-09-02,3,2021-09-04,COL,ATL,COL,Thu
COL-ATL-2021-09-02,4,2021-09-05,COL,ATL,ATL,Thu
ATL-COL-2021-09-14,1,2021-09-14,ATL,COL,COL,Tue
ATL-COL-2021-09-14,2,2021-09-15,ATL,COL,COL,Tue
COL-ATL-2022-06-02,1,2022-06-02,COL,ATL,ATL,Thu
COL-ATL-2022-06-02,2,2022-06-03,COL,ATL,ATL,Thu
COL-ATL-2022-06-02,3,2022-06-04,COL,ATL,ATL,Thu
COL-ATL-2022-06-02,4,2022-06-05,COL,ATL,ATL,Thu
ATL-COL-2022-08-30,1,2022-08-30,ATL,COL,COL,Tue
ATL-COL-2022-08-30,2,2022-08-31,ATL,COL,ATL,Tue
ATL-COL-2022-08-30,3,2022-09-01,ATL,COL,ATL,Tue
ATL-COL-2023-06-15,1,2023-06-15,ATL,COL,ATL,Thu
ATL-COL-2023-06-15,2,2023-06-16,ATL,COL,ATL,Thu
ATL-COL-2023-06-15,3,2023-06-17,ATL,COL,ATL,Thu
ATL-COL-2023-06-15,4,2023-06-18,ATL,COL,ATL,Thu
COL-ATL-2023-08-28,1,2023-08-28,COL,ATL,ATL,Mon
COL-ATL-2023-08-28,2,2023-08-29,COL,ATL,ATL,Mon
COL-ATL-2023-08-28,3,2023-08-30,COL,ATL,ATL,Mon
COL-ATL-2024-08-09,1,2024-08-09,COL,ATL,COL,Fri
COL-ATL-2024-08-09,2,2024-08-10,COL,ATL,ATL,Fri
COL-ATL-2024-08-09,3,2024-08-11,COL,ATL,COL,Fri
ATL-COL-2024-09-03,1,2024-09-03,ATL,COL,ATL,Tue
ATL-COL-2024-09-03,2,2024-09-04,ATL,COL,ATL,Tue
ATL-COL-2024-09-03,3,2024-09-05,ATL,COL,COL,Tue
COL-ATL-2025-04-28,1,2025-04-28,COL,ATL,ATL,Mon
COL-ATL-2025-04-28,2,2025-04-29,COL,ATL,ATL,Mon
COL-ATL-2025-04-28,3,2025-04-30,COL,ATL,COL,Mon
ATL-COL-2025-06-13,1,2025-06-13,ATL,COL,ATL,Fri
ATL-COL-2025-06-13,2,2025-06-14,ATL,COL,ATL,Fri
ATL-COL-2025-06-13,3,2025-06-15,ATL,COL,COL,Fri
CIN-DET-2021-09-03,1,2021-09-03,CIN,DET,DET,Fri
CIN-DET-2021-09-03,2,2021-09-04,CIN,DET,CIN,Fri
CIN-DET-2021-09-03,3,2021-09-05,CIN,DET,DET,Fri
DET-CIN-2023-09-12,1,2023-09-12,DET,CIN,CIN,Tue
DET-CIN-2023-09-12,2,2023-09-13,DET,CIN,CIN,Tue
DET-CIN-2023-09-12,3,2023-09-14,DET,CIN,DET,Tue
CIN-DET-2024-07-05,1,2024-07-05,CIN,DET,DET,Fri
CIN-DET-2024-07-05,2,2024-07-06,CIN,DET,DET,Fri
CIN-DET-2024-07-05,3,2024-07-07,CIN,DET,DET,Fri
DET-CIN-2025-06-13,1,2025-06-13,DET,CIN,DET,Fri
DET-CIN-2025-06-13,2,2025-06-14,DET,CIN,CIN,Fri
DET-CIN-2025-06-13,3,2025-06-15,DET,CIN,CIN,Fri
ARI-SEA-2021-09-03,1,2021-09-03,ARI,SEA,SEA,Fri
ARI-SEA-2021-09-03,2,2021-09-04,ARI,SEA,SEA,Fri
ARI-SEA-2021-09-03,3,2021-09-05,ARI,SEA,SEA,Fri
SEA-ARI-2021-09-10,1,2021-09-10,SEA,ARI,SEA,Fri
SEA-ARI-2021-09-10,2,2021-09-11,SEA,ARI,ARI,Fri
SEA-ARI-2021-09-10,3,2021-09-12,SEA,ARI,ARI,Fri
ARI-SEA-2023-07-28,1,2023-07-28,ARI,SEA,SEA,Fri
ARI-SEA-2023-07-28,2,2023-07-29,ARI,SEA,ARI,Fri
ARI-SEA-2023-07-28,3,2023-07-30,ARI,SEA,SEA,Fri
DET-TB-2021-09-10,1,2021-09-10,DET,TB,DET,Fri
DET-TB-2021-09-10,2,2021-09-11,DET,TB,TB,Fri
DET-TB-2021-09-10,3,2021-09-12,DET,TB,DET,Fri
TB-DET-2021-09-16,1,2021-09-16,TB,DET,TB,Thu
TB-DET-2021-09-16,2,2021-09-17,TB,DET,TB,Thu
TB-DET-2021-09-16,3,2021-09-18,TB,DET,DET,Thu
TB-DET-2021-09-16,4,2021-09-19,TB,DET,DET,Thu
TB-DET-2022-05-16,1,2022-05-16,TB,DET,DET,Mon
TB-DET-2022-05-16,2,2022-05-17,TB,DET,TB,Mon
TB-DET-2022-05-16,3,2022-05-18,TB,DET,TB,Mon
DET-TB-2022-08-04,1,2022-08-04,DET,TB,TB,Thu
DET-TB-2022-08-04,2,2022-08-05,DET,TB,TB,Thu
DET-TB-2022-08-04,3,2022-08-06,DET,TB,DET,Thu
DET-TB-2022-08-04,4,2022-08-07,DET,TB,TB,Thu
TB-DET-2023-03-30,1,2023-03-30,TB,DET,TB,Thu
TB-DET-2023-03-30,2,2023-04-01,TB,DET,TB,Thu
TB-DET-2023-03-30,3,2023-04-02,TB,DET,TB,Thu
DET-TB-2023-08-04,1,2023-08-04,DET,TB,TB,Fri
DET-TB-2023-08-04,2,2023-08-05,DET,TB,DET,Fri
DET-TB-2023-08-04,3,2023-08-06,DET,TB,TB,Fri
TB-DET-2024-04-22,1,2024-04-22,TB,DET,DET,Mon
TB-DET-2024-04-22,2,2024-04-23,TB,DET,DET,Mon
TB-DET-2024-04-22,3,2024-04-24,TB,DET,TB,Mon
DET-TB-2024-09-24,1,2024-09-24,DET,TB,DET,Tue
DET-TB-2024-09-24,2,2024-09-25,DET,TB,DET,Tue
DET-TB-2024-09-24,3,2024-09-26,DET,TB,DET,Tue
TB-DET-2025-06-20,1,2025-06-20,TB,DET,TB,Fri
TB-DET-2025-06-20,2,2025-06-21,TB,DET,TB,Fri
TB-DET-2025-06-20,3,2025-06-22,TB,DET,DET,Fri
DET-TB-2025-07-07,1,2025-07-07,DET,TB,DET,Mon
DET-TB-2025-07-07,2,2025-07-08,DET,TB,DET,Mon
DET-TB-2025-07-07,3,2025-07-09,DET,TB,TB,Mon
WAS-COL-2021-09-17,1,2021-09-17,WAS,COL,COL,Fri
WAS-COL-2021-09-17,2,2021-09-18,WAS,COL,COL,Fri
WAS-COL-2021-09-17,3,2021-09-19,WAS,COL,WAS,Fri
COL-WAS-2021-09-27,1,2021-09-27,COL,WAS,WAS,Mon
COL-WAS-2021-09-27,2,2021-09-28,COL,WAS,COL,Mon
COL-WAS-2021-09-27,3,2021-09-29,COL,WAS,COL,Mon
COL-WAS-2022-05-03,1,2022-05-03,COL,WAS,WAS,Tue
COL-WAS-2022-05-03,2,2022-05-04,COL,WAS,COL,Tue
COL-WAS-2022-05-03,3,2022-05-05,COL,WAS,COL,Tue
WAS-COL-2022-05-26,1,2022-05-26,WAS,COL,WAS,Thu
WAS-COL-2022-05-26,2,2022-05-28,WAS,COL,WAS,Thu
WAS-COL-2022-05-26,3,2022-05-29,WAS,COL,WAS,Thu
COL-WAS-2023-04-06,1,2023-04-06,COL,WAS,COL,Thu
COL-WAS-2023-04-06,2,2023-04-07,COL,WAS,WAS,Thu
COL-WAS-2023-04-06,3,2023-04-08,COL,WAS,WAS,Thu
COL-WAS-2023-04-06,4,2023-04-09,COL,WAS,COL,Thu
WAS-COL-2023-07-24,1,2023-07-24,WAS,COL,COL,Mon
WAS-COL-2023-07-24,2,2023-07-25,WAS,COL,WAS,Mon
WAS-COL-2023-07-24,3,2023-07-26,WAS,COL,WAS,Mon
COL-WAS-2024-06-21,1,2024-06-21,COL,WAS,WAS,Fri
COL-WAS-2024-06-21,2,2024-06-22,COL,WAS,COL,Fri
COL-WAS-2024-06-21,3,2024-06-23,COL,WAS,WAS,Fri
WAS-COL-2024-08-20,1,2024-08-20,WAS,COL,COL,Tue
WAS-COL-2024-08-20,2,2024-08-21,WAS,COL,WAS,Tue
WAS-COL-2024-08-20,3,2024-08-22,WAS,COL,WAS,Tue
COL-WAS-2025-04-19,1,2025-04-19,COL,WAS,WAS,Sat
COL-WAS-2025-04-19,2,2025-04-20,COL,WAS,WAS,Sat
WAS-COL-2025-06-16,1,2025-06-16,WAS,COL,COL,Mon
WAS-COL-2025-06-16,2,2025-06-17,WAS,COL,COL,Mon
WAS-COL-2025-06-16,3,2025-06-18,WAS,COL,COL,Mon
WAS-COL-2025-06-16,4,2025-06-19,WAS,COL,WAS,Mon
TOR-MIN-2021-09-17,1,2021-09-17,TOR,MIN,MIN,Fri
TOR-MIN-2021-09-17,2,2021-09-18,TOR,MIN,TOR,Fri
TOR-MIN-2021-09-17,3,2021-09-19,TOR,MIN,TOR,Fri
MIN-TOR-2021-09-23,1,2021-09-23,MIN,TOR,MIN,Thu
MIN-TOR-2021-09-23,2,2021-09-25,MIN,TOR,TOR,Thu
MIN-TOR-2021-09-23,3,2021-09-26,MIN,TOR,TOR,Thu
TOR-MIN-2022-06-03,1,2022-06-03,TOR,MIN,MIN,Fri
TOR-MIN-2022-06-03,2,2022-06-04,TOR,MIN,TOR,Fri
TOR-MIN-2022-06-03,3,2022-06-05,TOR,MIN,MIN,Fri
MIN-TOR-2022-08-04,1,2022-08-04,MIN,TOR,TOR,Thu
MIN-TOR-2022-08-04,2,2022-08-05,MIN,TOR,MIN,Thu
MIN-TOR-2022-08-04,3,2022-08-06,MIN,TOR,MIN,Thu
MIN-TOR-2022-08-04,4,2022-08-07,MIN,TOR,TOR,Thu
MIN-TOR-2023-05-26,1,2023-05-26,MIN,TOR,TOR,Fri
MIN-TOR-2023-05-26,2,2023-05-27,MIN,TOR,MIN,Fri
MIN-TOR-2023-05-26,3,2023-05-28,MIN,TOR,TOR,Fri
TOR-MIN-2023-06-09,1,2023-06-09,TOR,MIN,MIN,Fri
TOR-MIN-2023-06-09,2,2023-06-10,TOR,MIN,MIN,Fri
TOR-MIN-2023-06-09,3,2023-06-11,TOR,MIN,TOR,Fri
TOR-MIN-2024-05-10,1,2024-05-10,TOR,MIN,MIN,Fri
TOR-MIN-2024-05-10,2,2024-05-11,TOR,MIN,TOR,Fri
TOR-MIN-2024-05-10,3,2024-05-12,TOR,MIN,MIN,Fri
MIN-TOR-2024-08-30,1,2024-08-30,MIN,TOR,MIN,Fri
MIN-TOR-2024-08-30,2,2024-08-31,MIN,TOR,TOR,Fri
MIN-TOR-2024-08-30,3,2024-09-01,MIN,TOR,MIN,Fri
MIN-TOR-2025-06-06,1,2025-06-06,MIN,TOR,TOR,Fri
MIN-TOR-2025-06-06,2,2025-06-07,MIN,TOR,TOR,Fri
MIN-TOR-2025-06-06,3,2025-06-08,MIN,TOR,MIN,Fri
HOU-ARI-2021-09-17,1,2021-09-17,HOU,ARI,HOU,Fri
HOU-ARI-2021-09-17,2,2021-09-18,HOU,ARI,ARI,Fri
HOU-ARI-2021-09-17,3,2021-09-19,HOU,ARI,HOU,Fri
ARI-HOU-2022-04-12,1,2022-04-12,ARI,HOU,HOU,Tue
ARI-HOU-2022-04-12,2,2022-04-13,ARI,HOU,ARI,Tue
HOU-ARI-2022-09-27,1,2022-09-27,HOU,ARI,HOU,Tue
HOU-ARI-2022-09-27,2,2022-09-28,HOU,ARI,ARI,Tue
ARI-HOU-2023-09-29,1,2023-09-29,ARI,HOU,HOU,Fri
ARI-HOU-2023-09-29,2,2023-09-30,ARI,HOU,HOU,Fri
ARI-HOU-2023-09-29,3,2023-10-01,ARI,HOU,HOU,Fri
PHI-BAL-2021-09-20,1,2021-09-20,PHI,BAL,BAL,Mon
PHI-BAL-2021-09-20,2,2021-09-21,PHI,BAL,PHI,Mon
PHI-BAL-2021-09-20,3,2021-09-22,PHI,BAL,PHI,Mon
PHI-BAL-2023-07-24,1,2023-07-24,PHI,BAL,BAL,Mon
PHI-BAL-2023-07-24,2,2023-07-25,PHI,BAL,PHI,Mon
PHI-BAL-2023-07-24,3,2023-07-26,PHI,BAL,PHI,Mon
BAL-PHI-2024-06-14,1,2024-06-14,BAL,PHI,PHI,Fri
BAL-PHI-2024-06-14,2,2024-06-15,BAL,PHI,BAL,Fri
BAL-PHI-2024-06-14,3,2024-06-16,BAL,PHI,BAL,Fri
PHI-BAL-2025-08-04,1,2025-08-04,PHI,BAL,PHI,Mon
PHI-BAL-2025-08-04,2,2025-08-05,PHI,BAL,PHI,Mon
PHI-BAL-2025-08-04,3,2025-08-06,PHI,BAL,BAL,Mon
WAS-BOS-2021-10-01,1,2021-10-01,WAS,BOS,BOS,Fri
WAS-BOS-2021-10-01,2,2021-10-02,WAS,BOS,BOS,Fri
WAS-BOS-2021-10-01,3,2021-10-03,WAS,BOS,BOS,Fri
WAS-BOS-2023-08-15,1,2023-08-15,WAS,BOS,BOS,Tue
WAS-BOS-2023-08-15,2,2023-08-16,WAS,BOS,WAS,Tue
WAS-BOS-2023-08-15,3,2023-08-17,WAS,BOS,WAS,Tue
BOS-WAS-2024-05-10,1,2024-05-10,BOS,WAS,WAS,Fri
BOS-WAS-2024-05-10,2,2024-05-11,BOS,WAS,BOS,Fri
BOS-WAS-2024-05-10,3,2024-05-12,BOS,WAS,BOS,Fri
WAS-BOS-2025-07-04,1,2025-07-04,WAS,BOS,BOS,Fri
WAS-BOS-2025-07-04,2,2025-07-05,WAS,BOS,BOS,Fri
WAS-BOS-2025-07-04,3,2025-07-06,WAS,BOS,BOS,Fri
KC-CLE-2022-04-07,1,2022-04-07,KC,CLE,KC,Thu
KC-CLE-2022-04-07,2,2022-04-09,KC,CLE,KC,Thu
KC-CLE-2022-04-07,3,2022-04-10,KC,CLE,CLE,Thu
KC-CLE-2022-04-07,4,2022-04-11,KC,CLE,CLE,Thu
CLE-KC-2022-05-30,1,2022-05-30,CLE,KC,CLE,Mon
CLE-KC-2022-05-30,2,2022-05-31,CLE,KC,CLE,Mon
CLE-KC-2022-05-30,3,2022-06-01,CLE,KC,CLE,Mon
KC-CLE-2022-07-08,1,2022-07-08,KC,CLE,KC,Fri
KC-CLE-2022-07-08,2,2022-07-09,KC,CLE,CLE,Fri
KC-CLE-2022-07-08,3,2022-07-10,KC,CLE,KC,Fri
KC-CLE-2022-09-05,1,2022-09-05,KC,CLE,CLE,Mon
KC-CLE-2022-09-05,2,2022-09-06,KC,CLE,CLE,Mon
KC-CLE-2022-09-05,3,2022-09-07,KC,CLE,KC,Mon
CLE-KC-2022-09-30,1,2022-09-30,CLE,KC,CLE,Fri
CLE-KC-2022-09-30,2,2022-10-01,CLE,KC,KC,Fri
CLE-KC-2022-09-30,3,2022-10-02,CLE,KC,CLE,Fri
CLE-KC-2022-09-30,4,2022-10-03,CLE,KC,KC,Fri
CLE-KC-2022-09-30,5,2022-10-04,CLE,KC,CLE,Fri
CLE-KC-2022-09-30,6,2022-10-05,CLE,KC,CLE,Fri
KC-CLE-2023-06-27,1,2023-06-27,KC,CLE,CLE,Tue
KC-CLE-2023-06-27,2,2023-06-28,KC,CLE,CLE,Tue
KC-CLE-2023-06-27,3,2023-06-29,KC,CLE,KC,Tue
CLE-KC-2023-07-06,1,2023-07-06,CLE,KC,CLE,Thu
CLE-KC-2023-07-06,2,2023-07-07,CLE,KC,CLE,Thu
CLE-KC-2023-07-06,3,2023-07-08,CLE,KC,CLE,Thu
CLE-KC-2023-07-06,4,2023-07-09,CLE,KC,KC,Thu
CLE-KC-2023-07-24,1,2023-07-24,CLE,KC,KC,Mon
CLE-KC-2023-07-24,2,2023-07-25,CLE,KC,CLE,Mon
CLE-KC-2023-07-24,3,2023-07-26,CLE,KC,CLE,Mon
KC-CLE-2023-09-18,1,2023-09-18,KC,CLE,KC,Mon
KC-CLE-2023-09-18,2,2023-09-19,KC,CLE,KC,Mon
KC-CLE-2023-09-18,3,2023-09-20,KC,CLE,KC,Mon
CLE-KC-2024-06-04,1,2024-06-04,CLE,KC,CLE,Tue
CLE-KC-2024-06-04,2,2024-06-06,CLE,KC,KC,Tue
KC-CLE-2024-06-27,1,2024-06-27,KC,CLE,KC,Thu
KC-CLE-2024-06-27,2,2024-06-28,KC,CLE,KC,Thu
KC-CLE-2024-06-27,3,2024-06-29,KC,CLE,CLE,Thu
KC-CLE-2024-06-27,4,2024-06-30,KC,CLE,KC,Thu
CLE-KC-2024-08-26,1,2024-08-26,CLE,KC,KC,Mon
CLE-KC-2024-08-26,2,2024-08-27,CLE,KC,KC,Mon
CLE-KC-2024-08-26,3,2024-08-28,CLE,KC,CLE,Mon
KC-CLE-2024-09-02,1,2024-09-02,KC,CLE,CLE,Mon
KC-CLE-2024-09-02,2,2024-09-03,KC,CLE,CLE,Mon
KC-CLE-2024-09-02,3,2024-09-04,KC,CLE,KC,Mon
KC-CLE-2025-03-27,1,2025-03-27,KC,CLE,CLE,Thu
KC-CLE-2025-03-27,2,2025-03-29,KC,CLE,KC,Thu
KC-CLE-2025-03-27,3,2025-03-30,KC,CLE,CLE,Thu
CLE-KC-2025-04-11,1,2025-04-11,CLE,KC,CLE,Fri
CLE-KC-2025-04-11,2,2025-04-12,CLE,KC,CLE,Fri
CLE-KC-2025-04-11,3,2025-04-13,CLE,KC,KC,Fri
KC-CLE-2025-07-26,1,2025-07-26,KC,CLE,KC,Sat
KC-CLE-2025-07-26,2,2025-07-27,KC,CLE,KC,Sat
PHI-OAK-2022-04-08,1,2022-04-08,PHI,OAK,PHI,Fri
PHI-OAK-2022-04-08,2,2022-04-09,PHI,OAK,PHI,Fri
PHI-OAK-2022-04-08,3,2022-04-10,PHI,OAK,OAK,Fri
OAK-PHI-2023-06-16,1,2023-06-16,OAK,PHI,PHI,Fri
OAK-PHI-2023-06-16,2,2023-06-17,OAK,PHI,PHI,Fri
OAK-PHI-2023-06-16,3,2023-06-18,OAK,PHI,PHI,Fri
BAL-MIL-2022-04-11,1,2022-04-11,BAL,MIL,BAL,Mon
BAL-MIL-2022-04-11,2,2022-04-12,BAL,MIL,MIL,Mon
BAL-MIL-2022-04-11,3,2022-04-13,BAL,MIL,MIL,Mon
MIL-BAL-2023-06-06,1,2023-06-06,MIL,BAL,MIL,Tue
MIL-BAL-2023-06-06,2,2023-06-07,MIL,BAL,MIL,Tue
MIL-BAL-2023-06-06,3,2023-06-08,MIL,BAL,BAL,Tue
BAL-MIL-2024-04-12,1,2024-04-12,BAL,MIL,MIL,Fri
BAL-MIL-2024-04-12,2,2024-04-13,BAL,MIL,MIL,Fri
BAL-MIL-2024-04-12,3,2024-04-14,BAL,MIL,BAL,Fri
MIL-BAL-2025-05-19,1,2025-05-19,MIL,BAL,MIL,Mon
MIL-BAL-2025-05-19,2,2025-05-20,MIL,BAL,MIL,Mon
MIL-BAL-2025-05-19,3,2025-05-21,MIL,BAL,BAL,Mon
LAA-MIA-2022-04-11,1,2022-04-11,LAA,MIA,LAA,Mon
LAA-MIA-2022-04-11,2,2022-04-12,LAA,MIA,LAA,Mon
MIA-LAA-2022-07-05,1,2022-07-05,MIA,LAA,MIA,Tue
MIA-LAA-2022-07-05,2,2022-07-06,MIA,LAA,LAA,Tue
LAA-MIA-2023-05-26,1,2023-05-26,LAA,MIA,MIA,Fri
LAA-MIA-2023-05-26,2,2023-05-27,LAA,MIA,MIA,Fri
LAA-MIA-2023-05-26,3,2023-05-28,LAA,MIA,MIA,Fri
MIA-LAA-2024-04-01,1,2024-04-01,MIA,LAA,LAA,Mon
MIA-LAA-2024-04-01,2,2024-04-02,MIA,LAA,LAA,Mon
MIA-LAA-2024-04-01,3,2024-04-03,MIA,LAA,LAA,Mon
LAA-MIA-2025-05-23,1,2025-05-23,LAA,MIA,LAA,Fri
LAA-MIA-2025-05-23,2,2025-05-24,LAA,MIA,MIA,Fri
LAA-MIA-2025-05-23,3,2025-05-25,LAA,MIA,MIA,Fri
CIN-CLE-2022-04-12,1,2022-04-12,CIN,CLE,CLE,Tue
CIN-CLE-2022-04-12,2,2022-04-13,CIN,CLE,CLE,Tue
CLE-CIN-2022-05-17,1,2022-05-17,CLE,CIN,CIN,Tue
CLE-CIN-2022-05-17,2,2022-05-19,CLE,CIN,CIN,Tue
CIN-CLE-2023-08-15,1,2023-08-15,CIN,CLE,CLE,Tue
CIN-CLE-2023-08-15,2,2023-08-16,CIN,CLE,CIN,Tue
CLE-CIN-2023-09-26,1,2023-09-26,CLE,CIN,CIN,Tue
CLE-CIN-2023-09-26,2,2023-09-27,CLE,CIN,CLE,Tue
CIN-CLE-2024-06-11,1,2024-06-11,CIN,CLE,CLE,Tue
CIN-CLE-2024-06-11,2,2024-06-12,CIN,CLE,CIN,Tue
CLE-CIN-2024-09-24,1,2024-09-24,CLE,CIN,CLE,Tue
CLE-CIN-2024-09-24,2,2024-09-25,CLE,CIN,CLE,Tue
CIN-CLE-2025-05-16,1,2025-05-16,CIN,CLE,CIN,Fri
CIN-CLE-2025-05-16,2,2025-05-17,CIN,CLE,CIN,Fri
CIN-CLE-2025-05-16,3,2025-05-18,CIN,CLE,CIN,Fri
CLE-CIN-2025-06-09,1,2025-06-09,CLE,CIN,CIN,Mon
CLE-CIN-2025-06-09,2,2025-06-10,CLE,CIN,CIN,Mon
CLE-CIN-2025-06-09,3,2025-06-11,CLE,CIN,CLE,Mon
MIN-LAD-2022-04-12,1,2022-04-12,MIN,LAD,LAD,Tue
MIN-LAD-2022-04-12,2,2022-04-13,MIN,LAD,LAD,Tue
LAD-MIN-2022-08-09,1,2022-08-09,LAD,MIN,LAD,Tue
LAD-MIN-2022-08-09,2,2022-08-10,LAD,MIN,LAD,Tue
LAD-MIN-2023-05-15,1,2023-05-15,LAD,MIN,LAD,Mon
LAD-MIN-2023-05-15,2,2023-05-16,LAD,MIN,MIN,Mon
LAD-MIN-2023-05-15,3,2023-05-17,LAD,MIN,LAD,Mon
MIN-LAD-2024-04-08,1,2024-04-08,MIN,LAD,LAD,Mon
MIN-LAD-2024-04-08,2,2024-04-09,MIN,LAD,LAD,Mon
MIN-LAD-2024-04-08,3,2024-04-10,MIN,LAD,MIN,Mon
LAD-MIN-2025-07-21,1,2025-07-21,LAD,MIN,LAD,Mon
LAD-MIN-2025-07-21,2,2025-07-22,LAD,MIN,MIN,Mon
LAD-MIN-2025-07-21,3,2025-07-23,LAD,MIN,LAD,Mon
CLE-SF-2022-04-15,1,2022-04-15,CLE,SF,SF,Fri
CLE-SF-2022-04-15,2,2022-04-16,CLE,SF,SF,Fri
CLE-SF-2022-04-15,3,2022-04-17,CLE,SF,SF,Fri
SF-CLE-2023-09-11,1,2023-09-11,SF,CLE,SF,Mon
SF-CLE-2023-09-11,2,2023-09-12,SF,CLE,CLE,Mon
SF-CLE-2023-09-11,3,2023-09-13,SF,CLE,SF,Mon
CLE-SF-2024-07-05,1,2024-07-05,CLE,SF,SF,Fri
CLE-SF-2024-07-05,2,2024-07-06,CLE,SF,CLE,Fri
CLE-SF-2024-07-05,3,2024-07-07,CLE,SF,CLE,Fri
SF-CLE-2025-06-17,1,2025-06-17,SF,CLE,CLE,Tue
SF-CLE-2025-06-17,2,2025-06-18,SF,CLE,CLE,Tue
SF-CLE-2025-06-17,3,2025-06-19,SF,CLE,SF,Tue
CHC-TB-2022-04-18,1,2022-04-18,CHC,TB,CHC,Mon
CHC-TB-2022-04-18,2,2022-04-19,CHC,TB,TB,Mon
CHC-TB-2022-04-18,3,2022-04-20,CHC,TB,TB,Mon
CHC-TB-2023-05-29,1,2023-05-29,CHC,TB,CHC,Mon
CHC-TB-2023-05-29,2,2023-05-30,CHC,TB,CHC,Mon
CHC-TB-2023-05-29,3,2023-05-31,CHC,TB,TB,Mon
TB-CHC-2024-06-11,1,2024-06-11,TB,CHC,TB,Tue
TB-CHC-2024-06-11,2,2024-06-12,TB,CHC,CHC,Tue
TB-CHC-2024-06-11,3,2024-06-13,TB,CHC,TB,Tue
CLE-CHW-2022-04-20,1,2022-04-20,CLE,CHW,CLE,Wed
CLE-CHW-2022-04-20,2,2022-04-21,CLE,CHW,CLE,Wed
CHW-CLE-2022-05-09,1,2022-05-09,CHW,CLE,CLE,Mon
CHW-CLE-2022-05-09,2,2022-05-10,CHW,CLE,CHW,Mon
CLE-CHW-2022-07-11,1,2022-07-11,CLE,CHW,CLE,Mon
CLE-CHW-2022-07-11,2,2022-07-12,CLE,CHW,CLE,Mon
CLE-CHW-2022-07-11,3,2022-07-13,CLE,CHW,CHW,Mon
CHW-CLE-2022-07-22,1,2022-07-22,CHW,CLE,CLE,Fri
CHW-CLE-2022-07-22,2,2022-07-23,CHW,CLE,CLE,Fri
CHW-CLE-2022-07-22,3,2022-07-24,CHW,CLE,CHW,Fri
CLE-CHW-2022-08-19,1,2022-08-19,CLE,CHW,CLE,Fri
CLE-CHW-2022-08-19,2,2022-08-20,CLE,CHW,CHW,Fri
CLE-CHW-2022-09-15,1,2022-09-15,CLE,CHW,CHW,Thu
CHW-CLE-2022-09-20,1,2022-09-20,CHW,CLE,CLE,Tue
CHW-CLE-2022-09-20,2,2022-09-21,CHW,CLE,CLE,Tue
CHW-CLE-2022-09-20,3,2022-09-22,CHW,CLE,CLE,Tue
CHW-CLE-2023-05-16,1,2023-05-16,CHW,CLE,CHW,Tue
CHW-CLE-2023-05-16,2,2023-05-17,CHW,CLE,CHW,Tue
CHW-CLE-2023-05-16,3,2023-05-18,CHW,CLE,CLE,Tue
CLE-CHW-2023-05-22,1,2023-05-22,CLE,CHW,CLE,Mon
CLE-CHW-2023-05-22,2,2023-05-23,CLE,CHW,CHW,Mon
CLE-CHW-2023-05-22,3,2023-05-24,CLE,CHW,CHW,Mon
CHW-CLE-2023-07-27,1,2023-07-27,CHW,CLE,CLE,Thu
CHW-CLE-2023-07-27,2,2023-07-28,CHW,CLE,CHW,Thu
CHW-CLE-2023-07-27,3,2023-07-29,CHW,CLE,CHW,Thu
CHW-CLE-2023-07-27,4,2023-07-30,CHW,CLE,CLE,Thu
CLE-CHW-2023-08-04,1,2023-08-04,CLE,CHW,CLE,Fri
CLE-CHW-2023-08-04,2,2023-08-05,CLE,CHW,CHW,Fri
CLE-CHW-2023-08-04,3,2023-08-06,CLE,CHW,CHW,Fri
CLE-CHW-2024-04-08,1,2024-04-08,CLE,CHW,CLE,Mon
CLE-CHW-2024-04-08,2,2024-04-09,CLE,CHW,CHW,Mon
CLE-CHW-2024-04-08,3,2024-04-10,CLE,CHW,CLE,Mon
CHW-CLE-2024-05-09,1,2024-05-09,CHW,CLE,CHW,Thu
CHW-CLE-2024-05-09,2,2024-05-10,CHW,CLE,CHW,Thu
CHW-CLE-2024-05-09,3,2024-05-11,CHW,CLE,CHW,Thu
CHW-CLE-2024-05-09,4,2024-05-12,CHW,CLE,CLE,Thu
CLE-CHW-2024-07-02,1,2024-07-02,CLE,CHW,CLE,Tue
CLE-CHW-2024-07-02,2,2024-07-03,CLE,CHW,CHW,Tue
CLE-CHW-2024-07-02,3,2024-07-04,CLE,CHW,CLE,Tue
CHW-CLE-2024-09-09,1,2024-09-09,CHW,CLE,CLE,Mon
CHW-CLE-2024-09-09,2,2024-09-10,CHW,CLE,CLE,Mon
CHW-CLE-2024-09-09,3,2024-09-11,CHW,CLE,CLE,Mon
CLE-CHW-2025-04-08,1,2025-04-08,CLE,CHW,CLE,Tue
CLE-CHW-2025-04-08,2,2025-04-09,CLE,CHW,CLE,Tue
CLE-CHW-2025-04-08,3,2025-04-10,CLE,CHW,CLE,Tue
CHW-CLE-2025-07-11,1,2025-07-11,CHW,CLE,CLE,Fri
CHW-CLE-2025-07-11,2,2025-07-12,CHW,CLE,CLE,Fri
CHW-CLE-2025-07-11,3,2025-07-13,CHW,CLE,CLE,Fri
CHW-CLE-2025-08-08,1,2025-08-08,CHW,CLE,CLE,Fri
CHW-CLE-2025-08-08,2,2025-08-09,CHW,CLE,CLE,Fri
CHW-CLE-2025-08-08,3,2025-08-10,CHW,CLE,CHW,Fri
NYY-CLE-2022-04-22,1,2022-04-22,NYY,CLE,NYY,Fri
NYY-CLE-2022-04-22,2,2022-04-23,NYY,CLE,NYY,Fri
NYY-CLE-2022-04-22,3,2022-04-24,NYY,CLE,NYY,Fri
CLE-NYY-2022-07-02,1,2022-07-02,CLE,NYY,NYY,Sat
CLE-NYY-2022-07-02,2,2022-07-03,CLE,NYY,CLE,Sat
CLE-NYY-2023-04-10,1,2023-04-10,CLE,NYY,CLE,Mon
CLE-NYY-2023-04-10,2,2023-04-11,CLE,NYY,NYY,Mon
CLE-NYY-2023-04-10,3,2023-04-12,CLE,NYY,NYY,Mon
NYY-CLE-2023-05-01,1,2023-05-01,NYY,CLE,CLE,Mon
NYY-CLE-2023-05-01,2,2023-05-02,NYY,CLE,NYY,Mon
NYY-CLE-2023-05-01,3,2023-05-03,NYY,CLE,NYY,Mon
CLE-NYY-2024-04-13,1,2024-04-13,CLE,NYY,NYY,Sat
CLE-NYY-2024-04-13,2,2024-04-14,CLE,NYY,CLE,Sat
NYY-CLE-2024-08-20,1,2024-08-20,NYY,CLE,CLE,Tue
NYY-CLE-2024-08-20,2,2024-08-21,NYY,CLE,NYY,Tue
NYY-CLE-2024-08-20,3,2024-08-22,NYY,CLE,NYY,Tue
CLE-NYY-2025-04-21,1,2025-04-21,CLE,NYY,CLE,Mon
CLE-NYY-2025-04-21,2,2025-04-22,CLE,NYY,CLE,Mon
CLE-NYY-2025-04-21,3,2025-04-23,CLE,NYY,NYY,Mon
NYY-CLE-2025-06-03,1,2025-06-03,NYY,CLE,NYY,Tue
NYY-CLE-2025-06-03,2,2025-06-04,NYY,CLE,CLE,Tue
NYY-CLE-2025-06-03,3,2025-06-05,NYY,CLE,NYY,Tue
DET-COL-2022-04-23,1,2022-04-23,DET,COL,DET,Sat
DET-COL-2022-04-23,2,2022-04-24,DET,COL,COL,Sat
COL-DET-2023-06-30,1,2023-06-30,COL,DET,COL,Fri
COL-DET-2023-06-30,2,2023-07-01,COL,DET,DET,Fri
COL-DET-2023-06-30,3,2023-07-02,COL,DET,DET,Fri
DET-COL-2024-09-10,1,2024-09-10,DET,COL,DET,Tue
DET-COL-2024-09-10,2,2024-09-11,DET,COL,DET,Tue
DET-COL-2024-09-10,3,2024-09-12,DET,COL,COL,Tue
COL-DET-2025-05-07,1,2025-05-07,COL,DET,DET,Wed
COL-DET-2025-05-07,2,2025-05-08,COL,DET,DET,Wed
LAA-CLE-2022-04-25,1,2022-04-25,LAA,CLE,LAA,Mon
LAA-CLE-2022-04-25,2,2022-04-26,LAA,CLE,LAA,Mon
LAA-CLE-2022-04-25,3,2022-04-27,LAA,CLE,LAA,Mon
LAA-CLE-2022-04-25,4,2022-04-28,LAA,CLE,LAA,Mon
CLE-LAA-2022-09-12,1,2022-09-12,CLE,LAA,CLE,Mon
CLE-LAA-2022-09-12,2,2022-09-13,CLE,LAA,CLE,Mon
CLE-LAA-2022-09-12,3,2022-09-14,CLE,LAA,CLE,Mon
CLE-LAA-2023-05-12,1,2023-05-12,CLE,LAA,LAA,Fri
CLE-LAA-2023-05-12,2,2023-05-13,CLE,LAA,CLE,Fri
CLE-LAA-2023-05-12,3,2023-05-14,CLE,LAA,CLE,Fri
LAA-CLE-2023-09-07,1,2023-09-07,LAA,CLE,LAA,Thu
LAA-CLE-2023-09-07,2,2023-09-08,LAA,CLE,CLE,Thu
LAA-CLE-2023-09-07,3,2023-09-09,LAA,CLE,LAA,Thu
LAA-CLE-2023-09-07,4,2023-09-10,LAA,CLE,LAA,Thu
CLE-LAA-2024-05-03,1,2024-05-03,CLE,LAA,LAA,Fri
CLE-LAA-2024-05-03,2,2024-05-04,CLE,LAA,CLE,Fri
CLE-LAA-2024-05-03,3,2024-05-05,CLE,LAA,CLE,Fri
LAA-CLE-2024-05-24,1,2024-05-24,LAA,CLE,CLE,Fri
LAA-CLE-2024-05-24,2,2024-05-25,LAA,CLE,CLE,Fri
LAA-CLE-2024-05-24,3,2024-05-26,LAA,CLE,CLE,Fri
LAA-CLE-2025-04-04,1,2025-04-04,LAA,CLE,CLE,Fri
LAA-CLE-2025-04-04,2,2025-04-05,LAA,CLE,LAA,Fri
LAA-CLE-2025-04-04,3,2025-04-06,LAA,CLE,LAA,Fri
CLE-LAA-2025-05-30,1,2025-05-30,CLE,LAA,LAA,Fri
CLE-LAA-2025-05-30,2,2025-05-31,CLE,LAA,CLE,Fri
CLE-LAA-2025-05-30,3,2025-06-01,CLE,LAA,CLE,Fri
MIA-SEA-2022-04-29,1,2022-04-29,MIA,SEA,MIA,Fri
MIA-SEA-2022-04-29,2,2022-04-30,MIA,SEA,MIA,Fri
MIA-SEA-2022-04-29,3,2022-05-01,MIA,SEA,SEA,Fri
SEA-MIA-2023-06-12,1,2023-06-12,SEA,MIA,SEA,Mon
SEA-MIA-2023-06-12,2,2023-06-13,SEA,MIA,SEA,Mon
SEA-MIA-2023-06-12,3,2023-06-14,SEA,MIA,MIA,Mon
MIA-SEA-2024-06-21,1,2024-06-21,MIA,SEA,MIA,Fri
MIA-SEA-2024-06-21,2,2024-06-22,MIA,SEA,SEA,Fri
MIA-SEA-2024-06-21,3,2024-06-23,MIA,SEA,MIA,Fri
SEA-MIA-2025-04-25,1,2025-04-25,SEA,MIA,MIA,Fri
SEA-MIA-2025-04-25,2,2025-04-26,SEA,MIA,SEA,Fri
SEA-MIA-2025-04-25,3,2025-04-27,SEA,MIA,SEA,Fri
TEX-ATL-2022-04-29,1,2022-04-29,TEX,ATL,ATL,Fri
TEX-ATL-2022-04-29,2,2022-04-30,TEX,ATL,TEX,Fri
TEX-ATL-2022-04-29,3,2022-05-01,TEX,ATL,TEX,Fri
TEX-ATL-2023-05-15,1,2023-05-15,TEX,ATL,ATL,Mon
TEX-ATL-2023-05-15,2,2023-05-16,TEX,ATL,TEX,Mon
TEX-ATL-2023-05-15,3,2023-05-17,TEX,ATL,ATL,Mon
ATL-TEX-2024-04-19,1,2024-04-19,ATL,TEX,ATL,Fri
ATL-TEX-2024-04-19,2,2024-04-20,ATL,TEX,ATL,Fri
ATL-TEX-2024-04-19,3,2024-04-21,ATL,TEX,TEX,Fri
TEX-ATL-2025-07-25,1,2025-07-25,TEX,ATL,TEX,Fri
TEX-ATL-2025-07-25,2,2025-07-26,TEX,ATL,TEX,Fri
TEX-ATL-2025-07-25,3,2025-07-27,TEX,ATL,TEX,Fri
OAK-CLE-2022-04-29,1,2022-04-29,OAK,CLE,CLE,Fri
OAK-CLE-2022-04-29,2,2022-04-30,OAK,CLE,CLE,Fri
OAK-CLE-2022-04-29,3,2022-05-01,OAK,CLE,CLE,Fri
CLE-OAK-2022-06-09,1,2022-06-09,CLE,OAK,CLE,Thu
CLE-OAK-2022-06-09,2,2022-06-10,CLE,OAK,CLE,Thu
CLE-OAK-2022-06-09,3,2022-06-11,CLE,OAK,OAK,Thu
CLE-OAK-2022-06-09,4,2022-06-12,CLE,OAK,CLE,Thu
OAK-CLE-2023-04-03,1,2023-04-03,OAK,CLE,CLE,Mon
OAK-CLE-2023-04-03,2,2023-04-04,OAK,CLE,OAK,Mon
OAK-CLE-2023-04-03,3,2023-04-05,OAK,CLE,CLE,Mon
CLE-OAK-2023-06-20,1,2023-06-20,CLE,OAK,CLE,Tue
CLE-OAK-2023-06-20,2,2023-06-21,CLE,OAK,CLE,Tue
CLE-OAK-2023-06-20,3,2023-06-22,CLE,OAK,CLE,Tue
LAD-DET-2022-04-29,1,2022-04-29,LAD,DET,LAD,Fri
LAD-DET-2022-04-29,2,2022-04-30,LAD,DET,DET,Fri
LAD-DET-2022-04-29,3,2022-05-01,LAD,DET,LAD,Fri
LAD-DET-2023-09-18,1,2023-09-18,LAD,DET,LAD,Mon
LAD-DET-2023-09-18,2,2023-09-19,LAD,DET,LAD,Mon
LAD-DET-2023-09-18,3,2023-09-20,LAD,DET,DET,Mon
DET-LAD-2024-07-12,1,2024-07-12,DET,LAD,LAD,Fri
DET-LAD-2024-07-12,2,2024-07-13,DET,LAD,DET,Fri
DET-LAD-2024-07-12,3,2024-07-14,DET,LAD,DET,Fri
LAD-DET-2025-03-27,1,2025-03-27,LAD,DET,LAD,Thu
LAD-DET-2025-03-27,2,2025-03-28,LAD,DET,LAD,Thu
LAD-DET-2025-03-27,3,2025-03-29,LAD,DET,LAD,Thu
PHI-TEX-2022-05-03,1,2022-05-03,PHI,TEX,TEX,Tue
PHI-TEX-2022-05-03,2,2022-05-04,PHI,TEX,TEX,Tue
TEX-PHI-2022-06-21,1,2022-06-21,TEX,PHI,TEX,Tue
TEX-PHI-2022-06-21,2,2022-06-22,TEX,PHI,TEX,Tue
TEX-PHI-2023-03-30,1,2023-03-30,TEX,PHI,TEX,Thu
TEX-PHI-2023-03-30,2,2023-04-01,TEX,PHI,TEX,Thu
TEX-PHI-2023-03-30,3,2023-04-02,TEX,PHI,TEX,Thu
PHI-TEX-2024-05-21,1,2024-05-21,PHI,TEX,PHI,Tue
PHI-TEX-2024-05-21,2,2024-05-22,PHI,TEX,PHI,Tue
PHI-TEX-2024-05-21,3,2024-05-23,PHI,TEX,PHI,Tue
TEX-PHI-2025-08-08,1,2025-08-08,TEX,PHI,PHI,Fri
TEX-PHI-2025-08-08,2,2025-08-09,TEX,PHI,PHI,Fri
TEX-PHI-2025-08-08,3,2025-08-10,TEX,PHI,PHI,Fri
CLE-SD-2022-05-04,1,2022-05-04,CLE,SD,SD,Wed
SD-CLE-2022-08-23,1,2022-08-23,SD,CLE,CLE,Tue
SD-CLE-2022-08-23,2,2022-08-24,SD,CLE,CLE,Tue
SD-CLE-2023-06-13,1,2023-06-13,SD,CLE,SD,Tue
SD-CLE-2023-06-13,2,2023-06-14,SD,CLE,SD,Tue
SD-CLE-2023-06-13,3,2023-06-15,SD,CLE,CLE,Tue
CLE-SD-2024-07-19,1,2024-07-19,CLE,SD,CLE,Fri
CLE-SD-2024-07-19,2,2024-07-20,CLE,SD,SD,Fri
CLE-SD-2024-07-19,3,2024-07-21,CLE,SD,SD,Fri
SD-CLE-2025-03-31,1,2025-03-31,SD,CLE,SD,Mon
SD-CLE-2025-03-31,2,2025-04-01,SD,CLE,SD,Mon
SD-CLE-2025-03-31,3,2025-04-02,SD,CLE,SD,Mon
CLE-TOR-2022-05-05,1,2022-05-05,CLE,TOR,CLE,Thu
CLE-TOR-2022-05-05,2,2022-05-07,CLE,TOR,TOR,Thu
CLE-TOR-2022-05-05,3,2022-05-08,CLE,TOR,CLE,Thu
TOR-CLE-2022-08-12,1,2022-08-12,TOR,CLE,CLE,Fri
TOR-CLE-2022-08-12,2,2022-08-13,TOR,CLE,TOR,Fri
TOR-CLE-2022-08-12,3,2022-08-14,TOR,CLE,CLE,Fri
CLE-TOR-2023-08-07,1,2023-08-07,CLE,TOR,TOR,Mon
CLE-TOR-2023-08-07,2,2023-08-08,CLE,TOR,CLE,Mon
CLE-TOR-2023-08-07,3,2023-08-09,CLE,TOR,TOR,Mon
CLE-TOR-2023-08-07,4,2023-08-10,CLE,TOR,CLE,Mon
TOR-CLE-2023-08-25,1,2023-08-25,TOR,CLE,CLE,Fri
TOR-CLE-2023-08-25,2,2023-08-26,TOR,CLE,TOR,Fri
TOR-CLE-2023-08-25,3,2023-08-27,TOR,CLE,CLE,Fri
TOR-CLE-2024-06-14,1,2024-06-14,TOR,CLE,CLE,Fri
TOR-CLE-2024-06-14,2,2024-06-15,TOR,CLE,TOR,Fri
TOR-CLE-2024-06-14,3,2024-06-16,TOR,CLE,TOR,Fri
CLE-TOR-2024-06-21,1,2024-06-21,CLE,TOR,CLE,Fri
CLE-TOR-2024-06-21,2,2024-06-22,CLE,TOR,CLE,Fri
CLE-TOR-2024-06-21,3,2024-06-23,CLE,TOR,CLE,Fri
TOR-CLE-2025-05-02,1,2025-05-02,TOR,CLE,TOR,Fri
TOR-CLE-2025-05-02,2,2025-05-03,TOR,CLE,CLE,Fri
TOR-CLE-2025-05-02,3,2025-05-04,TOR,CLE,CLE,Fri
CLE-TOR-2025-06-24,1,2025-06-24,CLE,TOR,TOR,Tue
CLE-TOR-2025-06-24,2,2025-06-25,CLE,TOR,CLE,Tue
CLE-TOR-2025-06-24,3,2025-06-26,CLE,TOR,TOR,Tue
LAA-WAS-2022-05-06,1,2022-05-06,LAA,WAS,LAA,Fri
LAA-WAS-2022-05-06,2,2022-05-07,LAA,WAS,WAS,Fri
LAA-WAS-2022-05-06,3,2022-05-08,LAA,WAS,LAA,Fri
LAA-WAS-2023-04-10,1,2023-04-10,LAA,WAS,WAS,Mon
LAA-WAS-2023-04-10,2,2023-04-11,LAA,WAS,LAA,Mon
LAA-WAS-2023-04-10,3,2023-04-12,LAA,WAS,LAA,Mon
WAS-LAA-2024-08-09,1,2024-08-09,WAS,LAA,WAS,Fri
WAS-LAA-2024-08-09,2,2024-08-10,WAS,LAA,WAS,Fri
WAS-LAA-2024-08-09,3,2024-08-11,WAS,LAA,LAA,Fri
LAA-WAS-2025-06-27,1,2025-06-27,LAA,WAS,WAS,Fri
LAA-WAS-2025-06-27,2,2025-06-28,LAA,WAS,LAA,Fri
LAA-WAS-2025-06-27,3,2025-06-29,LAA,WAS,WAS,Fri
SEA-PHI-2022-05-09,1,2022-05-09,SEA,PHI,PHI,Mon
SEA-PHI-2022-05-09,2,2022-05-10,SEA,PHI,SEA,Mon
SEA-PHI-2022-05-09,3,2022-05-11,SEA,PHI,PHI,Mon
PHI-SEA-2023-04-25,1,2023-04-25,PHI,SEA,SEA,Tue
PHI-SEA-2023-04-25,2,2023-04-26,PHI,SEA,PHI,Tue
PHI-SEA-2023-04-25,3,2023-04-27,PHI,SEA,PHI,Tue
SEA-PHI-2024-08-02,1,2024-08-02,SEA,PHI,SEA,Fri
SEA-PHI-2024-08-02,2,2024-08-03,SEA,PHI,SEA,Fri
SEA-PHI-2024-08-02,3,2024-08-04,SEA,PHI,PHI,Fri
STL-BAL-2022-05-10,1,2022-05-10,STL,BAL,BAL,Tue
STL-BAL-2022-05-10,2,2022-05-11,STL,BAL,STL,Tue
STL-BAL-2022-05-10,3,2022-05-12,STL,BAL,BAL,Tue
BAL-STL-2023-09-11,1,2023-09-11,BAL,STL,BAL,Mon
BAL-STL-2023-09-11,2,2023-09-12,BAL,STL,STL,Mon
BAL-STL-2023-09-11,3,2023-09-13,BAL,STL,STL,Mon
STL-BAL-2024-05-20,1,2024-05-20,STL,BAL,STL,Mon
STL-BAL-2024-05-20,2,2024-05-22,STL,BAL,STL,Mon
BAL-STL-2025-05-26,1,2025-05-26,BAL,STL,BAL,Mon
BAL-STL-2025-05-26,2,2025-05-27,BAL,STL,STL,Mon
BAL-STL-2025-05-26,3,2025-05-28,BAL,STL,STL,Mon
WAS-HOU-2022-05-13,1,2022-05-13,WAS,HOU,HOU,Fri
WAS-HOU-2022-05-13,2,2022-05-14,WAS,HOU,WAS,Fri
WAS-HOU-2022-05-13,3,2022-05-15,WAS,HOU,HOU,Fri
HOU-WAS-2023-06-13,1,2023-06-13,HOU,WAS,HOU,Tue
HOU-WAS-2023-06-13,2,2023-06-14,HOU,WAS,HOU,Tue
HOU-WAS-2023-06-13,3,2023-06-15,HOU,WAS,WAS,Tue
WAS-HOU-2024-04-19,1,2024-04-19,WAS,HOU,HOU,Fri
WAS-HOU-2024-04-19,2,2024-04-20,WAS,HOU,WAS,Fri
WAS-HOU-2024-04-19,3,2024-04-21,WAS,HOU,WAS,Fri
HOU-WAS-2025-07-28,1,2025-07-28,HOU,WAS,WAS,Mon
HOU-WAS-2025-07-28,2,2025-07-29,HOU,WAS,HOU,Mon
HOU-WAS-2025-07-28,3,2025-07-30,HOU,WAS,HOU,Mon
NYM-SEA-2022-05-13,1,2022-05-13,NYM,SEA,SEA,Fri
NYM-SEA-2022-05-13,2,2022-05-14,NYM,SEA,NYM,Fri
NYM-SEA-2022-05-13,3,2022-05-15,NYM,SEA,SEA,Fri
NYM-SEA-2023-09-01,1,2023-09-01,NYM,SEA,NYM,Fri
NYM-SEA-2023-09-01,2,2023-09-02,NYM,SEA,SEA,Fri
NYM-SEA-2023-09-01,3,2023-09-03,NYM,SEA,NYM,Fri
SEA-NYM-2024-08-09,1,2024-08-09,SEA,NYM,SEA,Fri
SEA-NYM-2024-08-09,2,2024-08-10,SEA,NYM,SEA,Fri
SEA-NYM-2024-08-09,3,2024-08-11,SEA,NYM,SEA,Fri
NYM-SEA-2025-08-15,1,2025-08-15,NYM,SEA,SEA,Fri
NYM-SEA-2025-08-15,2,2025-08-16,NYM,SEA,NYM,Fri
MIN-CLE-2022-05-13,1,2022-05-13,MIN,CLE,MIN,Fri
MIN-CLE-2022-05-13,2,2022-05-14,MIN,CLE,CLE,Fri
MIN-CLE-2022-05-13,3,2022-05-15,MIN,CLE,MIN,Fri
MIN-CLE-2022-06-21,1,2022-06-21,MIN,CLE,CLE,Tue
MIN-CLE-2022-06-21,2,2022-06-22,MIN,CLE,CLE,Tue
MIN-CLE-2022-06-21,3,2022-06-23,MIN,CLE,MIN,Tue
CLE-MIN-2022-06-27,1,2022-06-27,CLE,MIN,MIN,Mon
CLE-MIN-2022-06-27,2,2022-06-28,CLE,MIN,CLE,Mon
CLE-MIN-2022-06-27,3,2022-06-29,CLE,MIN,CLE,Mon
CLE-MIN-2022-06-27,4,2022-06-30,CLE,MIN,CLE,Mon
MIN-CLE-2022-09-09,1,2022-09-09,MIN,CLE,CLE,Fri
MIN-CLE-2022-09-09,2,2022-09-10,MIN,CLE,CLE,Fri
MIN-CLE-2022-09-09,3,2022-09-11,MIN,CLE,CLE,Fri
CLE-MIN-2022-09-16,1,2022-09-16,CLE,MIN,CLE,Fri
CLE-MIN-2022-09-16,2,2022-09-17,CLE,MIN,CLE,Fri
CLE-MIN-2022-09-16,3,2022-09-18,CLE,MIN,MIN,Fri
CLE-MIN-2022-09-16,4,2022-09-19,CLE,MIN,CLE,Fri
CLE-MIN-2023-05-05,1,2023-05-05,CLE,MIN,MIN,Fri
CLE-MIN-2023-05-05,2,2023-05-06,CLE,MIN,CLE,Fri
CLE-MIN-2023-05-05,3,2023-05-07,CLE,MIN,CLE,Fri
MIN-CLE-2023-06-01,1,2023-06-01,MIN,CLE,MIN,Thu
MIN-CLE-2023-06-01,2,2023-06-02,MIN,CLE,MIN,Thu
MIN-CLE-2023-06-01,3,2023-06-03,MIN,CLE,CLE,Thu
MIN-CLE-2023-06-01,4,2023-06-04,MIN,CLE,CLE,Thu
MIN-CLE-2023-08-28,1,2023-08-28,MIN,CLE,MIN,Mon
MIN-CLE-2023-08-28,2,2023-08-29,MIN,CLE,CLE,Mon
MIN-CLE-2023-08-28,3,2023-08-30,MIN,CLE,CLE,Mon
CLE-MIN-2023-09-04,1,2023-09-04,CLE,MIN,MIN,Mon
CLE-MIN-2023-09-04,2,2023-09-05,CLE,MIN,MIN,Mon
CLE-MIN-2023-09-04,3,2023-09-06,CLE,MIN,CLE,Mon
MIN-CLE-2024-04-04,1,2024-04-04,MIN,CLE,CLE,Thu
MIN-CLE-2024-04-04,2,2024-04-06,MIN,CLE,CLE,Thu
CLE-MIN-2024-05-17,1,2024-05-17,CLE,MIN,CLE,Fri
CLE-MIN-2024-05-17,2,2024-05-18,CLE,MIN,CLE,Fri
CLE-MIN-2024-05-17,3,2024-05-19,CLE,MIN,CLE,Fri
MIN-CLE-2024-08-09,1,2024-08-09,MIN,CLE,MIN,Fri
MIN-CLE-2024-08-09,2,2024-08-10,MIN,CLE,CLE,Fri
MIN-CLE-2024-08-09,3,2024-08-11,MIN,CLE,CLE,Fri
CLE-MIN-2024-09-16,1,2024-09-16,CLE,MIN,CLE,Mon
CLE-MIN-2024-09-16,2,2024-09-17,CLE,MIN,MIN,Mon
CLE-MIN-2024-09-16,3,2024-09-18,CLE,MIN,CLE,Mon
CLE-MIN-2024-09-16,4,2024-09-19,CLE,MIN,CLE,Mon
CLE-MIN-2025-04-28,1,2025-04-28,CLE,MIN,MIN,Mon
CLE-MIN-2025-04-28,2,2025-04-29,CLE,MIN,CLE,Mon
CLE-MIN-2025-04-28,3,2025-04-30,CLE,MIN,CLE,Mon
CLE-MIN-2025-04-28,4,2025-05-01,CLE,MIN,CLE,Mon
MIN-CLE-2025-05-21,1,2025-05-21,MIN,CLE,MIN,Wed
CLE-MIN-2025-08-01,1,2025-08-01,CLE,MIN,CLE,Fri
CLE-MIN-2025-08-01,2,2025-08-02,CLE,MIN,CLE,Fri
CLE-MIN-2025-08-01,3,2025-08-03,CLE,MIN,MIN,Fri
COL-KC-2022-05-13,1,2022-05-13,COL,KC,KC,Fri
COL-KC-2022-05-13,2,2022-05-14,COL,KC,COL,Fri
COL-KC-2022-05-13,3,2022-05-15,COL,KC,KC,Fri
KC-COL-2023-06-02,1,2023-06-02,KC,COL,COL,Fri
KC-COL-2023-06-02,2,2023-06-03,KC,COL,COL,Fri
KC-COL-2023-06-02,3,2023-06-04,KC,COL,KC,Fri
COL-KC-2024-07-05,1,2024-07-05,COL,KC,COL,Fri
COL-KC-2024-07-05,2,2024-07-06,COL,KC,COL,Fri
COL-KC-2024-07-05,3,2024-07-07,COL,KC,KC,Fri
KC-COL-2025-04-22,1,2025-04-22,KC,COL,KC,Tue
KC-COL-2025-04-22,2,2025-04-24,KC,COL,KC,Tue
TOR-CIN-2022-05-20,1,2022-05-20,TOR,CIN,TOR,Fri
TOR-CIN-2022-05-20,2,2022-05-21,TOR,CIN,TOR,Fri
TOR-CIN-2022-05-20,3,2022-05-22,TOR,CIN,CIN,Fri
CIN-TOR-2023-08-18,1,2023-08-18,CIN,TOR,CIN,Fri
CIN-TOR-2023-08-18,2,2023-08-19,CIN,TOR,TOR,Fri
CIN-TOR-2023-08-18,3,2023-08-20,CIN,TOR,TOR,Fri
TOR-CIN-2024-08-19,1,2024-08-19,TOR,CIN,CIN,Mon
TOR-CIN-2024-08-19,2,2024-08-20,TOR,CIN,TOR,Mon
TOR-CIN-2024-08-19,3,2024-08-21,TOR,CIN,CIN,Mon
CLE-DET-2022-05-20,1,2022-05-20,CLE,DET,CLE,Fri
CLE-DET-2022-05-20,2,2022-05-22,CLE,DET,DET,Fri
DET-CLE-2022-05-26,1,2022-05-26,DET,CLE,DET,Thu
DET-CLE-2022-05-26,2,2022-05-28,DET,CLE,CLE,Thu
DET-CLE-2022-05-26,3,2022-05-29,DET,CLE,DET,Thu
DET-CLE-2022-07-04,1,2022-07-04,DET,CLE,DET,Mon
DET-CLE-2022-07-04,2,2022-07-05,DET,CLE,DET,Mon
DET-CLE-2022-07-04,3,2022-07-06,DET,CLE,DET,Mon
CLE-DET-2022-07-14,1,2022-07-14,CLE,DET,CLE,Thu
CLE-DET-2022-07-14,2,2022-07-15,CLE,DET,CLE,Thu
CLE-DET-2022-07-14,3,2022-07-16,CLE,DET,CLE,Thu
DET-CLE-2022-08-09,1,2022-08-09,DET,CLE,CLE,Tue
DET-CLE-2022-08-09,2,2022-08-10,DET,CLE,CLE,Tue
DET-CLE-2022-08-09,3,2022-08-11,DET,CLE,CLE,Tue
CLE-DET-2022-08-15,1,2022-08-15,CLE,DET,CLE,Mon
CLE-DET-2022-08-15,2,2022-08-16,CLE,DET,DET,Mon
CLE-DET-2022-08-15,3,2022-08-17,CLE,DET,CLE,Mon
DET-CLE-2023-04-18,1,2023-04-18,DET,CLE,DET,Tue
DET-CLE-2023-04-18,2,2023-04-19,DET,CLE,CLE,Tue
CLE-DET-2023-05-08,1,2023-05-08,CLE,DET,DET,Mon
CLE-DET-2023-05-08,2,2023-05-09,CLE,DET,CLE,Mon
CLE-DET-2023-05-08,3,2023-05-10,CLE,DET,DET,Mon
CLE-DET-2023-08-18,1,2023-08-18,CLE,DET,DET,Fri
CLE-DET-2023-08-18,2,2023-08-19,CLE,DET,DET,Fri
CLE-DET-2023-08-18,3,2023-08-20,CLE,DET,DET,Fri
DET-CLE-2023-09-29,1,2023-09-29,DET,CLE,CLE,Fri
DET-CLE-2023-09-29,2,2023-09-30,DET,CLE,DET,Fri
DET-CLE-2023-09-29,3,2023-10-01,DET,CLE,DET,Fri
CLE-DET-2024-05-06,1,2024-05-06,CLE,DET,CLE,Mon
CLE-DET-2024-05-06,2,2024-05-07,CLE,DET,DET,Mon
CLE-DET-2024-05-06,3,2024-05-08,CLE,DET,CLE,Mon
DET-CLE-2024-07-08,1,2024-07-08,DET,CLE,DET,Mon
DET-CLE-2024-07-08,2,2024-07-09,DET,CLE,CLE,Mon
DET-CLE-2024-07-08,3,2024-07-10,DET,CLE,DET,Mon
DET-CLE-2024-07-08,4,2024-07-11,DET,CLE,DET,Mon
CLE-DET-2024-07-22,1,2024-07-22,CLE,DET,DET,Mon
CLE-DET-2024-07-22,2,2024-07-23,CLE,DET,CLE,Mon
CLE-DET-2024-07-22,3,2024-07-24,CLE,DET,CLE,Mon
CLE-DET-2024-07-22,4,2024-07-25,CLE,DET,DET,Mon
DET-CLE-2024-07-29,1,2024-07-29,DET,CLE,CLE,Mon
DET-CLE-2024-07-29,2,2024-07-30,DET,CLE,CLE,Mon
DET-CLE-2025-05-22,1,2025-05-22,DET,CLE,CLE,Thu
DET-CLE-2025-05-22,2,2025-05-23,DET,CLE,CLE,Thu
DET-CLE-2025-05-22,3,2025-05-24,DET,CLE,CLE,Thu
DET-CLE-2025-05-22,4,2025-05-25,DET,CLE,DET,Thu
CLE-DET-2025-07-04,1,2025-07-04,CLE,DET,DET,Fri
CLE-DET-2025-07-04,2,2025-07-05,CLE,DET,DET,Fri
CLE-DET-2025-07-04,3,2025-07-06,CLE,DET,DET,Fri
STL-TOR-2022-05-23,1,2022-05-23,STL,TOR,STL,Mon
STL-TOR-2022-05-23,2,2022-05-24,STL,TOR,TOR,Mon
TOR-STL-2022-07-26,1,2022-07-26,TOR,STL,TOR,Tue
TOR-STL-2022-07-26,2,2022-07-27,TOR,STL,STL,Tue
STL-TOR-2023-03-30,1,2023-03-30,STL,TOR,TOR,Thu
STL-TOR-2023-03-30,2,2023-04-01,STL,TOR,STL,Thu
STL-TOR-2023-03-30,3,2023-04-02,STL,TOR,STL,Thu
TOR-STL-2024-09-13,1,2024-09-13,TOR,STL,TOR,Fri
TOR-STL-2024-09-13,2,2024-09-14,TOR,STL,TOR,Fri
TOR-STL-2024-09-13,3,2024-09-15,TOR,STL,TOR,Fri
STL-TOR-2025-06-09,1,2025-06-09,STL,TOR,TOR,Mon
STL-TOR-2025-06-09,2,2025-06-10,STL,TOR,TOR,Mon
STL-TOR-2025-06-09,3,2025-06-11,STL,TOR,TOR,Mon
HOU-CLE-2022-05-23,1,2022-05-23,HOU,CLE,CLE,Mon
HOU-CLE-2022-05-23,2,2022-05-24,HOU,CLE,HOU,Mon
HOU-CLE-2022-05-23,3,2022-05-25,HOU,CLE,HOU,Mon
CLE-HOU-2022-08-04,1,2022-08-04,CLE,HOU,HOU,Thu
CLE-HOU-2022-08-04,2,2022-08-05,CLE,HOU,HOU,Thu
CLE-HOU-2022-08-04,3,2022-08-06,CLE,HOU,CLE,Thu
CLE-HOU-2022-08-04,4,2022-08-07,CLE,HOU,CLE,Thu
CLE-HOU-2023-06-09,1,2023-06-09,CLE,HOU,CLE,Fri
CLE-HOU-2023-06-09,2,2023-06-10,CLE,HOU,HOU,Fri
CLE-HOU-2023-06-09,3,2023-06-11,CLE,HOU,CLE,Fri
HOU-CLE-2023-07-31,1,2023-07-31,HOU,CLE,HOU,Mon
HOU-CLE-2023-07-31,2,2023-08-01,HOU,CLE,HOU,Mon
HOU-CLE-2023-07-31,3,2023-08-02,HOU,CLE,HOU,Mon
HOU-CLE-2024-04-30,1,2024-04-30,HOU,CLE,HOU,Tue
HOU-CLE-2024-04-30,2,2024-05-01,HOU,CLE,CLE,Tue
HOU-CLE-2024-04-30,3,2024-05-02,HOU,CLE,HOU,Tue
CLE-HOU-2024-09-27,1,2024-09-27,CLE,HOU,HOU,Fri
CLE-HOU-2024-09-27,2,2024-09-28,CLE,HOU,HOU,Fri
CLE-HOU-2025-06-06,1,2025-06-06,CLE,HOU,HOU,Fri
CLE-HOU-2025-06-06,2,2025-06-07,CLE,HOU,HOU,Fri
CLE-HOU-2025-06-06,3,2025-06-08,CLE,HOU,CLE,Fri
HOU-CLE-2025-07-07,1,2025-07-07,HOU,CLE,CLE,Mon
HOU-CLE-2025-07-07,2,2025-07-08,HOU,CLE,CLE,Mon
HOU-CLE-2025-07-07,3,2025-07-09,HOU,CLE,CLE,Mon
ARI-KC-2022-05-23,1,2022-05-23,ARI,KC,ARI,Mon
ARI-KC-2022-05-23,2,2022-05-24,ARI,KC,ARI,Mon
KC-ARI-2022-08-23,1,2022-08-23,KC,ARI,ARI,Tue
KC-ARI-2022-08-23,2,2022-08-24,KC,ARI,KC,Tue
ARI-KC-2023-04-24,1,2023-04-24,ARI,KC,ARI,Mon
ARI-KC-2023-04-24,2,2023-04-25,ARI,KC,KC,Mon
ARI-KC-2023-04-24,3,2023-04-26,ARI,KC,ARI,Mon
BOS-CIN-2022-05-31,1,2022-05-31,BOS,CIN,CIN,Tue
BOS-CIN-2022-05-31,2,2022-06-01,BOS,CIN,BOS,Tue
CIN-BOS-2022-09-20,1,2022-09-20,CIN,BOS,BOS,Tue
CIN-BOS-2022-09-20,2,2022-09-21,CIN,BOS,CIN,Tue
BOS-CIN-2023-05-30,1,2023-05-30,BOS,CIN,CIN,Tue
BOS-CIN-2023-05-30,2,2023-05-31,BOS,CIN,CIN,Tue
BOS-CIN-2023-05-30,3,2023-06-01,BOS,CIN,BOS,Tue
CIN-BOS-2024-06-21,1,2024-06-21,CIN,BOS,CIN,Fri
CIN-BOS-2024-06-21,2,2024-06-22,CIN,BOS,BOS,Fri
CIN-BOS-2024-06-21,3,2024-06-23,CIN,BOS,BOS,Fri
BOS-CIN-2025-06-30,1,2025-06-30,BOS,CIN,BOS,Mon
BOS-CIN-2025-06-30,2,2025-07-02,BOS,CIN,BOS,Mon
PHI-LAA-2022-06-03,1,2022-06-03,PHI,LAA,PHI,Fri
PHI-LAA-2022-06-03,2,2022-06-04,PHI,LAA,PHI,Fri
PHI-LAA-2022-06-03,3,2022-06-05,PHI,LAA,PHI,Fri
PHI-LAA-2023-08-28,1,2023-08-28,PHI,LAA,PHI,Mon
PHI-LAA-2023-08-28,2,2023-08-29,PHI,LAA,PHI,Mon
PHI-LAA-2023-08-28,3,2023-08-30,PHI,LAA,LAA,Mon
LAA-PHI-2024-04-29,1,2024-04-29,LAA,PHI,LAA,Mon
LAA-PHI-2024-04-29,2,2024-04-30,LAA,PHI,PHI,Mon
LAA-PHI-2024-04-29,3,2024-05-01,LAA,PHI,PHI,Mon
PHI-LAA-2025-07-18,1,2025-07-18,PHI,LAA,LAA,Fri
PHI-LAA-2025-07-18,2,2025-07-19,PHI,LAA,PHI,Fri
PHI-LAA-2025-07-18,3,2025-07-20,PHI,LAA,LAA,Fri
BAL-CLE-2022-06-03,1,2022-06-03,BAL,CLE,CLE,Fri
BAL-CLE-2022-06-03,2,2022-06-04,BAL,CLE,BAL,Fri
BAL-CLE-2022-06-03,3,2022-06-05,BAL,CLE,CLE,Fri
CLE-BAL-2022-08-30,1,2022-08-30,CLE,BAL,CLE,Tue
CLE-BAL-2022-08-30,2,2022-08-31,CLE,BAL,BAL,Tue
CLE-BAL-2022-08-30,3,2022-09-01,CLE,BAL,BAL,Tue
BAL-CLE-2023-05-29,1,2023-05-29,BAL,CLE,CLE,Mon
BAL-CLE-2023-05-29,2,2023-05-30,BAL,CLE,BAL,Mon
BAL-CLE-2023-05-29,3,2023-05-31,BAL,CLE,CLE,Mon
CLE-BAL-2023-09-21,1,2023-09-21,CLE,BAL,CLE,Thu
CLE-BAL-2023-09-21,2,2023-09-22,CLE,BAL,CLE,Thu
CLE-BAL-2023-09-21,3,2023-09-23,CLE,BAL,BAL,Thu
CLE-BAL-2023-09-21,4,2023-09-24,CLE,BAL,BAL,Thu
BAL-CLE-2024-06-24,1,2024-06-24,BAL,CLE,CLE,Mon
BAL-CLE-2024-06-24,2,2024-06-25,BAL,CLE,CLE,Mon
BAL-CLE-2024-06-24,3,2024-06-26,BAL,CLE,BAL,Mon
CLE-BAL-2024-08-01,1,2024-08-01,CLE,BAL,CLE,Thu
CLE-BAL-2024-08-01,2,2024-08-02,CLE,BAL,CLE,Thu
CLE-BAL-2024-08-01,3,2024-08-03,CLE,BAL,BAL,Thu
CLE-BAL-2024-08-01,4,2024-08-04,CLE,BAL,BAL,Thu
BAL-CLE-2025-04-15,1,2025-04-15,BAL,CLE,CLE,Tue
BAL-CLE-2025-04-15,2,2025-04-16,BAL,CLE,BAL,Tue
BAL-CLE-2025-04-15,3,2025-04-17,BAL,CLE,BAL,Tue
CLE-BAL-2025-07-21,1,2025-07-21,CLE,BAL,CLE,Mon
CLE-BAL-2025-07-21,2,2025-07-22,CLE,BAL,CLE,Mon
CLE-BAL-2025-07-21,3,2025-07-23,CLE,BAL,CLE,Mon
CLE-BAL-2025-07-21,4,2025-07-24,CLE,BAL,BAL,Mon
CLE-TEX-2022-06-07,1,2022-06-07,CLE,TEX,CLE,Tue
CLE-TEX-2022-06-07,2,2022-06-08,CLE,TEX,CLE,Tue
TEX-CLE-2022-09-23,1,2022-09-23,TEX,CLE,CLE,Fri
TEX-CLE-2022-09-23,2,2022-09-24,TEX,CLE,CLE,Fri
TEX-CLE-2022-09-23,3,2022-09-25,TEX,CLE,CLE,Fri
TEX-CLE-2023-07-14,1,2023-07-14,TEX,CLE,TEX,Fri
TEX-CLE-2023-07-14,2,2023-07-15,TEX,CLE,TEX,Fri
TEX-CLE-2023-07-14,3,2023-07-16,TEX,CLE,TEX,Fri
CLE-TEX-2023-09-15,1,2023-09-15,CLE,TEX,CLE,Fri
CLE-TEX-2023-09-15,2,2023-09-16,CLE,TEX,CLE,Fri
CLE-TEX-2023-09-15,3,2023-09-17,CLE,TEX,CLE,Fri
TEX-CLE-2024-05-13,1,2024-05-13,TEX,CLE,CLE,Mon
TEX-CLE-2024-05-13,2,2024-05-14,TEX,CLE,CLE,Mon
TEX-CLE-2024-05-13,3,2024-05-15,TEX,CLE,TEX,Mon
CLE-TEX-2024-08-23,1,2024-08-23,CLE,TEX,TEX,Fri
CLE-TEX-2024-08-23,2,2024-08-24,CLE,TEX,CLE,Fri
CLE-TEX-2024-08-23,3,2024-08-25,CLE,TEX,CLE,Fri
BAL-CHC-2022-06-07,1,2022-06-07,BAL,CHC,BAL,Tue
CHC-BAL-2022-07-12,1,2022-07-12,CHC,BAL,BAL,Tue
CHC-BAL-2022-07-12,2,2022-07-13,CHC,BAL,BAL,Tue
BAL-CHC-2022-08-18,1,2022-08-18,BAL,CHC,CHC,Thu
CHC-BAL-2023-06-16,1,2023-06-16,CHC,BAL,CHC,Fri
CHC-BAL-2023-06-16,2,2023-06-17,CHC,BAL,CHC,Fri
CHC-BAL-2023-06-16,3,2023-06-18,CHC,BAL,BAL,Fri
BAL-CHC-2024-07-09,1,2024-07-09,BAL,CHC,CHC,Tue
BAL-CHC-2024-07-09,2,2024-07-10,BAL,CHC,CHC,Tue
BAL-CHC-2024-07-09,3,2024-07-11,BAL,CHC,CHC,Tue
CHC-BAL-2025-08-01,1,2025-08-01,CHC,BAL,CHC,Fri
CHC-BAL-2025-08-01,2,2025-08-02,CHC,BAL,BAL,Fri
CHC-BAL-2025-08-01,3,2025-08-03,CHC,BAL,CHC,Fri
TB-STL-2022-06-07,1,2022-06-07,TB,STL,TB,Tue
TB-STL-2022-06-07,2,2022-06-08,TB,STL,TB,Tue
TB-STL-2022-06-07,3,2022-06-09,TB,STL,TB,Tue
TB-STL-2023-08-08,1,2023-08-08,TB,STL,TB,Tue
TB-STL-2023-08-08,2,2023-08-09,TB,STL,STL,Tue
TB-STL-2023-08-08,3,2023-08-10,TB,STL,STL,Tue
STL-TB-2024-08-06,1,2024-08-06,STL,TB,STL,Tue
STL-TB-2024-08-06,2,2024-08-07,STL,TB,STL,Tue
STL-TB-2024-08-06,3,2024-08-08,STL,TB,TB,Tue
ATL-OAK-2022-06-07,1,2022-06-07,ATL,OAK,ATL,Tue
ATL-OAK-2022-06-07,2,2022-06-08,ATL,OAK,ATL,Tue
OAK-ATL-2022-09-06,1,2022-09-06,OAK,ATL,ATL,Tue
OAK-ATL-2022-09-06,2,2022-09-07,OAK,ATL,ATL,Tue
OAK-ATL-2023-05-29,1,2023-05-29,OAK,ATL,OAK,Mon
OAK-ATL-2023-05-29,2,2023-05-30,OAK,ATL,OAK,Mon
OAK-ATL-2023-05-29,3,2023-05-31,OAK,ATL,ATL,Mon
CHW-LAD-2022-06-07,1,2022-06-07,CHW,LAD,CHW,Tue
CHW-LAD-2022-06-07,2,2022-06-08,CHW,LAD,LAD,Tue
CHW-LAD-2022-06-07,3,2022-06-09,CHW,LAD,LAD,Tue
LAD-CHW-2023-06-13,1,2023-06-13,LAD,CHW,LAD,Tue
LAD-CHW-2023-06-13,2,2023-06-14,LAD,CHW,CHW,Tue
LAD-CHW-2023-06-13,3,2023-06-15,LAD,CHW,LAD,Tue
CHW-LAD-2024-06-24,1,2024-06-24,CHW,LAD,LAD,Mon
CHW-LAD-2024-06-24,2,2024-06-25,CHW,LAD,LAD,Mon
CHW-LAD-2024-06-24,3,2024-06-26,CHW,LAD,LAD,Mon
LAD-CHW-2025-07-01,1,2025-07-01,LAD,CHW,LAD,Tue
LAD-CHW-2025-07-01,2,2025-07-02,LAD,CHW,LAD,Tue
LAD-CHW-2025-07-01,3,2025-07-03,LAD,CHW,LAD,Tue
NYY-CHC-2022-06-10,1,2022-06-10,NYY,CHC,NYY,Fri
NYY-CHC-2022-06-10,2,2022-06-11,NYY,CHC,NYY,Fri
NYY-CHC-2022-06-10,3,2022-06-12,NYY,CHC,NYY,Fri
NYY-CHC-2023-07-07,1,2023-07-07,NYY,CHC,CHC,Fri
NYY-CHC-2023-07-07,2,2023-07-08,NYY,CHC,NYY,Fri
NYY-CHC-2023-07-07,3,2023-07-09,NYY,CHC,CHC,Fri
CHC-NYY-2024-09-06,1,2024-09-06,CHC,NYY,NYY,Fri
CHC-NYY-2024-09-06,2,2024-09-07,CHC,NYY,NYY,Fri
CHC-NYY-2024-09-06,3,2024-09-08,CHC,NYY,CHC,Fri
NYY-CHC-2025-07-11,1,2025-07-11,NYY,CHC,NYY,Fri
NYY-CHC-2025-07-11,2,2025-07-12,NYY,CHC,CHC,Fri
NYY-CHC-2025-07-11,3,2025-07-13,NYY,CHC,CHC,Fri
HOU-MIA-2022-06-10,1,2022-06-10,HOU,MIA,MIA,Fri
HOU-MIA-2022-06-10,2,2022-06-11,HOU,MIA,MIA,Fri
HOU-MIA-2022-06-10,3,2022-06-12,HOU,MIA,HOU,Fri
MIA-HOU-2023-08-14,1,2023-08-14,MIA,HOU,MIA,Mon
MIA-HOU-2023-08-14,2,2023-08-15,MIA,HOU,HOU,Mon
MIA-HOU-2023-08-14,3,2023-08-16,MIA,HOU,HOU,Mon
HOU-MIA-2024-07-09,1,2024-07-09,HOU,MIA,HOU,Tue
HOU-MIA-2024-07-09,2,2024-07-10,HOU,MIA,HOU,Tue
HOU-MIA-2024-07-09,3,2024-07-11,HOU,MIA,HOU,Tue
MIA-HOU-2025-08-04,1,2025-08-04,MIA,HOU,HOU,Mon
MIA-HOU-2025-08-04,2,2025-08-05,MIA,HOU,HOU,Mon
MIA-HOU-2025-08-04,3,2025-08-06,MIA,HOU,MIA,Mon
LAA-NYM-2022-06-10,1,2022-06-10,LAA,NYM,NYM,Fri
LAA-NYM-2022-06-10,2,2022-06-11,LAA,NYM,LAA,Fri
LAA-NYM-2022-06-10,3,2022-06-12,LAA,NYM,NYM,Fri
NYM-LAA-2023-08-25,1,2023-08-25,NYM,LAA,LAA,Fri
NYM-LAA-2023-08-25,2,2023-08-26,NYM,LAA,LAA,Fri
NYM-LAA-2023-08-25,3,2023-08-27,NYM,LAA,NYM,Fri
LAA-NYM-2024-08-02,1,2024-08-02,LAA,NYM,NYM,Fri
LAA-NYM-2024-08-02,2,2024-08-03,LAA,NYM,LAA,Fri
LAA-NYM-2024-08-02,3,2024-08-04,LAA,NYM,LAA,Fri
NYM-LAA-2025-07-21,1,2025-07-21,NYM,LAA,NYM,Mon
NYM-LAA-2025-07-21,2,2025-07-22,NYM,LAA,NYM,Mon
NYM-LAA-2025-07-21,3,2025-07-23,NYM,LAA,NYM,Mon
SF-KC-2022-06-13,1,2022-06-13,SF,KC,SF,Mon
SF-KC-2022-06-13,2,2022-06-14,SF,KC,SF,Mon
SF-KC-2022-06-13,3,2022-06-15,SF,KC,KC,Mon
SF-KC-2023-04-07,1,2023-04-07,SF,KC,KC,Fri
SF-KC-2023-04-07,2,2023-04-08,SF,KC,KC,Fri
SF-KC-2023-04-07,3,2023-04-09,SF,KC,SF,Fri
KC-SF-2024-09-20,1,2024-09-20,KC,SF,SF,Fri
KC-SF-2024-09-20,2,2024-09-21,KC,SF,SF,Fri
KC-SF-2024-09-20,3,2024-09-22,KC,SF,SF,Fri
SF-KC-2025-05-19,1,2025-05-19,SF,KC,KC,Mon
SF-KC-2025-05-19,2,2025-05-20,SF,KC,SF,Mon
SF-KC-2025-05-19,3,2025-05-21,SF,KC,KC,Mon
COL-CLE-2022-06-14,1,2022-06-14,COL,CLE,CLE,Tue
COL-CLE-2022-06-14,2,2022-06-15,COL,CLE,CLE,Tue
COL-CLE-2022-06-14,3,2022-06-16,COL,CLE,CLE,Tue
CLE-COL-2023-04-24,1,2023-04-24,CLE,COL,COL,Mon
CLE-COL-2023-04-24,2,2023-04-25,CLE,COL,COL,Mon
CLE-COL-2023-04-24,3,2023-04-26,CLE,COL,CLE,Mon
COL-CLE-2024-05-27,1,2024-05-27,COL,CLE,COL,Mon
COL-CLE-2024-05-27,2,2024-05-28,COL,CLE,CLE,Mon
COL-CLE-2024-05-27,3,2024-05-29,COL,CLE,COL,Mon
CLE-COL-2025-07-28,1,2025-07-28,CLE,COL,COL,Mon
CLE-COL-2025-07-28,2,2025-07-29,CLE,COL,CLE,Mon
CLE-COL-2025-07-28,3,2025-07-30,CLE,COL,CLE,Mon
BOS-STL-2022-06-17,1,2022-06-17,BOS,STL,BOS,Fri
BOS-STL-2022-06-17,2,2022-06-18,BOS,STL,STL,Fri
BOS-STL-2022-06-17,3,2022-06-19,BOS,STL,BOS,Fri
BOS-STL-2023-05-12,1,2023-05-12,BOS,STL,STL,Fri
BOS-STL-2023-05-12,2,2023-05-13,BOS,STL,STL,Fri
BOS-STL-2023-05-12,3,2023-05-14,BOS,STL,STL,Fri
STL-BOS-2024-05-17,1,2024-05-17,STL,BOS,STL,Fri
STL-BOS-2024-05-17,2,2024-05-18,STL,BOS,STL,Fri
STL-BOS-2024-05-17,3,2024-05-19,STL,BOS,BOS,Fri
BOS-STL-2025-04-04,1,2025-04-04,BOS,STL,BOS,Fri
BOS-STL-2025-04-04,2,2025-04-06,BOS,STL,BOS,Fri
ARI-MIN-2022-06-17,1,2022-06-17,ARI,MIN,ARI,Fri
ARI-MIN-2022-06-17,2,2022-06-18,ARI,MIN,MIN,Fri
ARI-MIN-2022-06-17,3,2022-06-19,ARI,MIN,ARI,Fri
MIN-ARI-2023-08-04,1,2023-08-04,MIN,ARI,MIN,Fri
MIN-ARI-2023-08-04,2,2023-08-05,MIN,ARI,MIN,Fri
MIN-ARI-2023-08-04,3,2023-08-06,MIN,ARI,MIN,Fri
LAD-CLE-2022-06-17,1,2022-06-17,LAD,CLE,CLE,Fri
LAD-CLE-2022-06-17,2,2022-06-18,LAD,CLE,LAD,Fri
LAD-CLE-2022-06-17,3,2022-06-19,LAD,CLE,CLE,Fri
CLE-LAD-2023-08-22,1,2023-08-22,CLE,LAD,CLE,Tue
CLE-LAD-2023-08-22,2,2023-08-24,CLE,LAD,LAD,Tue
LAD-CLE-2024-09-06,1,2024-09-06,LAD,CLE,CLE,Fri
LAD-CLE-2024-09-06,2,2024-09-07,LAD,CLE,LAD,Fri
LAD-CLE-2024-09-06,3,2024-09-08,LAD,CLE,LAD,Fri
CLE-LAD-2025-05-26,1,2025-05-26,CLE,LAD,LAD,Mon
CLE-LAD-2025-05-26,2,2025-05-27,CLE,LAD,LAD,Mon
CLE-LAD-2025-05-26,3,2025-05-28,CLE,LAD,CLE,Mon
HOU-NYM-2022-06-21,1,2022-06-21,HOU,NYM,HOU,Tue
HOU-NYM-2022-06-21,2,2022-06-22,HOU,NYM,HOU,Tue
NYM-HOU-2022-06-28,1,2022-06-28,NYM,HOU,HOU,Tue
NYM-HOU-2022-06-28,2,2022-06-29,NYM,HOU,HOU,Tue
HOU-NYM-2023-06-19,1,2023-06-19,HOU,NYM,NYM,Mon
HOU-NYM-2023-06-19,2,2023-06-20,HOU,NYM,HOU,Mon
HOU-NYM-2023-06-19,3,2023-06-21,HOU,NYM,HOU,Mon
NYM-HOU-2024-06-28,1,2024-06-28,NYM,HOU,NYM,Fri
NYM-HOU-2024-06-28,2,2024-06-29,NYM,HOU,HOU,Fri
NYM-HOU-2024-06-28,3,2024-06-30,NYM,HOU,HOU,Fri
HOU-NYM-2025-03-27,1,2025-03-27,HOU,NYM,HOU,Thu
HOU-NYM-2025-03-27,2,2025-03-28,HOU,NYM,NYM,Thu
HOU-NYM-2025-03-27,3,2025-03-29,HOU,NYM,HOU,Thu
TB-PIT-2022-06-24,1,2022-06-24,TB,PIT,TB,Fri
TB-PIT-2022-06-24,2,2022-06-25,TB,PIT,TB,Fri
TB-PIT-2022-06-24,3,2022-06-26,TB,PIT,TB,Fri
TB-PIT-2023-05-02,1,2023-05-02,TB,PIT,TB,Tue
TB-PIT-2023-05-02,2,2023-05-03,TB,PIT,TB,Tue
TB-PIT-2023-05-02,3,2023-05-04,TB,PIT,TB,Tue
PIT-TB-2024-06-21,1,2024-06-21,PIT,TB,TB,Fri
PIT-TB-2024-06-21,2,2024-06-22,PIT,TB,PIT,Fri
PIT-TB-2024-06-21,3,2024-06-23,PIT,TB,TB,Fri
TB-PIT-2025-03-31,1,2025-03-31,TB,PIT,TB,Mon
TB-PIT-2025-03-31,2,2025-04-01,TB,PIT,TB,Mon
TB-PIT-2025-03-31,3,2025-04-02,TB,PIT,PIT,Mon
CLE-BOS-2022-06-24,1,2022-06-24,CLE,BOS,BOS,Fri
CLE-BOS-2022-06-24,2,2022-06-25,CLE,BOS,BOS,Fri
CLE-BOS-2022-06-24,3,2022-06-26,CLE,BOS,BOS,Fri
BOS-CLE-2022-07-25,1,2022-07-25,BOS,CLE,BOS,Mon
BOS-CLE-2022-07-25,2,2022-07-26,BOS,CLE,CLE,Mon
BOS-CLE-2022-07-25,3,2022-07-27,BOS,CLE,CLE,Mon
BOS-CLE-2022-07-25,4,2022-07-28,BOS,CLE,BOS,Mon
BOS-CLE-2023-04-28,1,2023-04-28,BOS,CLE,CLE,Fri
BOS-CLE-2023-04-28,2,2023-04-29,BOS,CLE,BOS,Fri
BOS-CLE-2023-04-28,3,2023-04-30,BOS,CLE,BOS,Fri
CLE-BOS-2023-06-06,1,2023-06-06,CLE,BOS,BOS,Tue
CLE-BOS-2023-06-06,2,2023-06-07,CLE,BOS,CLE,Tue
CLE-BOS-2023-06-06,3,2023-06-08,CLE,BOS,CLE,Tue
BOS-CLE-2024-04-15,1,2024-04-15,BOS,CLE,CLE,Mon
BOS-CLE-2024-04-15,2,2024-04-16,BOS,CLE,CLE,Mon
BOS-CLE-2024-04-15,3,2024-04-17,BOS,CLE,BOS,Mon
BOS-CLE-2024-04-15,4,2024-04-18,BOS,CLE,CLE,Mon
CLE-BOS-2024-04-23,1,2024-04-23,CLE,BOS,CLE,Tue
CLE-BOS-2024-04-23,2,2024-04-24,CLE,BOS,BOS,Tue
CLE-BOS-2024-04-23,3,2024-04-25,CLE,BOS,CLE,Tue
CLE-BOS-2025-04-26,1,2025-04-26,CLE,BOS,CLE,Sat
CLE-BOS-2025-04-26,2,2025-04-27,CLE,BOS,BOS,Sat
TEX-WAS-2022-06-24,1,2022-06-24,TEX,WAS,WAS,Fri
TEX-WAS-2022-06-24,2,2022-06-25,TEX,WAS,TEX,Fri
TEX-WAS-2022-06-24,3,2022-06-26,TEX,WAS,WAS,Fri
WAS-TEX-2023-07-07,1,2023-07-07,WAS,TEX,TEX,Fri
WAS-TEX-2023-07-07,2,2023-07-08,WAS,TEX,WAS,Fri
WAS-TEX-2023-07-07,3,2023-07-09,WAS,TEX,WAS,Fri
TEX-WAS-2024-04-30,1,2024-04-30,TEX,WAS,TEX,Tue
TEX-WAS-2024-04-30,2,2024-05-01,TEX,WAS,WAS,Tue
TEX-WAS-2024-04-30,3,2024-05-02,TEX,WAS,TEX,Tue
WAS-TEX-2025-06-06,1,2025-06-06,WAS,TEX,WAS,Fri
WAS-TEX-2025-06-06,2,2025-06-07,WAS,TEX,TEX,Fri
WAS-TEX-2025-06-06,3,2025-06-08,WAS,TEX,TEX,Fri
MIN-COL-2022-06-24,1,2022-06-24,MIN,COL,COL,Fri
MIN-COL-2022-06-24,2,2022-06-25,MIN,COL,MIN,Fri
MIN-COL-2022-06-24,3,2022-06-26,MIN,COL,MIN,Fri
COL-MIN-2023-09-29,1,2023-09-29,COL,MIN,MIN,Fri
COL-MIN-2023-09-29,2,2023-09-30,COL,MIN,MIN,Fri
COL-MIN-2023-09-29,3,2023-10-01,COL,MIN,COL,Fri
MIN-COL-2024-06-10,1,2024-06-10,MIN,COL,MIN,Mon
MIN-COL-2024-06-10,2,2024-06-11,MIN,COL,COL,Mon
MIN-COL-2024-06-10,3,2024-06-12,MIN,COL,MIN,Mon
COL-MIN-2025-07-18,1,2025-07-18,COL,MIN,COL,Fri
COL-MIN-2025-07-18,2,2025-07-19,COL,MIN,COL,Fri
COL-MIN-2025-07-18,3,2025-07-20,COL,MIN,MIN,Fri
MIL-TOR-2022-06-24,1,2022-06-24,MIL,TOR,TOR,Fri
MIL-TOR-2022-06-24,2,2022-06-25,MIL,TOR,MIL,Fri
MIL-TOR-2022-06-24,3,2022-06-26,MIL,TOR,MIL,Fri
TOR-MIL-2023-05-30,1,2023-05-30,TOR,MIL,TOR,Tue
TOR-MIL-2023-05-30,2,2023-05-31,TOR,MIL,MIL,Tue
TOR-MIL-2023-05-30,3,2023-06-01,TOR,MIL,TOR,Tue
MIL-TOR-2024-06-10,1,2024-06-10,MIL,TOR,MIL,Mon
MIL-TOR-2024-06-10,2,2024-06-11,MIL,TOR,TOR,Mon
MIL-TOR-2024-06-10,3,2024-06-12,MIL,TOR,MIL,Mon
ARI-DET-2022-06-24,1,2022-06-24,ARI,DET,DET,Fri
ARI-DET-2022-06-24,2,2022-06-25,ARI,DET,DET,Fri
ARI-DET-2022-06-24,3,2022-06-26,ARI,DET,ARI,Fri
DET-ARI-2023-06-09,1,2023-06-09,DET,ARI,ARI,Fri
DET-ARI-2023-06-09,2,2023-06-10,DET,ARI,ARI,Fri
DET-ARI-2023-06-09,3,2023-06-11,DET,ARI,ARI,Fri
TB-MIL-2022-06-28,1,2022-06-28,TB,MIL,MIL,Tue
TB-MIL-2022-06-28,2,2022-06-29,TB,MIL,MIL,Tue
MIL-TB-2022-08-09,1,2022-08-09,MIL,TB,MIL,Tue
MIL-TB-2022-08-09,2,2022-08-10,MIL,TB,MIL,Tue
TB-MIL-2023-05-19,1,2023-05-19,TB,MIL,TB,Fri
TB-MIL-2023-05-19,2,2023-05-20,TB,MIL,TB,Fri
TB-MIL-2023-05-19,3,2023-05-21,TB,MIL,MIL,Fri
MIL-TB-2024-04-29,1,2024-04-29,MIL,TB,TB,Mon
MIL-TB-2024-04-29,2,2024-04-30,MIL,TB,MIL,Mon
MIL-TB-2024-04-29,3,2024-05-01,MIL,TB,MIL,Mon
TB-MIL-2025-05-09,1,2025-05-09,TB,MIL,TB,Fri
TB-MIL-2025-05-09,2,2025-05-10,TB,MIL,TB,Fri
TB-MIL-2025-05-09,3,2025-05-11,TB,MIL,MIL,Fri
SF-DET-2022-06-28,1,2022-06-28,SF,DET,SF,Tue
SF-DET-2022-06-28,2,2022-06-29,SF,DET,DET,Tue
DET-SF-2022-08-23,1,2022-08-23,DET,SF,SF,Tue
DET-SF-2022-08-23,2,2022-08-24,DET,SF,DET,Tue
DET-SF-2023-04-14,1,2023-04-14,DET,SF,DET,Fri
DET-SF-2023-04-14,2,2023-04-15,DET,SF,DET,Fri
DET-SF-2023-07-24,1,2023-07-24,DET,SF,DET,Mon
SF-DET-2024-08-09,1,2024-08-09,SF,DET,SF,Fri
SF-DET-2024-08-09,2,2024-08-10,SF,DET,SF,Fri
SF-DET-2024-08-09,3,2024-08-11,SF,DET,DET,Fri
DET-SF-2025-05-26,1,2025-05-26,DET,SF,DET,Mon
DET-SF-2025-05-26,2,2025-05-27,DET,SF,DET,Mon
DET-SF-2025-05-26,3,2025-05-28,DET,SF,DET,Mon
CHC-BOS-2022-07-01,1,2022-07-01,CHC,BOS,CHC,Fri
CHC-BOS-2022-07-01,2,2022-07-02,CHC,BOS,CHC,Fri
CHC-BOS-2022-07-01,3,2022-07-03,CHC,BOS,BOS,Fri
CHC-BOS-2023-07-14,1,2023-07-14,CHC,BOS,BOS,Fri
CHC-BOS-2023-07-14,2,2023-07-15,CHC,BOS,CHC,Fri
CHC-BOS-2023-07-14,3,2023-07-16,CHC,BOS,BOS,Fri
BOS-CHC-2024-04-26,1,2024-04-26,BOS,CHC,CHC,Fri
BOS-CHC-2024-04-26,2,2024-04-27,BOS,CHC,BOS,Fri
BOS-CHC-2024-04-26,3,2024-04-28,BOS,CHC,BOS,Fri
CHC-BOS-2025-07-18,1,2025-07-18,CHC,BOS,CHC,Fri
CHC-BOS-2025-07-18,2,2025-07-19,CHC,BOS,CHC,Fri
CHC-BOS-2025-07-18,3,2025-07-20,CHC,BOS,BOS,Fri
NYM-TEX-2022-07-01,1,2022-07-01,NYM,TEX,NYM,Fri
NYM-TEX-2022-07-01,2,2022-07-02,NYM,TEX,TEX,Fri
NYM-TEX-2022-07-01,3,2022-07-03,NYM,TEX,NYM,Fri
NYM-TEX-2023-08-28,1,2023-08-28,NYM,TEX,TEX,Mon
NYM-TEX-2023-08-28,2,2023-08-29,NYM,TEX,TEX,Mon
NYM-TEX-2023-08-28,3,2023-08-30,NYM,TEX,NYM,Mon
TEX-NYM-2024-06-17,1,2024-06-17,TEX,NYM,NYM,Mon
TEX-NYM-2024-06-17,2,2024-06-18,TEX,NYM,NYM,Mon
TEX-NYM-2024-06-17,3,2024-06-19,TEX,NYM,TEX,Mon
SF-CHW-2022-07-01,1,2022-07-01,SF,CHW,CHW,Fri
SF-CHW-2022-07-01,2,2022-07-02,SF,CHW,CHW,Fri
SF-CHW-2022-07-01,3,2022-07-03,SF,CHW,CHW,Fri
CHW-SF-2023-04-03,1,2023-04-03,CHW,SF,SF,Mon
CHW-SF-2023-04-03,2,2023-04-05,CHW,SF,CHW,Mon
CHW-SF-2023-04-03,3,2023-04-06,CHW,SF,SF,Mon
SF-CHW-2024-08-19,1,2024-08-19,SF,CHW,SF,Mon
SF-CHW-2024-08-19,2,2024-08-20,SF,CHW,SF,Mon
SF-CHW-2024-08-19,3,2024-08-21,SF,CHW,CHW,Mon
CHW-SF-2025-06-27,1,2025-06-27,CHW,SF,SF,Fri
CHW-SF-2025-06-27,2,2025-06-28,CHW,SF,CHW,Fri
CHW-SF-2025-06-27,3,2025-06-29,CHW,SF,CHW,Fri
PIT-NYY-2022-07-05,1,2022-07-05,PIT,NYY,PIT,Tue
PIT-NYY-2022-07-05,2,2022-07-06,PIT,NYY,NYY,Tue
NYY-PIT-2022-09-20,1,2022-09-20,NYY,PIT,NYY,Tue
NYY-PIT-2022-09-20,2,2022-09-21,NYY,PIT,NYY,Tue
PIT-NYY-2023-09-15,1,2023-09-15,PIT,NYY,NYY,Fri
PIT-NYY-2023-09-15,2,2023-09-16,PIT,NYY,NYY,Fri
PIT-NYY-2023-09-15,3,2023-09-17,PIT,NYY,PIT,Fri
NYY-PIT-2024-09-27,1,2024-09-27,NYY,PIT,PIT,Fri
NYY-PIT-2024-09-27,2,2024-09-28,NYY,PIT,PIT,Fri
NYY-PIT-2024-09-27,3,2024-09-29,NYY,PIT,NYY,Fri
PIT-NYY-2025-04-04,1,2025-04-04,PIT,NYY,NYY,Fri
PIT-NYY-2025-04-04,2,2025-04-05,PIT,NYY,NYY,Fri
PIT-NYY-2025-04-04,3,2025-04-06,PIT,NYY,PIT,Fri
CIN-TB-2022-07-08,1,2022-07-08,CIN,TB,CIN,Fri
CIN-TB-2022-07-08,2,2022-07-09,CIN,TB,CIN,Fri
CIN-TB-2022-07-08,3,2022-07-10,CIN,TB,CIN,Fri
CIN-TB-2023-04-17,1,2023-04-17,CIN,TB,CIN,Mon
CIN-TB-2023-04-17,2,2023-04-18,CIN,TB,TB,Mon
CIN-TB-2023-04-17,3,2023-04-19,CIN,TB,TB,Mon
TB-CIN-2024-07-26,1,2024-07-26,TB,CIN,CIN,Fri
TB-CIN-2024-07-26,2,2024-07-27,TB,CIN,TB,Fri
TB-CIN-2024-07-26,3,2024-07-28,TB,CIN,TB,Fri
CIN-TB-2025-07-25,1,2025-07-25,CIN,TB,CIN,Fri
CIN-TB-2025-07-25,2,2025-07-26,CIN,TB,CIN,Fri
CIN-TB-2025-07-25,3,2025-07-27,CIN,TB,CIN,Fri
NYY-CIN-2022-07-12,1,2022-07-12,NYY,CIN,CIN,Tue
NYY-CIN-2022-07-12,2,2022-07-13,NYY,CIN,NYY,Tue
NYY-CIN-2022-07-12,3,2022-07-14,NYY,CIN,CIN,Tue
CIN-NYY-2023-05-19,1,2023-05-19,CIN,NYY,NYY,Fri
CIN-NYY-2023-05-19,2,2023-05-20,CIN,NYY,NYY,Fri
CIN-NYY-2023-05-19,3,2023-05-21,CIN,NYY,NYY,Fri
NYY-CIN-2024-07-02,1,2024-07-02,NYY,CIN,CIN,Tue
NYY-CIN-2024-07-02,2,2024-07-03,NYY,CIN,CIN,Tue
NYY-CIN-2024-07-02,3,2024-07-04,NYY,CIN,CIN,Tue
CIN-NYY-2025-06-23,1,2025-06-23,CIN,NYY,CIN,Mon
CIN-NYY-2025-06-23,2,2025-06-24,CIN,NYY,CIN,Mon
CIN-NYY-2025-06-23,3,2025-06-25,CIN,NYY,NYY,Mon
WAS-SEA-2022-07-13,1,2022-07-13,WAS,SEA,SEA,Wed
SEA-WAS-2022-08-23,1,2022-08-23,SEA,WAS,SEA,Tue
SEA-WAS-2022-08-23,2,2022-08-24,SEA,WAS,WAS,Tue
SEA-WAS-2023-06-26,1,2023-06-26,SEA,WAS,SEA,Mon
SEA-WAS-2023-06-26,2,2023-06-27,SEA,WAS,WAS,Mon
SEA-WAS-2023-06-26,3,2023-06-28,SEA,WAS,WAS,Mon
WAS-SEA-2024-05-24,1,2024-05-24,WAS,SEA,WAS,Fri
WAS-SEA-2024-05-24,2,2024-05-25,WAS,SEA,WAS,Fri
WAS-SEA-2024-05-24,3,2024-05-26,WAS,SEA,SEA,Fri
SEA-WAS-2025-05-27,1,2025-05-27,SEA,WAS,SEA,Tue
SEA-WAS-2025-05-27,2,2025-05-28,SEA,WAS,WAS,Tue
SEA-WAS-2025-05-27,3,2025-05-29,SEA,WAS,WAS,Tue
MIA-TEX-2022-07-21,1,2022-07-21,MIA,TEX,TEX,Thu
MIA-TEX-2022-09-12,1,2022-09-12,MIA,TEX,TEX,Mon
TEX-MIA-2023-08-04,1,2023-08-04,TEX,MIA,TEX,Fri
TEX-MIA-2023-08-04,2,2023-08-05,TEX,MIA,TEX,Fri
TEX-MIA-2023-08-04,3,2023-08-06,TEX,MIA,TEX,Fri
MIA-TEX-2024-05-31,1,2024-05-31,MIA,TEX,MIA,Fri
MIA-TEX-2024-05-31,2,2024-06-01,MIA,TEX,TEX,Fri
MIA-TEX-2024-05-31,3,2024-06-02,MIA,TEX,TEX,Fri
ATL-LAA-2022-07-22,1,2022-07-22,ATL,LAA,ATL,Fri
ATL-LAA-2022-07-22,2,2022-07-23,ATL,LAA,ATL,Fri
ATL-LAA-2022-07-22,3,2022-07-24,ATL,LAA,LAA,Fri
ATL-LAA-2023-07-31,1,2023-07-31,ATL,LAA,LAA,Mon
ATL-LAA-2023-07-31,2,2023-08-01,ATL,LAA,ATL,Mon
ATL-LAA-2023-07-31,3,2023-08-02,ATL,LAA,ATL,Mon
LAA-ATL-2024-08-16,1,2024-08-16,LAA,ATL,LAA,Fri
LAA-ATL-2024-08-16,2,2024-08-17,LAA,ATL,ATL,Fri
LAA-ATL-2024-08-16,3,2024-08-18,LAA,ATL,ATL,Fri
ATL-LAA-2025-07-01,1,2025-07-01,ATL,LAA,LAA,Tue
ATL-LAA-2025-07-01,2,2025-07-02,ATL,LAA,ATL,Tue
ATL-LAA-2025-07-01,3,2025-07-03,ATL,LAA,LAA,Tue
DET-SD-2022-07-25,1,2022-07-25,DET,SD,DET,Mon
DET-SD-2022-07-25,2,2022-07-26,DET,SD,SD,Mon
DET-SD-2022-07-25,3,2022-07-27,DET,SD,DET,Mon
DET-SD-2023-07-21,1,2023-07-21,DET,SD,SD,Fri
DET-SD-2023-07-21,2,2023-07-22,DET,SD,SD,Fri
DET-SD-2023-07-21,3,2023-07-23,DET,SD,DET,Fri
SD-DET-2024-09-02,1,2024-09-02,SD,DET,SD,Mon
SD-DET-2024-09-02,2,2024-09-04,SD,DET,SD,Mon
SD-DET-2024-09-02,3,2024-09-05,SD,DET,DET,Mon
DET-SD-2025-04-21,1,2025-04-21,DET,SD,DET,Mon
DET-SD-2025-04-21,2,2025-04-22,DET,SD,SD,Mon
DET-SD-2025-04-21,3,2025-04-23,DET,SD,DET,Mon
COL-CHW-2022-07-26,1,2022-07-26,COL,CHW,CHW,Tue
COL-CHW-2022-07-26,2,2022-07-27,COL,CHW,COL,Tue
CHW-COL-2022-09-13,1,2022-09-13,CHW,COL,CHW,Tue
CHW-COL-2022-09-13,2,2022-09-14,CHW,COL,COL,Tue
COL-CHW-2023-08-18,1,2023-08-18,COL,CHW,COL,Fri
COL-CHW-2023-08-18,2,2023-08-19,COL,CHW,COL,Fri
COL-CHW-2023-08-18,3,2023-08-20,COL,CHW,CHW,Fri
CHW-COL-2024-06-28,1,2024-06-28,CHW,COL,CHW,Fri
CHW-COL-2024-06-28,2,2024-06-29,CHW,COL,CHW,Fri
CHW-COL-2024-06-28,3,2024-06-30,CHW,COL,COL,Fri
COL-CHW-2025-07-04,1,2025-07-04,COL,CHW,CHW,Fri
COL-CHW-2025-07-04,2,2025-07-05,COL,CHW,CHW,Fri
COL-CHW-2025-07-04,3,2025-07-06,COL,CHW,COL,Fri
CIN-BAL-2022-07-29,1,2022-07-29,CIN,BAL,BAL,Fri
CIN-BAL-2022-07-29,2,2022-07-30,CIN,BAL,CIN,Fri
CIN-BAL-2022-07-29,3,2022-07-31,CIN,BAL,CIN,Fri
BAL-CIN-2023-06-26,1,2023-06-26,BAL,CIN,BAL,Mon
BAL-CIN-2023-06-26,2,2023-06-27,BAL,CIN,CIN,Mon
BAL-CIN-2023-06-26,3,2023-06-28,BAL,CIN,CIN,Mon
CIN-BAL-2024-05-03,1,2024-05-03,CIN,BAL,BAL,Fri
CIN-BAL-2024-05-03,2,2024-05-04,CIN,BAL,BAL,Fri
CIN-BAL-2024-05-03,3,2024-05-05,CIN,BAL,BAL,Fri
BAL-CIN-2025-04-18,1,2025-04-18,BAL,CIN,CIN,Fri
BAL-CIN-2025-04-18,2,2025-04-19,BAL,CIN,BAL,Fri
BAL-CIN-2025-04-18,3,2025-04-20,BAL,CIN,CIN,Fri
TB-CLE-2022-07-29,1,2022-07-29,TB,CLE,CLE,Fri
TB-CLE-2022-07-29,2,2022-07-30,TB,CLE,TB,Fri
TB-CLE-2022-07-29,3,2022-07-31,TB,CLE,CLE,Fri
CLE-TB-2022-09-27,1,2022-09-27,CLE,TB,TB,Tue
CLE-TB-2022-09-27,2,2022-09-28,CLE,TB,CLE,Tue
CLE-TB-2022-09-27,3,2022-09-29,CLE,TB,CLE,Tue
TB-CLE-2023-08-11,1,2023-08-11,TB,CLE,TB,Fri
TB-CLE-2023-08-11,2,2023-08-12,TB,CLE,TB,Fri
TB-CLE-2023-08-11,3,2023-08-13,TB,CLE,CLE,Fri
CLE-TB-2023-09-01,1,2023-09-01,CLE,TB,CLE,Fri
CLE-TB-2023-09-01,2,2023-09-02,CLE,TB,CLE,Fri
CLE-TB-2023-09-01,3,2023-09-03,CLE,TB,TB,Fri
TB-CLE-2024-07-12,1,2024-07-12,TB,CLE,TB,Fri
TB-CLE-2024-07-12,2,2024-07-13,TB,CLE,CLE,Fri
TB-CLE-2024-07-12,3,2024-07-14,TB,CLE,TB,Fri
CLE-TB-2024-09-12,1,2024-09-12,CLE,TB,TB,Thu
CLE-TB-2024-09-12,2,2024-09-13,CLE,TB,TB,Thu
CLE-TB-2024-09-12,3,2024-09-14,CLE,TB,CLE,Thu
CLE-TB-2024-09-12,4,2024-09-15,CLE,TB,CLE,Thu
BOS-MIL-2022-07-29,1,2022-07-29,BOS,MIL,MIL,Fri
BOS-MIL-2022-07-29,2,2022-07-30,BOS,MIL,MIL,Fri
BOS-MIL-2022-07-29,3,2022-07-31,BOS,MIL,BOS,Fri
MIL-BOS-2023-04-21,1,2023-04-21,MIL,BOS,BOS,Fri
MIL-BOS-2023-04-21,2,2023-04-22,MIL,BOS,MIL,Fri
MIL-BOS-2023-04-21,3,2023-04-23,MIL,BOS,BOS,Fri
BOS-MIL-2024-05-24,1,2024-05-24,BOS,MIL,MIL,Fri
BOS-MIL-2024-05-24,2,2024-05-25,BOS,MIL,MIL,Fri
BOS-MIL-2024-05-24,3,2024-05-26,BOS,MIL,BOS,Fri
MIL-BOS-2025-05-26,1,2025-05-26,MIL,BOS,MIL,Mon
MIL-BOS-2025-05-26,2,2025-05-27,MIL,BOS,MIL,Mon
MIL-BOS-2025-05-26,3,2025-05-28,MIL,BOS,MIL,Mon
SD-MIN-2022-07-29,1,2022-07-29,SD,MIN,SD,Fri
SD-MIN-2022-07-29,2,2022-07-30,SD,MIN,MIN,Fri
SD-MIN-2022-07-29,3,2022-07-31,SD,MIN,SD,Fri
MIN-SD-2023-05-09,1,2023-05-09,MIN,SD,SD,Tue
MIN-SD-2023-05-09,2,2023-05-10,MIN,SD,MIN,Tue
MIN-SD-2023-05-09,3,2023-05-11,MIN,SD,MIN,Tue
SD-MIN-2024-08-19,1,2024-08-19,SD,MIN,SD,Mon
SD-MIN-2024-08-19,2,2024-08-20,SD,MIN,SD,Mon
SD-MIN-2024-08-19,3,2024-08-21,SD,MIN,MIN,Mon
CLE-ARI-2022-08-01,1,2022-08-01,CLE,ARI,CLE,Mon
CLE-ARI-2022-08-01,2,2022-08-02,CLE,ARI,ARI,Mon
CLE-ARI-2022-08-01,3,2022-08-03,CLE,ARI,CLE,Mon
ARI-CLE-2023-06-16,1,2023-06-16,ARI,CLE,ARI,Fri
ARI-CLE-2023-06-16,2,2023-06-17,ARI,CLE,ARI,Fri
ARI-CLE-2023-06-16,3,2023-06-18,ARI,CLE,CLE,Fri
BAL-PIT-2022-08-05,1,2022-08-05,BAL,PIT,BAL,Fri
BAL-PIT-2022-08-05,2,2022-08-06,BAL,PIT,BAL,Fri
BAL-PIT-2022-08-05,3,2022-08-07,BAL,PIT,PIT,Fri
BAL-PIT-2023-05-12,1,2023-05-12,BAL,PIT,BAL,Fri
BAL-PIT-2023-05-12,2,2023-05-13,BAL,PIT,BAL,Fri
BAL-PIT-2023-05-12,3,2023-05-14,BAL,PIT,PIT,Fri
PIT-BAL-2024-04-05,1,2024-04-05,PIT,BAL,BAL,Fri
PIT-BAL-2024-04-05,2,2024-04-06,PIT,BAL,PIT,Fri
PIT-BAL-2024-04-05,3,2024-04-07,PIT,BAL,PIT,Fri
STL-NYY-2022-08-05,1,2022-08-05,STL,NYY,STL,Fri
STL-NYY-2022-08-05,2,2022-08-06,STL,NYY,STL,Fri
STL-NYY-2022-08-05,3,2022-08-07,STL,NYY,STL,Fri
STL-NYY-2023-07-01,1,2023-07-01,STL,NYY,STL,Sat
STL-NYY-2023-07-01,2,2023-07-02,STL,NYY,STL,Sat
NYY-STL-2024-08-30,1,2024-08-30,NYY,STL,NYY,Fri
NYY-STL-2024-08-30,2,2024-08-31,NYY,STL,STL,Fri
NYY-STL-2024-08-30,3,2024-09-01,NYY,STL,STL,Fri
STL-NYY-2025-08-15,1,2025-08-15,STL,NYY,NYY,Fri
STL-NYY-2025-08-15,2,2025-08-16,STL,NYY,NYY,Fri
KC-LAD-2022-08-12,1,2022-08-12,KC,LAD,LAD,Fri
KC-LAD-2022-08-12,2,2022-08-13,KC,LAD,LAD,Fri
KC-LAD-2022-08-12,3,2022-08-14,KC,LAD,KC,Fri
KC-LAD-2023-06-30,1,2023-06-30,KC,LAD,LAD,Fri
KC-LAD-2023-06-30,2,2023-07-01,KC,LAD,KC,Fri
KC-LAD-2023-06-30,3,2023-07-02,KC,LAD,KC,Fri
LAD-KC-2024-06-14,1,2024-06-14,LAD,KC,LAD,Fri
LAD-KC-2024-06-14,2,2024-06-15,LAD,KC,KC,Fri
LAD-KC-2024-06-14,3,2024-06-16,LAD,KC,LAD,Fri
KC-LAD-2025-06-27,1,2025-06-27,KC,LAD,LAD,Fri
KC-LAD-2025-06-27,2,2025-06-28,KC,LAD,KC,Fri
KC-LAD-2025-06-27,3,2025-06-29,KC,LAD,LAD,Fri
PIT-BOS-2022-08-16,1,2022-08-16,PIT,BOS,BOS,Tue
PIT-BOS-2022-08-16,2,2022-08-17,PIT,BOS,BOS,Tue
PIT-BOS-2022-08-16,3,2022-08-18,PIT,BOS,PIT,Tue
BOS-PIT-2023-04-03,1,2023-04-03,BOS,PIT,PIT,Mon
BOS-PIT-2023-04-03,2,2023-04-04,BOS,PIT,PIT,Mon
BOS-PIT-2023-04-03,3,2023-04-05,BOS,PIT,PIT,Mon
PIT-BOS-2024-04-19,1,2024-04-19,PIT,BOS,BOS,Fri
PIT-BOS-2024-04-19,2,2024-04-20,PIT,BOS,BOS,Fri
PIT-BOS-2024-04-19,3,2024-04-21,PIT,BOS,BOS,Fri
ATL-HOU-2022-08-19,1,2022-08-19,ATL,HOU,ATL,Fri
ATL-HOU-2022-08-19,2,2022-08-20,ATL,HOU,ATL,Fri
ATL-HOU-2022-08-19,3,2022-08-21,ATL,HOU,HOU,Fri
ATL-HOU-2023-04-21,1,2023-04-21,ATL,HOU,HOU,Fri
ATL-HOU-2023-04-21,2,2023-04-22,ATL,HOU,HOU,Fri
ATL-HOU-2023-04-21,3,2023-04-23,ATL,HOU,HOU,Fri
HOU-ATL-2024-04-15,1,2024-04-15,HOU,ATL,ATL,Mon
HOU-ATL-2024-04-15,2,2024-04-16,HOU,ATL,ATL,Mon
HOU-ATL-2024-04-15,3,2024-04-17,HOU,ATL,ATL,Mon
OAK-MIA-2022-08-22,1,2022-08-22,OAK,MIA,MIA,Mon
OAK-MIA-2022-08-22,2,2022-08-23,OAK,MIA,MIA,Mon
OAK-MIA-2022-08-22,3,2022-08-24,OAK,MIA,OAK,Mon
MIA-OAK-2023-06-02,1,2023-06-02,MIA,OAK,MIA,Fri
MIA-OAK-2023-06-02,2,2023-06-03,MIA,OAK,MIA,Fri
MIA-OAK-2023-06-02,3,2023-06-04,MIA,OAK,MIA,Fri
SEA-CLE-2022-08-25,1,2022-08-25,SEA,CLE,SEA,Thu
SEA-CLE-2022-08-25,2,2022-08-26,SEA,CLE,SEA,Thu
SEA-CLE-2022-08-25,3,2022-08-27,SEA,CLE,CLE,Thu
SEA-CLE-2022-08-25,4,2022-08-28,SEA,CLE,SEA,Thu
CLE-SEA-2022-09-02,1,2022-09-02,CLE,SEA,SEA,Fri
CLE-SEA-2022-09-02,2,2022-09-03,CLE,SEA,SEA,Fri
CLE-SEA-2022-09-02,3,2022-09-04,CLE,SEA,SEA,Fri
SEA-CLE-2023-03-30,1,2023-03-30,SEA,CLE,SEA,Thu
SEA-CLE-2023-03-30,2,2023-03-31,SEA,CLE,CLE,Thu
SEA-CLE-2023-03-30,3,2023-04-01,SEA,CLE,CLE,Thu
SEA-CLE-2023-03-30,4,2023-04-02,SEA,CLE,CLE,Thu
CLE-SEA-2023-04-07,1,2023-04-07,CLE,SEA,SEA,Fri
CLE-SEA-2023-04-07,2,2023-04-08,CLE,SEA,SEA,Fri
CLE-SEA-2023-04-07,3,2023-04-09,CLE,SEA,CLE,Fri
SEA-CLE-2024-04-01,1,2024-04-01,SEA,CLE,SEA,Mon
SEA-CLE-2024-04-01,2,2024-04-02,SEA,CLE,CLE,Mon
SEA-CLE-2024-04-01,3,2024-04-03,SEA,CLE,CLE,Mon
CLE-SEA-2024-06-18,1,2024-06-18,CLE,SEA,SEA,Tue
CLE-SEA-2024-06-18,2,2024-06-19,CLE,SEA,CLE,Tue
CLE-SEA-2024-06-18,3,2024-06-20,CLE,SEA,CLE,Tue
SEA-CLE-2025-06-13,1,2025-06-13,SEA,CLE,SEA,Fri
SEA-CLE-2025-06-13,2,2025-06-14,SEA,CLE,SEA,Fri
SEA-CLE-2025-06-13,3,2025-06-15,SEA,CLE,SEA,Fri
MIN-SF-2022-08-26,1,2022-08-26,MIN,SF,MIN,Fri
MIN-SF-2022-08-26,2,2022-08-27,MIN,SF,MIN,Fri
MIN-SF-2022-08-26,3,2022-08-28,MIN,SF,MIN,Fri
MIN-SF-2023-05-22,1,2023-05-22,MIN,SF,SF,Mon
MIN-SF-2023-05-22,2,2023-05-23,MIN,SF,SF,Mon
MIN-SF-2023-05-22,3,2023-05-24,MIN,SF,MIN,Mon
SF-MIN-2024-07-12,1,2024-07-12,SF,MIN,SF,Fri
SF-MIN-2024-07-12,2,2024-07-13,SF,MIN,MIN,Fri
SF-MIN-2024-07-12,3,2024-07-14,SF,MIN,SF,Fri
MIN-SF-2025-05-09,1,2025-05-09,MIN,SF,MIN,Fri
MIN-SF-2025-05-09,2,2025-05-10,MIN,SF,MIN,Fri
MIN-SF-2025-05-09,3,2025-05-11,MIN,SF,MIN,Fri
CHW-ARI-2022-08-26,1,2022-08-26,CHW,ARI,ARI,Fri
CHW-ARI-2022-08-26,2,2022-08-27,CHW,ARI,ARI,Fri
CHW-ARI-2022-08-26,3,2022-08-28,CHW,ARI,ARI,Fri
CHW-ARI-2023-09-26,1,2023-09-26,CHW,ARI,ARI,Tue
CHW-ARI-2023-09-26,2,2023-09-27,CHW,ARI,ARI,Tue
CHW-ARI-2023-09-26,3,2023-09-28,CHW,ARI,CHW,Tue
KC-SD-2022-08-26,1,2022-08-26,KC,SD,SD,Fri
KC-SD-2022-08-26,2,2022-08-27,KC,SD,SD,Fri
KC-SD-2022-08-26,3,2022-08-28,KC,SD,KC,Fri
SD-KC-2023-05-15,1,2023-05-15,SD,KC,SD,Mon
SD-KC-2023-05-15,2,2023-05-16,SD,KC,KC,Mon
SD-KC-2023-05-15,3,2023-05-17,SD,KC,KC,Mon
KC-SD-2024-05-31,1,2024-05-31,KC,SD,SD,Fri
KC-SD-2024-05-31,2,2024-06-01,KC,SD,SD,Fri
KC-SD-2024-05-31,3,2024-06-02,KC,SD,KC,Fri
SD-KC-2025-06-20,1,2025-06-20,SD,KC,KC,Fri
SD-KC-2025-06-20,2,2025-06-21,SD,KC,SD,Fri
SD-KC-2025-06-20,3,2025-06-22,SD,KC,SD,Fri
TOR-CHC-2022-08-29,1,2022-08-29,TOR,CHC,TOR,Mon
TOR-CHC-2022-08-29,2,2022-08-30,TOR,CHC,TOR,Mon
TOR-CHC-2022-08-29,3,2022-08-31,TOR,CHC,CHC,Mon
TOR-CHC-2023-08-11,1,2023-08-11,TOR,CHC,CHC,Fri
TOR-CHC-2023-08-11,2,2023-08-12,TOR,CHC,CHC,Fri
TOR-CHC-2023-08-11,3,2023-08-13,TOR,CHC,TOR,Fri
CHC-TOR-2024-08-16,1,2024-08-16,CHC,TOR,CHC,Fri
CHC-TOR-2024-08-16,2,2024-08-17,CHC,TOR,CHC,Fri
CHC-TOR-2024-08-16,3,2024-08-18,CHC,TOR,TOR,Fri
TOR-CHC-2025-08-12,1,2025-08-12,TOR,CHC,TOR,Tue
TOR-CHC-2025-08-12,2,2025-08-13,TOR,CHC,CHC,Tue
TOR-CHC-2025-08-12,3,2025-08-14,TOR,CHC,TOR,Tue
WAS-OAK-2022-08-30,1,2022-08-30,WAS,OAK,OAK,Tue
WAS-OAK-2022-08-30,2,2022-08-31,WAS,OAK,WAS,Tue
WAS-OAK-2022-08-30,3,2022-09-01,WAS,OAK,WAS,Tue
WAS-OAK-2023-08-11,1,2023-08-11,WAS,OAK,WAS,Fri
WAS-OAK-2023-08-11,2,2023-08-12,WAS,OAK,WAS,Fri
WAS-OAK-2023-08-11,3,2023-08-13,WAS,OAK,WAS,Fri
PIT-TOR-2022-09-02,1,2022-09-02,PIT,TOR,TOR,Fri
PIT-TOR-2022-09-02,2,2022-09-03,PIT,TOR,TOR,Fri
PIT-TOR-2022-09-02,3,2022-09-04,PIT,TOR,TOR,Fri
PIT-TOR-2023-05-05,1,2023-05-05,PIT,TOR,TOR,Fri
PIT-TOR-2023-05-05,2,2023-05-06,PIT,TOR,TOR,Fri
PIT-TOR-2023-05-05,3,2023-05-07,PIT,TOR,TOR,Fri
TOR-PIT-2024-05-31,1,2024-05-31,TOR,PIT,TOR,Fri
TOR-PIT-2024-05-31,2,2024-06-01,TOR,PIT,PIT,Fri
TOR-PIT-2024-05-31,3,2024-06-02,TOR,PIT,TOR,Fri
SEA-ATL-2022-09-09,1,2022-09-09,SEA,ATL,ATL,Fri
SEA-ATL-2022-09-09,2,2022-09-10,SEA,ATL,SEA,Fri
SEA-ATL-2022-09-09,3,2022-09-11,SEA,ATL,SEA,Fri
ATL-SEA-2023-05-19,1,2023-05-19,ATL,SEA,ATL,Fri
ATL-SEA-2023-05-19,2,2023-05-20,ATL,SEA,SEA,Fri
ATL-SEA-2023-05-19,3,2023-05-21,ATL,SEA,ATL,Fri
SEA-ATL-2024-04-29,1,2024-04-29,SEA,ATL,SEA,Mon
SEA-ATL-2024-04-29,2,2024-04-30,SEA,ATL,SEA,Mon
SEA-ATL-2024-04-29,3,2024-05-01,SEA,ATL,ATL,Mon
MIL-NYY-2022-09-16,1,2022-09-16,MIL,NYY,MIL,Fri
MIL-NYY-2022-09-16,2,2022-09-17,MIL,NYY,MIL,Fri
MIL-NYY-2022-09-16,3,2022-09-18,MIL,NYY,NYY,Fri
NYY-MIL-2023-09-08,1,2023-09-08,NYY,MIL,MIL,Fri
NYY-MIL-2023-09-08,2,2023-09-09,NYY,MIL,MIL,Fri
NYY-MIL-2023-09-08,3,2023-09-10,NYY,MIL,NYY,Fri
MIL-NYY-2024-04-26,1,2024-04-26,MIL,NYY,MIL,Fri
MIL-NYY-2024-04-26,2,2024-04-27,MIL,NYY,NYY,Fri
MIL-NYY-2024-04-26,3,2024-04-28,MIL,NYY,NYY,Fri
NYY-MIL-2025-03-27,1,2025-03-27,NYY,MIL,NYY,Thu
NYY-MIL-2025-03-27,2,2025-03-29,NYY,MIL,NYY,Thu
NYY-MIL-2025-03-27,3,2025-03-30,NYY,MIL,NYY,Thu
OAK-NYM-2022-09-23,1,2022-09-23,OAK,NYM,NYM,Fri
OAK-NYM-2022-09-23,2,2022-09-24,OAK,NYM,OAK,Fri
OAK-NYM-2022-09-23,3,2022-09-25,OAK,NYM,NYM,Fri
OAK-NYM-2023-04-14,1,2023-04-14,OAK,NYM,NYM,Fri
OAK-NYM-2023-04-14,2,2023-04-15,OAK,NYM,NYM,Fri
OAK-NYM-2023-04-14,3,2023-04-16,OAK,NYM,NYM,Fri
SD-CHW-2022-09-30,1,2022-09-30,SD,CHW,CHW,Fri
SD-CHW-2022-09-30,2,2022-10-01,SD,CHW,SD,Fri
SD-CHW-2022-09-30,3,2022-10-02,SD,CHW,CHW,Fri
CHW-SD-2023-09-29,1,2023-09-29,CHW,SD,SD,Fri
CHW-SD-2023-09-29,2,2023-09-30,CHW,SD,SD,Fri
CHW-SD-2023-09-29,3,2023-10-01,CHW,SD,SD,Fri
SD-CHW-2024-09-20,1,2024-09-20,SD,CHW,SD,Fri
SD-CHW-2024-09-20,2,2024-09-21,SD,CHW,SD,Fri
SD-CHW-2024-09-20,3,2024-09-22,SD,CHW,SD,Fri
HOU-PHI-2022-10-03,1,2022-10-03,HOU,PHI,PHI,Mon
HOU-PHI-2022-10-03,2,2022-10-04,HOU,PHI,HOU,Mon
HOU-PHI-2022-10-03,3,2022-10-05,HOU,PHI,HOU,Mon
HOU-PHI-2023-04-28,1,2023-04-28,HOU,PHI,PHI,Fri
HOU-PHI-2023-04-28,2,2023-04-29,HOU,PHI,PHI,Fri
HOU-PHI-2023-04-28,3,2023-04-30,HOU,PHI,HOU,Fri
PHI-HOU-2024-08-26,1,2024-08-26,PHI,HOU,PHI,Mon
PHI-HOU-2024-08-26,2,2024-08-27,PHI,HOU,PHI,Mon
PHI-HOU-2024-08-26,3,2024-08-28,PHI,HOU,HOU,Mon
HOU-PHI-2025-06-24,1,2025-06-24,HOU,PHI,HOU,Tue
HOU-PHI-2025-06-24,2,2025-06-25,HOU,PHI,HOU,Tue
HOU-PHI-2025-06-24,3,2025-06-26,HOU,PHI,HOU,Tue
NYY-SF-2023-03-30,1,2023-03-30,NYY,SF,NYY,Thu
NYY-SF-2023-03-30,2,2023-04-01,NYY,SF,SF,Thu
NYY-SF-2023-03-30,3,2023-04-02,NYY,SF,NYY,Thu
SF-NYY-2024-05-31,1,2024-05-31,SF,NYY,NYY,Fri
SF-NYY-2024-05-31,2,2024-06-01,SF,NYY,NYY,Fri
SF-NYY-2024-05-31,3,2024-06-02,SF,NYY,NYY,Fri
NYY-SF-2025-04-11,1,2025-04-11,NYY,SF,SF,Fri
NYY-SF-2025-04-11,2,2025-04-12,NYY,SF,NYY,Fri
NYY-SF-2025-04-11,3,2025-04-13,NYY,SF,SF,Fri
MIA-MIN-2023-04-03,1,2023-04-03,MIA,MIN,MIN,Mon
MIA-MIN-2023-04-03,2,2023-04-04,MIA,MIN,MIA,Mon
MIA-MIN-2023-04-03,3,2023-04-05,MIA,MIN,MIA,Mon
MIN-MIA-2024-09-24,1,2024-09-24,MIN,MIA,MIA,Tue
MIN-MIA-2024-09-24,2,2024-09-25,MIN,MIA,MIN,Tue
MIN-MIA-2024-09-24,3,2024-09-26,MIN,MIA,MIA,Tue
MIA-MIN-2025-07-01,1,2025-07-01,MIA,MIN,MIA,Tue
MIA-MIN-2025-07-01,2,2025-07-02,MIA,MIN,MIN,Tue
MIA-MIN-2025-07-01,3,2025-07-03,MIA,MIN,MIA,Tue
CHC-TEX-2023-04-07,1,2023-04-07,CHC,TEX,CHC,Fri
CHC-TEX-2023-04-07,2,2023-04-08,CHC,TEX,CHC,Fri
CHC-TEX-2023-04-07,3,2023-04-09,CHC,TEX,TEX,Fri
TEX-CHC-2024-03-28,1,2024-03-28,TEX,CHC,TEX,Thu
TEX-CHC-2024-03-28,2,2024-03-30,TEX,CHC,TEX,Thu
TEX-CHC-2024-03-28,3,2024-03-31,TEX,CHC,CHC,Thu
CHC-TEX-2025-04-07,1,2025-04-07,CHC,TEX,CHC,Mon
CHC-TEX-2025-04-07,2,2025-04-08,CHC,TEX,CHC,Mon
CHC-TEX-2025-04-07,3,2025-04-09,CHC,TEX,TEX,Mon
PIT-HOU-2023-04-10,1,2023-04-10,PIT,HOU,HOU,Mon
PIT-HOU-2023-04-10,2,2023-04-11,PIT,HOU,PIT,Mon
PIT-HOU-2023-04-10,3,2023-04-12,PIT,HOU,HOU,Mon
HOU-PIT-2024-07-29,1,2024-07-29,HOU,PIT,PIT,Mon
HOU-PIT-2024-07-29,2,2024-07-30,HOU,PIT,PIT,Mon
HOU-PIT-2024-07-29,3,2024-07-31,HOU,PIT,HOU,Mon
PIT-HOU-2025-06-03,1,2025-06-03,PIT,HOU,HOU,Tue
PIT-HOU-2025-06-03,2,2025-06-04,PIT,HOU,PIT,Tue
PIT-HOU-2025-06-03,3,2025-06-05,PIT,HOU,HOU,Tue
CHC-SEA-2023-04-10,1,2023-04-10,CHC,SEA,CHC,Mon
CHC-SEA-2023-04-10,2,2023-04-11,CHC,SEA,CHC,Mon
CHC-SEA-2023-04-10,3,2023-04-12,CHC,SEA,SEA,Mon
SEA-CHC-2024-04-12,1,2024-04-12,SEA,CHC,SEA,Fri
SEA-CHC-2024-04-12,2,2024-04-13,SEA,CHC,CHC,Fri
SEA-CHC-2024-04-12,3,2024-04-14,SEA,CHC,CHC,Fri
CHC-SEA-2025-06-20,1,2025-06-20,CHC,SEA,SEA,Fri
CHC-SEA-2025-06-20,2,2025-06-21,CHC,SEA,CHC,Fri
CHC-SEA-2025-06-20,3,2025-06-22,CHC,SEA,SEA,Fri
WAS-CLE-2023-04-14,1,2023-04-14,WAS,CLE,CLE,Fri
WAS-CLE-2023-04-14,2,2023-04-15,WAS,CLE,CLE,Fri
WAS-CLE-2023-04-14,3,2023-04-16,WAS,CLE,WAS,Fri
CLE-WAS-2024-05-31,1,2024-05-31,CLE,WAS,CLE,Fri
CLE-WAS-2024-05-31,2,2024-06-01,CLE,WAS,CLE,Fri
CLE-WAS-2024-05-31,3,2024-06-02,CLE,WAS,WAS,Fri
WAS-CLE-2025-05-06,1,2025-05-06,WAS,CLE,WAS,Tue
WAS-CLE-2025-05-06,2,2025-05-07,WAS,CLE,CLE,Tue
KC-ATL-2023-04-14,1,2023-04-14,KC,ATL,ATL,Fri
KC-ATL-2023-04-14,2,2023-04-15,KC,ATL,ATL,Fri
KC-ATL-2023-04-14,3,2023-04-16,KC,ATL,ATL,Fri
ATL-KC-2024-09-27,1,2024-09-27,ATL,KC,ATL,Fri
ATL-KC-2024-09-27,2,2024-09-28,ATL,KC,ATL,Fri
ATL-KC-2024-09-27,3,2024-09-29,ATL,KC,KC,Fri
KC-ATL-2025-07-28,1,2025-07-28,KC,ATL,ATL,Mon
KC-ATL-2025-07-28,2,2025-07-29,KC,ATL,KC,Mon
KC-ATL-2025-07-28,3,2025-07-30,KC,ATL,KC,Mon
SEA-MIL-2023-04-17,1,2023-04-17,SEA,MIL,MIL,Mon
SEA-MIL-2023-04-17,2,2023-04-18,SEA,MIL,MIL,Mon
SEA-MIL-2023-04-17,3,2023-04-19,SEA,MIL,MIL,Mon
MIL-SEA-2024-04-05,1,2024-04-05,MIL,SEA,MIL,Fri
MIL-SEA-2024-04-05,2,2024-04-06,MIL,SEA,SEA,Fri
MIL-SEA-2024-04-05,3,2024-04-07,MIL,SEA,MIL,Fri
SEA-MIL-2025-07-21,1,2025-07-21,SEA,MIL,MIL,Mon
SEA-MIL-2025-07-21,2,2025-07-22,SEA,MIL,SEA,Mon
SEA-MIL-2025-07-21,3,2025-07-23,SEA,MIL,MIL,Mon
OAK-CHC-2023-04-17,1,2023-04-17,OAK,CHC,CHC,Mon
OAK-CHC-2023-04-17,2,2023-04-18,OAK,CHC,CHC,Mon
OAK-CHC-2023-04-17,3,2023-04-19,OAK,CHC,CHC,Mon
CHW-PHI-2023-04-18,1,2023-04-18,CHW,PHI,PHI,Tue
CHW-PHI-2023-04-18,2,2023-04-19,CHW,PHI,PHI,Tue
PHI-CHW-2024-04-19,1,2024-04-19,PHI,CHW,PHI,Fri
PHI-CHW-2024-04-19,2,2024-04-20,PHI,CHW,PHI,Fri
PHI-CHW-2024-04-19,3,2024-04-21,PHI,CHW,PHI,Fri
CHW-PHI-2025-07-28,1,2025-07-28,CHW,PHI,CHW,Mon
CHW-PHI-2025-07-28,2,2025-07-29,CHW,PHI,PHI,Mon
CHW-PHI-2025-07-28,3,2025-07-30,CHW,PHI,CHW,Mon
MIN-WAS-2023-04-21,1,2023-04-21,MIN,WAS,WAS,Fri
MIN-WAS-2023-04-21,2,2023-04-22,MIN,WAS,WAS,Fri
MIN-WAS-2023-04-21,3,2023-04-23,MIN,WAS,MIN,Fri
WAS-MIN-2024-05-20,1,2024-05-20,WAS,MIN,WAS,Mon
WAS-MIN-2024-05-20,2,2024-05-21,WAS,MIN,MIN,Mon
WAS-MIN-2024-05-20,3,2024-05-22,WAS,MIN,MIN,Mon
MIN-WAS-2025-07-25,1,2025-07-25,MIN,WAS,MIN,Fri
MIN-WAS-2025-07-25,2,2025-07-26,MIN,WAS,WAS,Fri
MIN-WAS-2025-07-25,3,2025-07-27,MIN,WAS,WAS,Fri
SEA-STL-2023-04-21,1,2023-04-21,SEA,STL,SEA,Fri
SEA-STL-2023-04-21,2,2023-04-22,SEA,STL,SEA,Fri
SEA-STL-2023-04-21,3,2023-04-23,SEA,STL,STL,Fri
STL-SEA-2024-09-06,1,2024-09-06,STL,SEA,SEA,Fri
STL-SEA-2024-09-06,2,2024-09-07,STL,SEA,STL,Fri
STL-SEA-2024-09-06,3,2024-09-08,STL,SEA,SEA,Fri
CLE-MIA-2023-04-22,1,2023-04-22,CLE,MIA,MIA,Sat
CLE-MIA-2023-04-22,2,2023-04-23,CLE,MIA,CLE,Sat
MIA-CLE-2024-06-07,1,2024-06-07,MIA,CLE,MIA,Fri
MIA-CLE-2024-06-07,2,2024-06-08,MIA,CLE,CLE,Fri
MIA-CLE-2024-06-07,3,2024-06-09,MIA,CLE,CLE,Fri
CLE-MIA-2025-08-12,1,2025-08-12,CLE,MIA,CLE,Tue
CLE-MIA-2025-08-12,2,2025-08-13,CLE,MIA,MIA,Tue
CLE-MIA-2025-08-12,3,2025-08-14,CLE,MIA,CLE,Tue
CIN-TEX-2023-04-24,1,2023-04-24,CIN,TEX,CIN,Mon
CIN-TEX-2023-04-24,2,2023-04-25,CIN,TEX,CIN,Mon
CIN-TEX-2023-04-24,3,2023-04-26,CIN,TEX,CIN,Mon
TEX-CIN-2024-04-26,1,2024-04-26,TEX,CIN,TEX,Fri
TEX-CIN-2024-04-26,2,2024-04-27,TEX,CIN,CIN,Fri
TEX-CIN-2024-04-26,3,2024-04-28,TEX,CIN,TEX,Fri
CIN-TEX-2025-03-31,1,2025-03-31,CIN,TEX,CIN,Mon
CIN-TEX-2025-03-31,2,2025-04-01,CIN,TEX,TEX,Mon
CIN-TEX-2025-03-31,3,2025-04-02,CIN,TEX,TEX,Mon
MIL-LAA-2023-04-28,1,2023-04-28,MIL,LAA,MIL,Fri
MIL-LAA-2023-04-28,2,2023-04-29,MIL,LAA,MIL,Fri
MIL-LAA-2023-04-28,3,2023-04-30,MIL,LAA,LAA,Fri
LAA-MIL-2024-06-17,1,2024-06-17,LAA,MIL,LAA,Mon
LAA-MIL-2024-06-17,2,2024-06-18,LAA,MIL,MIL,Mon
LAA-MIL-2024-06-17,3,2024-06-19,LAA,MIL,MIL,Mon
OAK-CIN-2023-04-28,1,2023-04-28,OAK,CIN,CIN,Fri
OAK-CIN-2023-04-28,2,2023-04-29,OAK,CIN,CIN,Fri
OAK-CIN-2023-04-28,3,2023-04-30,OAK,CIN,OAK,Fri
STL-LAA-2023-05-02,1,2023-05-02,STL,LAA,LAA,Tue
STL-LAA-2023-05-02,2,2023-05-03,STL,LAA,LAA,Tue
STL-LAA-2023-05-02,3,2023-05-04,STL,LAA,LAA,Tue
LAA-STL-2024-05-13,1,2024-05-13,LAA,STL,STL,Mon
LAA-STL-2024-05-13,2,2024-05-14,LAA,STL,STL,Mon
LAA-STL-2024-05-13,3,2024-05-15,LAA,STL,LAA,Mon
STL-LAA-2025-03-31,1,2025-03-31,STL,LAA,LAA,Mon
STL-LAA-2025-03-31,2,2025-04-01,STL,LAA,LAA,Mon
STL-LAA-2025-03-31,3,2025-04-02,STL,LAA,STL,Mon
DET-NYM-2023-05-03,1,2023-05-03,DET,NYM,DET,Wed
DET-NYM-2023-05-03,2,2023-05-04,DET,NYM,DET,Wed
NYM-DET-2024-04-01,1,2024-04-01,NYM,DET,DET,Mon
NYM-DET-2024-04-04,1,2024-04-04,NYM,DET,DET,Thu
HOU-CHC-2023-05-15,1,2023-05-15,HOU,CHC,HOU,Mon
HOU-CHC-2023-05-15,2,2023-05-16,HOU,CHC,HOU,Mon
HOU-CHC-2023-05-15,3,2023-05-17,HOU,CHC,HOU,Mon
CHC-HOU-2024-04-23,1,2024-04-23,CHC,HOU,CHC,Tue
CHC-HOU-2024-04-23,2,2024-04-24,CHC,HOU,CHC,Tue
CHC-HOU-2024-04-23,3,2024-04-25,CHC,HOU,CHC,Tue
HOU-CHC-2025-06-27,1,2025-06-27,HOU,CHC,HOU,Fri
HOU-CHC-2025-06-27,2,2025-06-28,HOU,CHC,CHC,Fri
HOU-CHC-2025-06-27,3,2025-06-29,HOU,CHC,HOU,Fri
WAS-DET-2023-05-19,1,2023-05-19,WAS,DET,DET,Fri
WAS-DET-2023-05-19,2,2023-05-20,WAS,DET,WAS,Fri
WAS-DET-2023-05-19,3,2023-05-21,WAS,DET,WAS,Fri
DET-WAS-2024-06-11,1,2024-06-11,DET,WAS,WAS,Tue
DET-WAS-2024-06-11,2,2024-06-12,DET,WAS,WAS,Tue
DET-WAS-2024-06-11,3,2024-06-13,DET,WAS,DET,Tue
WAS-DET-2025-07-02,1,2025-07-02,WAS,DET,DET,Wed
WAS-DET-2025-07-02,2,2025-07-03,WAS,DET,WAS,Wed
NYM-CLE-2023-05-19,1,2023-05-19,NYM,CLE,NYM,Fri
NYM-CLE-2023-05-19,2,2023-05-21,NYM,CLE,NYM,Fri
CLE-NYM-2024-05-20,1,2024-05-20,CLE,NYM,CLE,Mon
CLE-NYM-2024-05-20,2,2024-05-21,CLE,NYM,CLE,Mon
CLE-NYM-2024-05-20,3,2024-05-22,CLE,NYM,CLE,Mon
NYM-CLE-2025-08-04,1,2025-08-04,NYM,CLE,CLE,Mon
NYM-CLE-2025-08-04,2,2025-08-05,NYM,CLE,CLE,Mon
NYM-CLE-2025-08-04,3,2025-08-06,NYM,CLE,CLE,Mon
SD-BOS-2023-05-19,1,2023-05-19,SD,BOS,BOS,Fri
SD-BOS-2023-05-19,2,2023-05-20,SD,BOS,BOS,Fri
SD-BOS-2023-05-19,3,2023-05-21,SD,BOS,SD,Fri
BOS-SD-2024-06-28,1,2024-06-28,BOS,SD,SD,Fri
BOS-SD-2024-06-28,2,2024-06-29,BOS,SD,SD,Fri
BOS-SD-2024-06-28,3,2024-06-30,BOS,SD,BOS,Fri
SD-BOS-2025-08-08,1,2025-08-08,SD,BOS,BOS,Fri
SD-BOS-2025-08-08,2,2025-08-09,SD,BOS,SD,Fri
SD-BOS-2025-08-08,3,2025-08-10,SD,BOS,SD,Fri
PIT-TEX-2023-05-22,1,2023-05-22,PIT,TEX,PIT,Mon
PIT-TEX-2023-05-22,2,2023-05-23,PIT,TEX,TEX,Mon
PIT-TEX-2023-05-22,3,2023-05-24,PIT,TEX,TEX,Mon
TEX-PIT-2024-08-19,1,2024-08-19,TEX,PIT,TEX,Mon
TEX-PIT-2024-08-19,2,2024-08-20,TEX,PIT,PIT,Mon
TEX-PIT-2024-08-19,3,2024-08-21,TEX,PIT,TEX,Mon
PIT-TEX-2025-06-20,1,2025-06-20,PIT,TEX,TEX,Fri
PIT-TEX-2025-06-20,2,2025-06-21,PIT,TEX,TEX,Fri
PIT-TEX-2025-06-20,3,2025-06-22,PIT,TEX,PIT,Fri
MIL-HOU-2023-05-22,1,2023-05-22,MIL,HOU,HOU,Mon
MIL-HOU-2023-05-22,2,2023-05-23,MIL,HOU,MIL,Mon
MIL-HOU-2023-05-22,3,2023-05-24,MIL,HOU,MIL,Mon
HOU-MIL-2024-05-17,1,2024-05-17,HOU,MIL,HOU,Fri
HOU-MIL-2024-05-17,2,2024-05-18,HOU,MIL,MIL,Fri
HOU-MIL-2024-05-17,3,2024-05-19,HOU,MIL,HOU,Fri
MIL-HOU-2025-05-05,1,2025-05-05,MIL,HOU,MIL,Mon
MIL-HOU-2025-05-05,2,2025-05-06,MIL,HOU,MIL,Mon
MIL-HOU-2025-05-05,3,2025-05-07,MIL,HOU,HOU,Mon
TB-LAD-2023-05-26,1,2023-05-26,TB,LAD,TB,Fri
TB-LAD-2023-05-26,2,2023-05-27,TB,LAD,LAD,Fri
TB-LAD-2023-05-26,3,2023-05-28,TB,LAD,TB,Fri
LAD-TB-2024-08-23,1,2024-08-23,LAD,TB,LAD,Fri
LAD-TB-2024-08-23,2,2024-08-24,LAD,TB,TB,Fri
LAD-TB-2024-08-23,3,2024-08-25,LAD,TB,LAD,Fri
TB-LAD-2025-08-01,1,2025-08-01,TB,LAD,LAD,Fri
TB-LAD-2025-08-01,2,2025-08-02,TB,LAD,TB,Fri
TB-LAD-2025-08-01,3,2025-08-03,TB,LAD,LAD,Fri
NYY-SD-2023-05-26,1,2023-05-26,NYY,SD,SD,Fri
NYY-SD-2023-05-26,2,2023-05-27,NYY,SD,NYY,Fri
NYY-SD-2023-05-26,3,2023-05-28,NYY,SD,NYY,Fri
SD-NYY-2024-05-24,1,2024-05-24,SD,NYY,NYY,Fri
SD-NYY-2024-05-24,2,2024-05-25,SD,NYY,NYY,Fri
SD-NYY-2024-05-24,3,2024-05-26,SD,NYY,SD,Fri
NYY-SD-2025-05-05,1,2025-05-05,NYY,SD,SD,Mon
NYY-SD-2025-05-05,2,2025-05-06,NYY,SD,NYY,Mon
NYY-SD-2025-05-05,3,2025-05-07,NYY,SD,NYY,Mon
CLE-STL-2023-05-26,1,2023-05-26,CLE,STL,CLE,Fri
CLE-STL-2023-05-26,2,2023-05-27,CLE,STL,STL,Fri
CLE-STL-2023-05-26,3,2023-05-28,CLE,STL,CLE,Fri
STL-CLE-2024-09-20,1,2024-09-20,STL,CLE,CLE,Fri
STL-CLE-2024-09-20,2,2024-09-21,STL,CLE,STL,Fri
STL-CLE-2024-09-20,3,2024-09-22,STL,CLE,STL,Fri
CLE-STL-2025-06-27,1,2025-06-27,CLE,STL,STL,Fri
CLE-STL-2025-06-27,2,2025-06-28,CLE,STL,STL,Fri
CLE-STL-2025-06-27,3,2025-06-29,CLE,STL,STL,Fri
KC-WAS-2023-05-26,1,2023-05-26,KC,WAS,WAS,Fri
KC-WAS-2023-05-26,2,2023-05-27,KC,WAS,WAS,Fri
KC-WAS-2023-05-26,3,2023-05-28,KC,WAS,KC,Fri
WAS-KC-2024-09-24,1,2024-09-24,WAS,KC,KC,Tue
WAS-KC-2024-09-24,2,2024-09-25,WAS,KC,KC,Tue
WAS-KC-2024-09-24,3,2024-09-26,WAS,KC,KC,Tue
KC-WAS-2025-08-11,1,2025-08-11,KC,WAS,KC,Mon
KC-WAS-2025-08-11,2,2025-08-12,KC,WAS,KC,Mon
KC-WAS-2025-08-11,3,2025-08-13,KC,WAS,WAS,Mon
ARI-BOS-2023-05-26,1,2023-05-26,ARI,BOS,BOS,Fri
ARI-BOS-2023-05-26,2,2023-05-27,ARI,BOS,BOS,Fri
ARI-BOS-2023-05-26,3,2023-05-28,ARI,BOS,ARI,Fri
SEA-PIT-2023-05-26,1,2023-05-26,SEA,PIT,PIT,Fri
SEA-PIT-2023-05-26,2,2023-05-27,SEA,PIT,SEA,Fri
SEA-PIT-2023-05-26,3,2023-05-28,SEA,PIT,SEA,Fri
PIT-SEA-2024-08-16,1,2024-08-16,PIT,SEA,PIT,Fri
PIT-SEA-2024-08-16,2,2024-08-17,PIT,SEA,PIT,Fri
PIT-SEA-2024-08-16,3,2024-08-18,PIT,SEA,SEA,Fri
SEA-PIT-2025-07-04,1,2025-07-04,SEA,PIT,SEA,Fri
SEA-PIT-2025-07-04,2,2025-07-05,SEA,PIT,SEA,Fri
SEA-PIT-2025-07-04,3,2025-07-06,SEA,PIT,SEA,Fri
LAD-NYY-2023-06-02,1,2023-06-02,LAD,NYY,LAD,Fri
LAD-NYY-2023-06-02,2,2023-06-03,LAD,NYY,NYY,Fri
LAD-NYY-2023-06-02,3,2023-06-04,LAD,NYY,NYY,Fri
NYY-LAD-2024-06-07,1,2024-06-07,NYY,LAD,LAD,Fri
NYY-LAD-2024-06-07,2,2024-06-08,NYY,LAD,LAD,Fri
NYY-LAD-2024-06-07,3,2024-06-09,NYY,LAD,NYY,Fri
LAD-NYY-2025-05-30,1,2025-05-30,LAD,NYY,LAD,Fri
LAD-NYY-2025-05-30,2,2025-05-31,LAD,NYY,LAD,Fri
LAD-NYY-2025-05-30,3,2025-06-01,LAD,NYY,NYY,Fri
SF-BAL-2023-06-02,1,2023-06-02,SF,BAL,BAL,Fri
SF-BAL-2023-06-02,2,2023-06-03,SF,BAL,SF,Fri
SF-BAL-2023-06-02,3,2023-06-04,SF,BAL,BAL,Fri
BAL-SF-2024-09-17,1,2024-09-17,BAL,SF,SF,Tue
BAL-SF-2024-09-17,2,2024-09-18,BAL,SF,SF,Tue
BAL-SF-2024-09-17,3,2024-09-19,BAL,SF,BAL,Tue
MIA-KC-2023-06-05,1,2023-06-05,MIA,KC,MIA,Mon
MIA-KC-2023-06-05,2,2023-06-06,MIA,KC,MIA,Mon
MIA-KC-2023-06-05,3,2023-06-07,MIA,KC,MIA,Mon
KC-MIA-2024-06-24,1,2024-06-24,KC,MIA,KC,Mon
KC-MIA-2024-06-24,2,2024-06-25,KC,MIA,MIA,Mon
KC-MIA-2024-06-24,3,2024-06-26,KC,MIA,KC,Mon
MIA-KC-2025-07-18,1,2025-07-18,MIA,KC,MIA,Fri
MIA-KC-2025-07-18,2,2025-07-19,MIA,KC,MIA,Fri
MIA-KC-2025-07-18,3,2025-07-20,MIA,KC,KC,Fri
PHI-DET-2023-06-05,1,2023-06-05,PHI,DET,PHI,Mon
PHI-DET-2023-06-05,2,2023-06-06,PHI,DET,PHI,Mon
PHI-DET-2023-06-05,3,2023-06-08,PHI,DET,PHI,Mon
DET-PHI-2024-06-24,1,2024-06-24,DET,PHI,PHI,Mon
DET-PHI-2024-06-24,2,2024-06-25,DET,PHI,DET,Mon
DET-PHI-2024-06-24,3,2024-06-26,DET,PHI,PHI,Mon
PHI-DET-2025-08-01,1,2025-08-01,PHI,DET,PHI,Fri
PHI-DET-2025-08-01,2,2025-08-02,PHI,DET,DET,Fri
PHI-DET-2025-08-01,3,2025-08-03,PHI,DET,PHI,Fri
PIT-OAK-2023-06-05,1,2023-06-05,PIT,OAK,PIT,Mon
PIT-OAK-2023-06-05,2,2023-06-06,PIT,OAK,OAK,Mon
PIT-OAK-2023-06-05,3,2023-06-07,PIT,OAK,OAK,Mon
TEX-STL-2023-06-05,1,2023-06-05,TEX,STL,TEX,Mon
TEX-STL-2023-06-05,2,2023-06-06,TEX,STL,TEX,Mon
TEX-STL-2023-06-05,3,2023-06-07,TEX,STL,STL,Mon
STL-TEX-2024-07-29,1,2024-07-29,STL,TEX,TEX,Mon
STL-TEX-2024-07-29,2,2024-07-30,STL,TEX,STL,Mon
STL-TEX-2024-07-29,3,2024-07-31,STL,TEX,STL,Mon
TEX-STL-2025-05-30,1,2025-05-30,TEX,STL,TEX,Fri
TEX-STL-2025-05-30,2,2025-05-31,TEX,STL,STL,Fri
TEX-STL-2025-05-30,3,2025-06-01,TEX,STL,TEX,Fri
LAA-CHC-2023-06-06,1,2023-06-06,LAA,CHC,LAA,Tue
LAA-CHC-2023-06-06,2,2023-06-07,LAA,CHC,LAA,Tue
LAA-CHC-2023-06-06,3,2023-06-08,LAA,CHC,LAA,Tue
CHC-LAA-2024-07-05,1,2024-07-05,CHC,LAA,CHC,Fri
CHC-LAA-2024-07-05,2,2024-07-06,CHC,LAA,LAA,Fri
CHC-LAA-2024-07-05,3,2024-07-07,CHC,LAA,CHC,Fri
MIL-OAK-2023-06-09,1,2023-06-09,MIL,OAK,OAK,Fri
MIL-OAK-2023-06-09,2,2023-06-10,MIL,OAK,OAK,Fri
MIL-OAK-2023-06-09,3,2023-06-11,MIL,OAK,OAK,Fri
CHW-MIA-2023-06-09,1,2023-06-09,CHW,MIA,CHW,Fri
CHW-MIA-2023-06-09,2,2023-06-10,CHW,MIA,MIA,Fri
CHW-MIA-2023-06-09,3,2023-06-11,CHW,MIA,MIA,Fri
MIA-CHW-2024-07-05,1,2024-07-05,MIA,CHW,CHW,Fri
MIA-CHW-2024-07-05,2,2024-07-06,MIA,CHW,MIA,Fri
MIA-CHW-2024-07-05,3,2024-07-07,MIA,CHW,MIA,Fri
CHW-MIA-2025-05-09,1,2025-05-09,CHW,MIA,CHW,Fri
CHW-MIA-2025-05-09,2,2025-05-10,CHW,MIA,MIA,Fri
CHW-MIA-2025-05-09,3,2025-05-11,CHW,MIA,CHW,Fri
DET-ATL-2023-06-12,1,2023-06-12,DET,ATL,DET,Mon
DET-ATL-2023-06-12,2,2023-06-14,DET,ATL,ATL,Mon
ATL-DET-2024-06-17,1,2024-06-17,ATL,DET,ATL,Mon
ATL-DET-2024-06-17,2,2024-06-18,ATL,DET,ATL,Mon
ATL-DET-2024-06-17,3,2024-06-19,ATL,DET,ATL,Mon
BOS-COL-2023-06-12,1,2023-06-12,BOS,COL,COL,Mon
BOS-COL-2023-06-12,2,2023-06-13,BOS,COL,COL,Mon
BOS-COL-2023-06-12,3,2023-06-14,BOS,COL,BOS,Mon
COL-BOS-2024-07-22,1,2024-07-22,COL,BOS,COL,Mon
COL-BOS-2024-07-22,2,2024-07-23,COL,BOS,BOS,Mon
COL-BOS-2024-07-22,3,2024-07-24,COL,BOS,COL,Mon
BOS-COL-2025-07-07,1,2025-07-07,BOS,COL,BOS,Mon
BOS-COL-2025-07-07,2,2025-07-08,BOS,COL,BOS,Mon
BOS-COL-2025-07-07,3,2025-07-09,BOS,COL,BOS,Mon
HOU-CIN-2023-06-16,1,2023-06-16,HOU,CIN,CIN,Fri
HOU-CIN-2023-06-16,2,2023-06-17,HOU,CIN,CIN,Fri
HOU-CIN-2023-06-16,3,2023-06-18,HOU,CIN,CIN,Fri
CIN-HOU-2024-09-02,1,2024-09-02,CIN,HOU,CIN,Mon
CIN-HOU-2024-09-02,2,2024-09-04,CIN,HOU,CIN,Mon
CIN-HOU-2024-09-02,3,2024-09-05,CIN,HOU,CIN,Mon
HOU-CIN-2025-05-09,1,2025-05-09,HOU,CIN,HOU,Fri
HOU-CIN-2025-05-09,2,2025-05-10,HOU,CIN,CIN,Fri
HOU-CIN-2025-05-09,3,2025-05-11,HOU,CIN,HOU,Fri
SD-TB-2023-06-16,1,2023-06-16,SD,TB,TB,Fri
SD-TB-2023-06-16,2,2023-06-17,SD,TB,SD,Fri
SD-TB-2023-06-16,3,2023-06-18,SD,TB,SD,Fri
TB-SD-2024-08-30,1,2024-08-30,TB,SD,SD,Fri
TB-SD-2024-08-30,2,2024-08-31,TB,SD,TB,Fri
TB-SD-2024-08-30,3,2024-09-01,TB,SD,SD,Fri
SD-TB-2025-04-25,1,2025-04-25,SD,TB,TB,Fri
SD-TB-2025-04-25,2,2025-04-26,SD,TB,TB,Fri
SD-TB-2025-04-25,3,2025-04-27,SD,TB,TB,Fri
CLE-MIL-2023-06-23,1,2023-06-23,CLE,MIL,MIL,Fri
CLE-MIL-2023-06-23,2,2023-06-24,CLE,MIL,CLE,Fri
CLE-MIL-2023-06-23,3,2023-06-25,CLE,MIL,MIL,Fri
MIL-CLE-2024-08-16,1,2024-08-16,MIL,CLE,MIL,Fri
MIL-CLE-2024-08-16,2,2024-08-17,MIL,CLE,MIL,Fri
MIL-CLE-2024-08-16,3,2024-08-18,MIL,CLE,MIL,Fri
CLE-MIL-2025-05-12,1,2025-05-12,CLE,MIL,CLE,Mon
CLE-MIL-2025-05-12,2,2025-05-13,CLE,MIL,CLE,Mon
CLE-MIL-2025-05-12,3,2025-05-14,CLE,MIL,MIL,Mon
ATL-MIN-2023-06-26,1,2023-06-26,ATL,MIN,ATL,Mon
ATL-MIN-2023-06-26,2,2023-06-27,ATL,MIN,ATL,Mon
ATL-MIN-2023-06-26,3,2023-06-28,ATL,MIN,ATL,Mon
MIN-ATL-2024-08-26,1,2024-08-26,MIN,ATL,ATL,Mon
MIN-ATL-2024-08-26,2,2024-08-27,MIN,ATL,ATL,Mon
MIN-ATL-2024-08-26,3,2024-08-28,MIN,ATL,ATL,Mon
ATL-MIN-2025-04-18,1,2025-04-18,ATL,MIN,ATL,Fri
ATL-MIN-2025-04-18,2,2025-04-19,ATL,MIN,ATL,Fri
ATL-MIN-2025-04-18,3,2025-04-20,ATL,MIN,ATL,Fri
TOR-SF-2023-06-27,1,2023-06-27,TOR,SF,SF,Tue
TOR-SF-2023-06-27,2,2023-06-28,TOR,SF,TOR,Tue
TOR-SF-2023-06-27,3,2023-06-29,TOR,SF,TOR,Tue
SF-TOR-2024-07-09,1,2024-07-09,SF,TOR,SF,Tue
SF-TOR-2024-07-09,2,2024-07-10,SF,TOR,TOR,Tue
SF-TOR-2024-07-09,3,2024-07-11,SF,TOR,TOR,Tue
TOR-SF-2025-07-18,1,2025-07-18,TOR,SF,TOR,Fri
TOR-SF-2025-07-18,2,2025-07-19,TOR,SF,TOR,Fri
TOR-SF-2025-07-18,3,2025-07-20,TOR,SF,TOR,Fri
STL-HOU-2023-06-27,1,2023-06-27,STL,HOU,STL,Tue
STL-HOU-2023-06-27,2,2023-06-28,STL,HOU,HOU,Tue
STL-HOU-2023-06-27,3,2023-06-29,STL,HOU,HOU,Tue
HOU-STL-2024-06-03,1,2024-06-03,HOU,STL,HOU,Mon
HOU-STL-2024-06-03,2,2024-06-04,HOU,STL,HOU,Mon
HOU-STL-2024-06-03,3,2024-06-05,HOU,STL,STL,Mon
STL-HOU-2025-04-14,1,2025-04-14,STL,HOU,STL,Mon
STL-HOU-2025-04-14,2,2025-04-15,STL,HOU,HOU,Mon
STL-HOU-2025-04-14,3,2025-04-16,STL,HOU,STL,Mon
ARI-TB-2023-06-27,1,2023-06-27,ARI,TB,ARI,Tue
ARI-TB-2023-06-27,2,2023-06-28,ARI,TB,TB,Tue
ARI-TB-2023-06-27,3,2023-06-29,ARI,TB,TB,Tue
CHC-CLE-2023-06-30,1,2023-06-30,CHC,CLE,CHC,Fri
CHC-CLE-2023-06-30,2,2023-07-01,CHC,CLE,CLE,Fri
CHC-CLE-2023-06-30,3,2023-07-02,CHC,CLE,CLE,Fri
CLE-CHC-2024-08-12,1,2024-08-12,CLE,CHC,CLE,Mon
CLE-CHC-2024-08-12,2,2024-08-13,CLE,CHC,CLE,Mon
CLE-CHC-2024-08-12,3,2024-08-14,CLE,CHC,CLE,Mon
CHC-CLE-2025-07-01,1,2025-07-01,CHC,CLE,CHC,Tue
CHC-CLE-2025-07-01,2,2025-07-02,CHC,CLE,CHC,Tue
CHC-CLE-2025-07-01,3,2025-07-03,CHC,CLE,CHC,Tue
CLE-ATL-2023-07-03,1,2023-07-03,CLE,ATL,ATL,Mon
CLE-ATL-2023-07-03,2,2023-07-04,CLE,ATL,CLE,Mon
CLE-ATL-2023-07-03,3,2023-07-05,CLE,ATL,ATL,Mon
ATL-CLE-2024-04-26,1,2024-04-26,ATL,CLE,ATL,Fri
ATL-CLE-2024-04-26,2,2024-04-27,ATL,CLE,CLE,Fri
ATL-CLE-2024-04-26,3,2024-04-28,ATL,CLE,ATL,Fri
CLE-ATL-2025-08-15,1,2025-08-15,CLE,ATL,ATL,Fri
CLE-ATL-2025-08-15,2,2025-08-16,CLE,ATL,ATL,Fri
TOR-ARI-2023-07-14,1,2023-07-14,TOR,ARI,TOR,Fri
TOR-ARI-2023-07-14,2,2023-07-15,TOR,ARI,TOR,Fri
TOR-ARI-2023-07-14,3,2023-07-16,TOR,ARI,TOR,Fri
ATL-CHW-2023-07-14,1,2023-07-14,ATL,CHW,ATL,Fri
ATL-CHW-2023-07-14,2,2023-07-15,ATL,CHW,CHW,Fri
ATL-CHW-2023-07-14,3,2023-07-16,ATL,CHW,CHW,Fri
CHW-ATL-2024-04-01,1,2024-04-01,CHW,ATL,ATL,Mon
CHW-ATL-2024-04-01,2,2024-04-02,CHW,ATL,CHW,Mon
CHW-ATL-2024-06-27,1,2024-06-27,CHW,ATL,CHW,Thu
COL-NYY-2023-07-14,1,2023-07-14,COL,NYY,COL,Fri
COL-NYY-2023-07-14,2,2023-07-15,COL,NYY,NYY,Fri
COL-NYY-2023-07-14,3,2023-07-16,COL,NYY,COL,Fri
NYY-COL-2024-08-23,1,2024-08-23,NYY,COL,NYY,Fri
NYY-COL-2024-08-23,2,2024-08-24,NYY,COL,COL,Fri
NYY-COL-2024-08-23,3,2024-08-25,NYY,COL,NYY,Fri
COL-NYY-2025-05-23,1,2025-05-23,COL,NYY,COL,Fri
COL-NYY-2025-05-23,2,2025-05-24,COL,NYY,NYY,Fri
COL-NYY-2025-05-23,3,2025-05-25,COL,NYY,NYY,Fri
PIT-CLE-2023-07-17,1,2023-07-17,PIT,CLE,CLE,Mon
PIT-CLE-2023-07-17,2,2023-07-18,PIT,CLE,CLE,Mon
PIT-CLE-2023-07-17,3,2023-07-19,PIT,CLE,PIT,Mon
CLE-PIT-2024-08-30,1,2024-08-30,CLE,PIT,CLE,Fri
CLE-PIT-2024-08-30,2,2024-08-31,CLE,PIT,PIT,Fri
CLE-PIT-2024-08-30,3,2024-09-01,CLE,PIT,CLE,Fri
PIT-CLE-2025-04-18,1,2025-04-18,PIT,CLE,CLE,Fri
PIT-CLE-2025-04-18,2,2025-04-19,PIT,CLE,CLE,Fri
PIT-CLE-2025-04-18,3,2025-04-20,PIT,CLE,CLE,Fri
BAL-LAD-2023-07-17,1,2023-07-17,BAL,LAD,LAD,Mon
BAL-LAD-2023-07-17,2,2023-07-18,BAL,LAD,LAD,Mon
BAL-LAD-2023-07-17,3,2023-07-19,BAL,LAD,BAL,Mon
LAD-BAL-2024-08-27,1,2024-08-27,LAD,BAL,BAL,Tue
LAD-BAL-2024-08-27,2,2024-08-28,LAD,BAL,LAD,Tue
LAD-BAL-2024-08-27,3,2024-08-29,LAD,BAL,LAD,Tue
TOR-SD-2023-07-18,1,2023-07-18,TOR,SD,SD,Tue
TOR-SD-2023-07-18,2,2023-07-19,TOR,SD,SD,Tue
TOR-SD-2023-07-18,3,2023-07-20,TOR,SD,TOR,Tue
SD-TOR-2024-04-19,1,2024-04-19,SD,TOR,TOR,Fri
SD-TOR-2024-04-19,2,2024-04-20,SD,TOR,TOR,Fri
SD-TOR-2024-04-19,3,2024-04-21,SD,TOR,SD,Fri
TOR-SD-2025-05-20,1,2025-05-20,TOR,SD,TOR,Tue
TOR-SD-2025-05-20,2,2025-05-21,TOR,SD,TOR,Tue
TOR-SD-2025-05-20,3,2025-05-22,TOR,SD,TOR,Tue
NYM-CHW-2023-07-18,1,2023-07-18,NYM,CHW,NYM,Tue
NYM-CHW-2023-07-18,2,2023-07-19,NYM,CHW,NYM,Tue
NYM-CHW-2023-07-18,3,2023-07-20,NYM,CHW,CHW,Tue
CHW-NYM-2024-08-30,1,2024-08-30,CHW,NYM,NYM,Fri
CHW-NYM-2024-08-30,2,2024-08-31,CHW,NYM,NYM,Fri
CHW-NYM-2024-08-30,3,2024-09-01,CHW,NYM,NYM,Fri
NYM-CHW-2025-05-26,1,2025-05-26,NYM,CHW,NYM,Mon
NYM-CHW-2025-05-26,2,2025-05-27,NYM,CHW,NYM,Mon
NYM-CHW-2025-05-26,3,2025-05-28,NYM,CHW,CHW,Mon
CLE-PHI-2023-07-21,1,2023-07-21,CLE,PHI,CLE,Fri
CLE-PHI-2023-07-21,2,2023-07-22,CLE,PHI,CLE,Fri
CLE-PHI-2023-07-21,3,2023-07-23,CLE,PHI,PHI,Fri
PHI-CLE-2024-07-26,1,2024-07-26,PHI,CLE,CLE,Fri
PHI-CLE-2024-07-26,2,2024-07-27,PHI,CLE,PHI,Fri
PHI-CLE-2024-07-26,3,2024-07-28,PHI,CLE,CLE,Fri
CLE-PHI-2025-05-09,1,2025-05-09,CLE,PHI,CLE,Fri
CLE-PHI-2025-05-09,2,2025-05-10,CLE,PHI,PHI,Fri
CLE-PHI-2025-05-09,3,2025-05-11,CLE,PHI,PHI,Fri
LAA-PIT-2023-07-21,1,2023-07-21,LAA,PIT,LAA,Fri
LAA-PIT-2023-07-21,2,2023-07-22,LAA,PIT,PIT,Fri
LAA-PIT-2023-07-21,3,2023-07-23,LAA,PIT,LAA,Fri
PIT-LAA-2024-05-06,1,2024-05-06,PIT,LAA,PIT,Mon
PIT-LAA-2024-05-06,2,2024-05-07,PIT,LAA,LAA,Mon
PIT-LAA-2024-05-06,3,2024-05-08,PIT,LAA,LAA,Mon
LAA-PIT-2025-04-22,1,2025-04-22,LAA,PIT,PIT,Tue
LAA-PIT-2025-04-22,2,2025-04-23,LAA,PIT,PIT,Tue
LAA-PIT-2025-04-22,3,2025-04-24,LAA,PIT,LAA,Tue
LAD-TOR-2023-07-24,1,2023-07-24,LAD,TOR,TOR,Mon
LAD-TOR-2023-07-24,2,2023-07-25,LAD,TOR,LAD,Mon
LAD-TOR-2023-07-24,3,2023-07-26,LAD,TOR,TOR,Mon
TOR-LAD-2024-04-26,1,2024-04-26,TOR,LAD,LAD,Fri
TOR-LAD-2024-04-26,2,2024-04-27,TOR,LAD,LAD,Fri
TOR-LAD-2024-04-26,3,2024-04-28,TOR,LAD,TOR,Fri
LAD-TOR-2025-08-08,1,2025-08-08,LAD,TOR,LAD,Fri
LAD-TOR-2025-08-08,2,2025-08-09,LAD,TOR,LAD,Fri
LAD-TOR-2025-08-08,3,2025-08-10,LAD,TOR,TOR,Fri
MIA-DET-2023-07-28,1,2023-07-28,MIA,DET,MIA,Fri
MIA-DET-2023-07-28,2,2023-07-29,MIA,DET,DET,Fri
MIA-DET-2023-07-28,3,2023-07-30,MIA,DET,MIA,Fri
DET-MIA-2024-05-13,1,2024-05-13,DET,MIA,DET,Mon
DET-MIA-2024-05-13,2,2024-05-14,DET,MIA,MIA,Mon
DET-MIA-2024-05-13,3,2024-05-15,DET,MIA,MIA,Mon
SF-BOS-2023-07-28,1,2023-07-28,SF,BOS,BOS,Fri
SF-BOS-2023-07-28,2,2023-07-29,SF,BOS,SF,Fri
SF-BOS-2023-07-28,3,2023-07-30,SF,BOS,SF,Fri
BOS-SF-2024-04-30,1,2024-04-30,BOS,SF,BOS,Tue
BOS-SF-2024-04-30,2,2024-05-01,BOS,SF,BOS,Tue
BOS-SF-2024-04-30,3,2024-05-02,BOS,SF,SF,Tue
SF-BOS-2025-06-20,1,2025-06-20,SF,BOS,BOS,Fri
SF-BOS-2025-06-20,2,2025-06-21,SF,BOS,SF,Fri
SF-BOS-2025-06-20,3,2025-06-22,SF,BOS,SF,Fri
KC-NYM-2023-08-01,1,2023-08-01,KC,NYM,KC,Tue
KC-NYM-2023-08-01,2,2023-08-02,KC,NYM,KC,Tue
KC-NYM-2023-08-01,3,2023-08-03,KC,NYM,KC,Tue
NYM-KC-2024-04-12,1,2024-04-12,NYM,KC,NYM,Fri
NYM-KC-2024-04-12,2,2024-04-13,NYM,KC,KC,Fri
NYM-KC-2024-04-12,3,2024-04-14,NYM,KC,NYM,Fri
KC-NYM-2025-07-11,1,2025-07-11,KC,NYM,NYM,Fri
KC-NYM-2025-07-11,2,2025-07-12,KC,NYM,NYM,Fri
KC-NYM-2025-07-11,3,2025-07-13,KC,NYM,KC,Fri
PHI-KC-2023-08-04,1,2023-08-04,PHI,KC,KC,Fri
PHI-KC-2023-08-04,2,2023-08-05,PHI,KC,PHI,Fri
PHI-KC-2023-08-04,3,2023-08-06,PHI,KC,PHI,Fri
KC-PHI-2024-08-23,1,2024-08-23,KC,PHI,KC,Fri
KC-PHI-2024-08-23,2,2024-08-24,KC,PHI,PHI,Fri
KC-PHI-2024-08-23,3,2024-08-25,KC,PHI,PHI,Fri
PHI-MIN-2023-08-11,1,2023-08-11,PHI,MIN,PHI,Fri
PHI-MIN-2023-08-11,2,2023-08-12,PHI,MIN,MIN,Fri
PHI-MIN-2023-08-11,3,2023-08-13,PHI,MIN,MIN,Fri
MIN-PHI-2024-07-22,1,2024-07-22,MIN,PHI,MIN,Mon
MIN-PHI-2024-07-22,2,2024-07-23,MIN,PHI,PHI,Mon
MIN-PHI-2024-07-22,3,2024-07-24,MIN,PHI,MIN,Mon
STL-OAK-2023-08-14,1,2023-08-14,STL,OAK,STL,Mon
STL-OAK-2023-08-14,2,2023-08-15,STL,OAK,STL,Mon
STL-OAK-2023-08-14,3,2023-08-16,STL,OAK,OAK,Mon
SD-BAL-2023-08-14,1,2023-08-14,SD,BAL,BAL,Mon
SD-BAL-2023-08-14,2,2023-08-15,SD,BAL,SD,Mon
SD-BAL-2023-08-14,3,2023-08-16,SD,BAL,SD,Mon
BAL-SD-2024-07-26,1,2024-07-26,BAL,SD,SD,Fri
BAL-SD-2024-07-26,2,2024-07-27,BAL,SD,SD,Fri
BAL-SD-2024-07-26,3,2024-07-28,BAL,SD,BAL,Fri
SF-TB-2023-08-14,1,2023-08-14,SF,TB,TB,Mon
SF-TB-2023-08-14,2,2023-08-15,SF,TB,SF,Mon
SF-TB-2023-08-14,3,2023-08-16,SF,TB,TB,Mon
TB-SF-2024-04-12,1,2024-04-12,TB,SF,TB,Fri
TB-SF-2024-04-12,2,2024-04-13,TB,SF,SF,Fri
TB-SF-2024-04-12,3,2024-04-14,TB,SF,TB,Fri
SF-TB-2025-08-15,1,2025-08-15,SF,TB,TB,Fri
SF-TB-2025-08-15,2,2025-08-16,SF,TB,TB,Fri
TEX-MIL-2023-08-18,1,2023-08-18,TEX,MIL,MIL,Fri
TEX-MIL-2023-08-18,2,2023-08-19,TEX,MIL,MIL,Fri
TEX-MIL-2023-08-18,3,2023-08-20,TEX,MIL,MIL,Fri
MIL-TEX-2024-06-24,1,2024-06-24,MIL,TEX,MIL,Mon
MIL-TEX-2024-06-24,2,2024-06-25,MIL,TEX,MIL,Mon
MIL-TEX-2024-06-24,3,2024-06-26,MIL,TEX,MIL,Mon
TB-COL-2023-08-22,1,2023-08-22,TB,COL,TB,Tue
TB-COL-2023-08-22,2,2023-08-23,TB,COL,TB,Tue
TB-COL-2023-08-22,3,2023-08-24,TB,COL,TB,Tue
COL-TB-2024-04-05,1,2024-04-05,COL,TB,COL,Fri
COL-TB-2024-04-05,2,2024-04-06,COL,TB,TB,Fri
COL-TB-2024-04-05,3,2024-04-07,COL,TB,TB,Fri
TB-COL-2025-03-28,1,2025-03-28,TB,COL,TB,Fri
TB-COL-2025-03-28,2,2025-03-29,TB,COL,COL,Fri
TB-COL-2025-03-28,3,2025-03-30,TB,COL,TB,Fri
LAA-CIN-2023-08-22,1,2023-08-22,LAA,CIN,CIN,Tue
LAA-CIN-2023-08-22,2,2023-08-23,LAA,CIN,CIN,Tue
CIN-LAA-2024-04-19,1,2024-04-19,CIN,LAA,CIN,Fri
CIN-LAA-2024-04-19,2,2024-04-20,CIN,LAA,CIN,Fri
CIN-LAA-2024-04-19,3,2024-04-21,CIN,LAA,CIN,Fri
BAL-COL-2023-08-25,1,2023-08-25,BAL,COL,BAL,Fri
BAL-COL-2023-08-25,2,2023-08-26,BAL,COL,BAL,Fri
BAL-COL-2023-08-25,3,2023-08-27,BAL,COL,COL,Fri
COL-BAL-2024-08-30,1,2024-08-30,COL,BAL,BAL,Fri
COL-BAL-2024-08-30,2,2024-08-31,COL,BAL,COL,Fri
COL-BAL-2024-08-30,3,2024-09-01,COL,BAL,BAL,Fri
BAL-COL-2025-07-25,1,2025-07-25,BAL,COL,COL,Fri
BAL-COL-2025-07-25,2,2025-07-26,BAL,COL,BAL,Fri
BAL-COL-2025-07-25,3,2025-07-27,BAL,COL,BAL,Fri
BOS-LAD-2023-08-25,1,2023-08-25,BOS,LAD,LAD,Fri
BOS-LAD-2023-08-25,2,2023-08-26,BOS,LAD,BOS,Fri
BOS-LAD-2023-08-25,3,2023-08-27,BOS,LAD,LAD,Fri
LAD-BOS-2024-07-19,1,2024-07-19,LAD,BOS,LAD,Fri
LAD-BOS-2024-07-19,2,2024-07-20,LAD,BOS,LAD,Fri
LAD-BOS-2024-07-19,3,2024-07-21,LAD,BOS,LAD,Fri
BOS-LAD-2025-07-25,1,2025-07-25,BOS,LAD,LAD,Fri
BOS-LAD-2025-07-25,2,2025-07-26,BOS,LAD,BOS,Fri
BOS-LAD-2025-07-25,3,2025-07-27,BOS,LAD,BOS,Fri
COL-TOR-2023-09-01,1,2023-09-01,COL,TOR,TOR,Fri
COL-TOR-2023-09-01,2,2023-09-02,COL,TOR,COL,Fri
COL-TOR-2023-09-01,3,2023-09-03,COL,TOR,TOR,Fri
TOR-COL-2024-04-12,1,2024-04-12,TOR,COL,COL,Fri
TOR-COL-2024-04-12,2,2024-04-13,TOR,COL,TOR,Fri
TOR-COL-2024-04-12,3,2024-04-14,TOR,COL,TOR,Fri
COL-TOR-2025-08-04,1,2025-08-04,COL,TOR,TOR,Mon
COL-TOR-2025-08-04,2,2025-08-05,COL,TOR,TOR,Mon
COL-TOR-2025-08-04,3,2025-08-06,COL,TOR,TOR,Mon
ARI-BAL-2023-09-01,1,2023-09-01,ARI,BAL,ARI,Fri
ARI-BAL-2023-09-01,2,2023-09-02,ARI,BAL,BAL,Fri
ARI-BAL-2023-09-01,3,2023-09-03,ARI,BAL,BAL,Fri
CIN-SEA-2023-09-04,1,2023-09-04,CIN,SEA,CIN,Mon
CIN-SEA-2023-09-04,2,2023-09-05,CIN,SEA,CIN,Mon
CIN-SEA-2023-09-04,3,2023-09-06,CIN,SEA,SEA,Mon
SEA-CIN-2024-04-15,1,2024-04-15,SEA,CIN,SEA,Mon
SEA-CIN-2024-04-15,2,2024-04-16,SEA,CIN,SEA,Mon
SEA-CIN-2024-04-15,3,2024-04-17,SEA,CIN,SEA,Mon
CIN-SEA-2025-04-15,1,2025-04-15,CIN,SEA,CIN,Tue
CIN-SEA-2025-04-15,2,2025-04-16,CIN,SEA,SEA,Tue
CIN-SEA-2025-04-15,3,2025-04-17,CIN,SEA,SEA,Tue
MIN-NYM-2023-09-08,1,2023-09-08,MIN,NYM,MIN,Fri
MIN-NYM-2023-09-08,2,2023-09-09,MIN,NYM,MIN,Fri
MIN-NYM-2023-09-08,3,2023-09-10,MIN,NYM,NYM,Fri
NYM-MIN-2024-07-29,1,2024-07-29,NYM,MIN,NYM,Mon
NYM-MIN-2024-07-29,2,2024-07-30,NYM,MIN,NYM,Mon
NYM-MIN-2024-07-29,3,2024-07-31,NYM,MIN,MIN,Mon
MIN-NYM-2025-04-14,1,2025-04-14,MIN,NYM,NYM,Mon
MIN-NYM-2025-04-14,2,2025-04-15,MIN,NYM,MIN,Mon
MIN-NYM-2025-04-14,3,2025-04-16,MIN,NYM,MIN,Mon
WAS-CHW-2023-09-18,1,2023-09-18,WAS,CHW,CHW,Mon
WAS-CHW-2023-09-18,2,2023-09-19,WAS,CHW,WAS,Mon
WAS-CHW-2023-09-18,3,2023-09-20,WAS,CHW,WAS,Mon
CHW-WAS-2024-05-14,1,2024-05-14,CHW,WAS,WAS,Tue
CHW-WAS-2024-05-14,2,2024-05-15,CHW,WAS,CHW,Tue
NYY-ARI-2023-09-22,1,2023-09-22,NYY,ARI,NYY,Fri
NYY-ARI-2023-09-22,2,2023-09-24,NYY,ARI,ARI,Fri
NYY-ARI-2023-09-22,3,2023-09-25,NYY,ARI,NYY,Fri
ATH-CLE-2024-03-28,1,2024-03-28,ATH,CLE,CLE,Thu
ATH-CLE-2024-03-28,2,2024-03-29,ATH,CLE,CLE,Thu
ATH-CLE-2024-03-28,3,2024-03-30,ATH,CLE,CLE,Thu
ATH-CLE-2024-03-28,4,2024-03-31,ATH,CLE,ATH,Thu
CLE-ATH-2024-04-19,1,2024-04-19,CLE,ATH,CLE,Fri
CLE-ATH-2024-04-19,2,2024-04-20,CLE,ATH,CLE,Fri
CLE-ATH-2024-04-19,3,2024-04-21,CLE,ATH,CLE,Fri
AZ-COL-2024-03-28,1,2024-03-28,AZ,COL,AZ,Thu
AZ-COL-2024-03-28,2,2024-03-29,AZ,COL,AZ,Thu
AZ-COL-2024-03-28,3,2024-03-30,AZ,COL,COL,Thu
AZ-COL-2024-03-28,4,2024-03-31,AZ,COL,AZ,Thu
COL-AZ-2024-04-08,1,2024-04-08,COL,AZ,COL,Mon
COL-AZ-2024-04-08,2,2024-04-09,COL,AZ,AZ,Mon
COL-AZ-2024-04-08,3,2024-04-10,COL,AZ,AZ,Mon
AZ-COL-2024-08-12,1,2024-08-12,AZ,COL,AZ,Mon
AZ-COL-2024-08-12,2,2024-08-13,AZ,COL,AZ,Mon
AZ-COL-2024-08-12,3,2024-08-14,AZ,COL,AZ,Mon
COL-AZ-2024-09-16,1,2024-09-16,COL,AZ,COL,Mon
COL-AZ-2024-09-16,2,2024-09-17,COL,AZ,COL,Mon
COL-AZ-2024-09-16,3,2024-09-18,COL,AZ,AZ,Mon
AZ-COL-2025-05-16,1,2025-05-16,AZ,COL,AZ,Fri
AZ-COL-2025-05-16,2,2025-05-17,AZ,COL,COL,Fri
AZ-COL-2025-05-16,3,2025-05-18,AZ,COL,AZ,Fri
COL-AZ-2025-06-20,1,2025-06-20,COL,AZ,AZ,Fri
COL-AZ-2025-06-20,2,2025-06-21,COL,AZ,AZ,Fri
COL-AZ-2025-06-20,3,2025-06-22,COL,AZ,COL,Fri
AZ-COL-2025-08-08,1,2025-08-08,AZ,COL,AZ,Fri
AZ-COL-2025-08-08,2,2025-08-09,AZ,COL,AZ,Fri
AZ-COL-2025-08-08,3,2025-08-10,AZ,COL,AZ,Fri
COL-AZ-2025-08-14,1,2025-08-14,COL,AZ,AZ,Thu
COL-AZ-2025-08-14,2,2025-08-15,COL,AZ,COL,Thu
COL-AZ-2025-08-14,3,2025-08-16,COL,AZ,COL,Thu
AZ-NYY-2024-04-01,1,2024-04-01,AZ,NYY,NYY,Mon
AZ-NYY-2024-04-01,2,2024-04-02,AZ,NYY,AZ,Mon
AZ-NYY-2024-04-01,3,2024-04-03,AZ,NYY,NYY,Mon
NYY-AZ-2025-04-01,1,2025-04-01,NYY,AZ,AZ,Tue
NYY-AZ-2025-04-01,2,2025-04-02,NYY,AZ,AZ,Tue
NYY-AZ-2025-04-01,3,2025-04-03,NYY,AZ,NYY,Tue
ATH-BOS-2024-04-01,1,2024-04-01,ATH,BOS,BOS,Mon
ATH-BOS-2024-04-01,2,2024-04-02,ATH,BOS,BOS,Mon
ATH-BOS-2024-04-01,3,2024-04-03,ATH,BOS,BOS,Mon
BOS-ATH-2024-07-09,1,2024-07-09,BOS,ATH,BOS,Tue
BOS-ATH-2024-07-09,2,2024-07-10,BOS,ATH,ATH,Tue
BOS-ATH-2024-07-09,3,2024-07-11,BOS,ATH,BOS,Tue
DET-ATH-2024-04-05,1,2024-04-05,DET,ATH,DET,Fri
DET-ATH-2024-04-05,2,2024-04-06,DET,ATH,ATH,Fri
DET-ATH-2024-04-05,3,2024-04-07,DET,ATH,ATH,Fri
ATH-DET-2024-09-06,1,2024-09-06,ATH,DET,ATH,Fri
ATH-DET-2024-09-06,2,2024-09-07,ATH,DET,DET,Fri
ATH-DET-2024-09-06,3,2024-09-08,ATH,DET,DET,Fri
ATL-AZ-2024-04-05,1,2024-04-05,ATL,AZ,ATL,Fri
ATL-AZ-2024-04-05,2,2024-04-06,ATL,AZ,ATL,Fri
ATL-AZ-2024-04-05,3,2024-04-07,ATL,AZ,ATL,Fri
AZ-ATL-2024-07-08,1,2024-07-08,AZ,ATL,ATL,Mon
AZ-ATL-2024-07-08,2,2024-07-09,AZ,ATL,ATL,Mon
AZ-ATL-2024-07-08,3,2024-07-10,AZ,ATL,AZ,Mon
AZ-ATL-2024-07-08,4,2024-07-11,AZ,ATL,AZ,Mon
AZ-ATL-2025-04-25,1,2025-04-25,AZ,ATL,ATL,Fri
AZ-ATL-2025-04-25,2,2025-04-26,AZ,ATL,ATL,Fri
AZ-ATL-2025-04-25,3,2025-04-27,AZ,ATL,AZ,Fri
ATL-AZ-2025-06-03,1,2025-06-03,ATL,AZ,AZ,Tue
ATL-AZ-2025-06-03,2,2025-06-04,ATL,AZ,AZ,Tue
ATL-AZ-2025-06-03,3,2025-06-05,ATL,AZ,AZ,Tue
TEX-ATH-2024-04-09,1,2024-04-09,TEX,ATH,ATH,Tue
TEX-ATH-2024-04-09,2,2024-04-10,TEX,ATH,TEX,Tue
TEX-ATH-2024-04-09,3,2024-04-11,TEX,ATH,ATH,Tue
ATH-TEX-2024-05-06,1,2024-05-06,ATH,TEX,TEX,Mon
ATH-TEX-2024-05-06,2,2024-05-07,ATH,TEX,TEX,Mon
ATH-TEX-2024-05-06,3,2024-05-08,ATH,TEX,ATH,Mon
TEX-ATH-2024-08-30,1,2024-08-30,TEX,ATH,ATH,Fri
TEX-ATH-2024-08-30,2,2024-08-31,TEX,ATH,TEX,Fri
TEX-ATH-2024-08-30,3,2024-09-01,TEX,ATH,TEX,Fri
ATH-TEX-2024-09-24,1,2024-09-24,ATH,TEX,ATH,Tue
ATH-TEX-2024-09-24,2,2024-09-25,ATH,TEX,TEX,Tue
ATH-TEX-2024-09-24,3,2024-09-26,ATH,TEX,ATH,Tue
ATH-WAS-2024-04-12,1,2024-04-12,ATH,WAS,ATH,Fri
ATH-WAS-2024-04-12,2,2024-04-13,ATH,WAS,WAS,Fri
ATH-WAS-2024-04-12,3,2024-04-14,ATH,WAS,ATH,Fri
AZ-STL-2024-04-12,1,2024-04-12,AZ,STL,STL,Fri
AZ-STL-2024-04-12,2,2024-04-13,AZ,STL,AZ,Fri
AZ-STL-2024-04-12,3,2024-04-14,AZ,STL,AZ,Fri
STL-AZ-2024-04-22,1,2024-04-22,STL,AZ,STL,Mon
STL-AZ-2024-04-22,2,2024-04-23,STL,AZ,AZ,Mon
STL-AZ-2024-04-22,3,2024-04-24,STL,AZ,STL,Mon
STL-AZ-2025-05-23,1,2025-05-23,STL,AZ,STL,Fri
STL-AZ-2025-05-23,2,2025-05-24,STL,AZ,STL,Fri
STL-AZ-2025-05-23,3,2025-05-25,STL,AZ,STL,Fri
AZ-STL-2025-07-18,1,2025-07-18,AZ,STL,AZ,Fri
AZ-STL-2025-07-18,2,2025-07-19,AZ,STL,AZ,Fri
AZ-STL-2025-07-18,3,2025-07-20,AZ,STL,AZ,Fri
ATH-STL-2024-04-15,1,2024-04-15,ATH,STL,STL,Mon
ATH-STL-2024-04-15,2,2024-04-16,ATH,STL,STL,Mon
ATH-STL-2024-04-15,3,2024-04-17,ATH,STL,ATH,Mon
AZ-CHC-2024-04-15,1,2024-04-15,AZ,CHC,CHC,Mon
AZ-CHC-2024-04-15,2,2024-04-16,AZ,CHC,AZ,Mon
AZ-CHC-2024-04-15,3,2024-04-17,AZ,CHC,CHC,Mon
CHC-AZ-2024-07-19,1,2024-07-19,CHC,AZ,AZ,Fri
CHC-AZ-2024-07-19,2,2024-07-20,CHC,AZ,AZ,Fri
CHC-AZ-2024-07-19,3,2024-07-21,CHC,AZ,CHC,Fri
AZ-CHC-2025-03-27,1,2025-03-27,AZ,CHC,CHC,Thu
AZ-CHC-2025-03-27,2,2025-03-28,AZ,CHC,AZ,Thu
AZ-CHC-2025-03-27,3,2025-03-29,AZ,CHC,CHC,Thu
AZ-CHC-2025-03-27,4,2025-03-30,AZ,CHC,AZ,Thu
CHC-AZ-2025-04-18,1,2025-04-18,CHC,AZ,CHC,Fri
CHC-AZ-2025-04-18,2,2025-04-19,CHC,AZ,CHC,Fri
CHC-AZ-2025-04-18,3,2025-04-20,CHC,AZ,AZ,Fri
SF-AZ-2024-04-18,1,2024-04-18,SF,AZ,SF,Thu
SF-AZ-2024-04-18,2,2024-04-19,SF,AZ,AZ,Thu
SF-AZ-2024-04-18,3,2024-04-20,SF,AZ,SF,Thu
SF-AZ-2024-04-18,4,2024-04-21,SF,AZ,AZ,Thu
AZ-SF-2024-06-03,1,2024-06-03,AZ,SF,AZ,Mon
AZ-SF-2024-06-03,2,2024-06-04,AZ,SF,AZ,Mon
AZ-SF-2024-06-03,3,2024-06-05,AZ,SF,SF,Mon
SF-AZ-2024-09-03,1,2024-09-03,SF,AZ,AZ,Tue
SF-AZ-2024-09-03,2,2024-09-04,SF,AZ,AZ,Tue
SF-AZ-2024-09-03,3,2024-09-05,SF,AZ,SF,Tue
AZ-SF-2024-09-23,1,2024-09-23,AZ,SF,SF,Mon
AZ-SF-2024-09-23,2,2024-09-24,AZ,SF,SF,Mon
AZ-SF-2024-09-23,3,2024-09-25,AZ,SF,AZ,Mon
SF-AZ-2025-05-12,1,2025-05-12,SF,AZ,AZ,Mon
SF-AZ-2025-05-12,2,2025-05-13,SF,AZ,SF,Mon
SF-AZ-2025-05-12,3,2025-05-14,SF,AZ,AZ,Mon
AZ-SF-2025-06-30,1,2025-06-30,AZ,SF,AZ,Mon
AZ-SF-2025-06-30,2,2025-07-01,AZ,SF,AZ,Mon
AZ-SF-2025-06-30,3,2025-07-02,AZ,SF,SF,Mon
AZ-SF-2025-06-30,4,2025-07-03,AZ,SF,SF,Mon
NYY-ATH-2024-04-22,1,2024-04-22,NYY,ATH,ATH,Mon
NYY-ATH-2024-04-22,2,2024-04-23,NYY,ATH,NYY,Mon
NYY-ATH-2024-04-22,3,2024-04-24,NYY,ATH,NYY,Mon
NYY-ATH-2024-04-22,4,2024-04-25,NYY,ATH,ATH,Mon
ATH-NYY-2024-09-20,1,2024-09-20,ATH,NYY,NYY,Fri
ATH-NYY-2024-09-20,2,2024-09-21,ATH,NYY,NYY,Fri
ATH-NYY-2024-09-20,3,2024-09-22,ATH,NYY,NYY,Fri
BAL-ATH-2024-04-26,1,2024-04-26,BAL,ATH,ATH,Fri
BAL-ATH-2024-04-26,2,2024-04-27,BAL,ATH,BAL,Fri
BAL-ATH-2024-04-26,3,2024-04-28,BAL,ATH,ATH,Fri
ATH-BAL-2024-07-05,1,2024-07-05,ATH,BAL,BAL,Fri
ATH-BAL-2024-07-05,2,2024-07-06,ATH,BAL,ATH,Fri
ATH-BAL-2024-07-05,3,2024-07-07,ATH,BAL,BAL,Fri
SEA-AZ-2024-04-26,1,2024-04-26,SEA,AZ,SEA,Fri
SEA-AZ-2024-04-26,2,2024-04-27,SEA,AZ,SEA,Fri
SEA-AZ-2024-04-26,3,2024-04-28,SEA,AZ,AZ,Fri
AZ-SEA-2025-06-09,1,2025-06-09,AZ,SEA,AZ,Mon
AZ-SEA-2025-06-09,2,2025-06-10,AZ,SEA,AZ,Mon
AZ-SEA-2025-06-09,3,2025-06-11,AZ,SEA,AZ,Mon
AZ-LAD-2024-04-29,1,2024-04-29,AZ,LAD,LAD,Mon
AZ-LAD-2024-04-29,2,2024-04-30,AZ,LAD,AZ,Mon
AZ-LAD-2024-04-29,3,2024-05-01,AZ,LAD,LAD,Mon
LAD-AZ-2024-05-20,1,2024-05-20,LAD,AZ,LAD,Mon
LAD-AZ-2024-05-20,2,2024-05-21,LAD,AZ,AZ,Mon
LAD-AZ-2024-05-20,3,2024-05-22,LAD,AZ,AZ,Mon
LAD-AZ-2024-07-02,1,2024-07-02,LAD,AZ,LAD,Tue
LAD-AZ-2024-07-02,2,2024-07-03,LAD,AZ,AZ,Tue
LAD-AZ-2024-07-02,3,2024-07-04,LAD,AZ,AZ,Tue
AZ-LAD-2024-08-30,1,2024-08-30,AZ,LAD,LAD,Fri
AZ-LAD-2024-08-30,2,2024-08-31,AZ,LAD,LAD,Fri
AZ-LAD-2024-08-30,3,2024-09-01,AZ,LAD,AZ,Fri
AZ-LAD-2024-08-30,4,2024-09-02,AZ,LAD,LAD,Fri
AZ-LAD-2025-05-08,1,2025-05-08,AZ,LAD,AZ,Thu
AZ-LAD-2025-05-08,2,2025-05-09,AZ,LAD,LAD,Thu
AZ-LAD-2025-05-08,3,2025-05-10,AZ,LAD,AZ,Thu
AZ-LAD-2025-05-08,4,2025-05-11,AZ,LAD,LAD,Thu
LAD-AZ-2025-05-19,1,2025-05-19,LAD,AZ,AZ,Mon
LAD-AZ-2025-05-19,2,2025-05-20,LAD,AZ,LAD,Mon
LAD-AZ-2025-05-19,3,2025-05-21,LAD,AZ,LAD,Mon
ATH-PIT-2024-04-29,1,2024-04-29,ATH,PIT,ATH,Mon
ATH-PIT-2024-04-29,2,2024-04-30,ATH,PIT,ATH,Mon
ATH-PIT-2024-04-29,3,2024-05-01,ATH,PIT,ATH,Mon
ATH-MIA-2024-05-03,1,2024-05-03,ATH,MIA,ATH,Fri
ATH-MIA-2024-05-03,2,2024-05-04,ATH,MIA,ATH,Fri
ATH-MIA-2024-05-03,3,2024-05-05,ATH,MIA,MIA,Fri
AZ-SD-2024-05-03,1,2024-05-03,AZ,SD,SD,Fri
AZ-SD-2024-05-03,2,2024-05-04,AZ,SD,SD,Fri
AZ-SD-2024-05-03,3,2024-05-05,AZ,SD,AZ,Fri
SD-AZ-2024-06-06,1,2024-06-06,SD,AZ,AZ,Thu
SD-AZ-2024-06-06,2,2024-06-07,SD,AZ,SD,Thu
SD-AZ-2024-06-06,3,2024-06-08,SD,AZ,SD,Thu
SD-AZ-2024-06-06,4,2024-06-09,SD,AZ,AZ,Thu
SD-AZ-2024-07-05,1,2024-07-05,SD,AZ,SD,Fri
SD-AZ-2024-07-05,2,2024-07-06,SD,AZ,AZ,Fri
SD-AZ-2024-07-05,3,2024-07-07,SD,AZ,AZ,Fri
AZ-SD-2024-09-27,1,2024-09-27,AZ,SD,SD,Fri
AZ-SD-2024-09-27,2,2024-09-28,AZ,SD,SD,Fri
AZ-SD-2024-09-27,3,2024-09-29,AZ,SD,AZ,Fri
AZ-SD-2025-06-13,1,2025-06-13,AZ,SD,AZ,Fri
AZ-SD-2025-06-13,2,2025-06-14,AZ,SD,AZ,Fri
AZ-SD-2025-06-13,3,2025-06-15,AZ,SD,SD,Fri
SD-AZ-2025-07-07,1,2025-07-07,SD,AZ,AZ,Mon
SD-AZ-2025-07-07,2,2025-07-08,SD,AZ,SD,Mon
SD-AZ-2025-07-07,3,2025-07-09,SD,AZ,AZ,Mon
SD-AZ-2025-07-07,4,2025-07-10,SD,AZ,SD,Mon
AZ-SD-2025-08-04,1,2025-08-04,AZ,SD,AZ,Mon
AZ-SD-2025-08-04,2,2025-08-05,AZ,SD,SD,Mon
AZ-SD-2025-08-04,3,2025-08-06,AZ,SD,SD,Mon
CIN-AZ-2024-05-07,1,2024-05-07,CIN,AZ,AZ,Tue
CIN-AZ-2024-05-07,2,2024-05-08,CIN,AZ,AZ,Tue
CIN-AZ-2024-05-07,3,2024-05-09,CIN,AZ,AZ,Tue
AZ-CIN-2024-05-13,1,2024-05-13,AZ,CIN,AZ,Mon
AZ-CIN-2024-05-13,2,2024-05-14,AZ,CIN,CIN,Mon
AZ-CIN-2024-05-13,3,2024-05-15,AZ,CIN,AZ,Mon
CIN-AZ-2025-06-07,1,2025-06-07,CIN,AZ,CIN,Sat
CIN-AZ-2025-06-07,2,2025-06-08,CIN,AZ,CIN,Sat
BAL-AZ-2024-05-10,1,2024-05-10,BAL,AZ,BAL,Fri
BAL-AZ-2024-05-10,2,2024-05-11,BAL,AZ,BAL,Fri
BAL-AZ-2024-05-10,3,2024-05-12,BAL,AZ,AZ,Fri
AZ-BAL-2025-04-07,1,2025-04-07,AZ,BAL,BAL,Mon
AZ-BAL-2025-04-07,2,2025-04-08,AZ,BAL,AZ,Mon
AZ-BAL-2025-04-07,3,2025-04-09,AZ,BAL,AZ,Mon
SEA-ATH-2024-05-10,1,2024-05-10,SEA,ATH,SEA,Fri
SEA-ATH-2024-05-10,2,2024-05-11,SEA,ATH,ATH,Fri
SEA-ATH-2024-05-10,3,2024-05-12,SEA,ATH,SEA,Fri
ATH-SEA-2024-06-04,1,2024-06-04,ATH,SEA,SEA,Tue
ATH-SEA-2024-06-04,2,2024-06-05,ATH,SEA,ATH,Tue
ATH-SEA-2024-06-04,3,2024-06-06,ATH,SEA,SEA,Tue
ATH-SEA-2024-09-02,1,2024-09-02,ATH,SEA,ATH,Mon
ATH-SEA-2024-09-02,2,2024-09-03,ATH,SEA,ATH,Mon
ATH-SEA-2024-09-02,3,2024-09-04,ATH,SEA,SEA,Mon
ATH-SEA-2024-09-02,4,2024-09-05,ATH,SEA,SEA,Mon
SEA-ATH-2024-09-27,1,2024-09-27,SEA,ATH,SEA,Fri
SEA-ATH-2024-09-27,2,2024-09-28,SEA,ATH,SEA,Fri
SEA-ATH-2024-09-27,3,2024-09-29,SEA,ATH,SEA,Fri
HOU-ATH-2024-05-13,1,2024-05-13,HOU,ATH,HOU,Mon
HOU-ATH-2024-05-13,2,2024-05-14,HOU,ATH,HOU,Mon
HOU-ATH-2024-05-13,3,2024-05-15,HOU,ATH,HOU,Mon
HOU-ATH-2024-05-13,4,2024-05-16,HOU,ATH,HOU,Mon
ATH-HOU-2024-05-24,1,2024-05-24,ATH,HOU,HOU,Fri
ATH-HOU-2024-05-24,2,2024-05-25,ATH,HOU,ATH,Fri
ATH-HOU-2024-05-24,3,2024-05-26,ATH,HOU,HOU,Fri
ATH-HOU-2024-07-22,1,2024-07-22,ATH,HOU,ATH,Mon
ATH-HOU-2024-07-22,2,2024-07-23,ATH,HOU,ATH,Mon
ATH-HOU-2024-07-22,3,2024-07-24,ATH,HOU,HOU,Mon
HOU-ATH-2024-09-10,1,2024-09-10,HOU,ATH,ATH,Tue
HOU-ATH-2024-09-10,2,2024-09-11,HOU,ATH,ATH,Tue
HOU-ATH-2024-09-10,3,2024-09-12,HOU,ATH,HOU,Tue
KC-ATH-2024-05-17,1,2024-05-17,KC,ATH,KC,Fri
KC-ATH-2024-05-17,2,2024-05-18,KC,ATH,KC,Fri
KC-ATH-2024-05-17,3,2024-05-19,KC,ATH,KC,Fri
ATH-KC-2024-06-18,1,2024-06-18,ATH,KC,ATH,Tue
ATH-KC-2024-06-18,2,2024-06-19,ATH,KC,ATH,Tue
ATH-KC-2024-06-18,3,2024-06-20,ATH,KC,KC,Tue
AZ-DET-2024-05-17,1,2024-05-17,AZ,DET,DET,Fri
AZ-DET-2024-05-17,2,2024-05-18,AZ,DET,DET,Fri
AZ-DET-2024-05-17,3,2024-05-19,AZ,DET,AZ,Fri
DET-AZ-2025-07-28,1,2025-07-28,DET,AZ,DET,Mon
DET-AZ-2025-07-28,2,2025-07-29,DET,AZ,DET,Mon
DET-AZ-2025-07-28,3,2025-07-30,DET,AZ,DET,Mon
ATH-COL-2024-05-21,1,2024-05-21,ATH,COL,ATH,Tue
ATH-COL-2024-05-21,2,2024-05-22,ATH,COL,COL,Tue
ATH-COL-2024-05-21,3,2024-05-23,ATH,COL,ATH,Tue
AZ-MIA-2024-05-24,1,2024-05-24,AZ,MIA,MIA,Fri
AZ-MIA-2024-05-24,2,2024-05-25,AZ,MIA,AZ,Fri
AZ-MIA-2024-05-24,3,2024-05-26,AZ,MIA,MIA,Fri
MIA-AZ-2024-08-19,1,2024-08-19,MIA,AZ,AZ,Mon
MIA-AZ-2024-08-19,2,2024-08-20,MIA,AZ,AZ,Mon
MIA-AZ-2024-08-19,3,2024-08-21,MIA,AZ,AZ,Mon
MIA-AZ-2025-04-15,1,2025-04-15,MIA,AZ,AZ,Tue
MIA-AZ-2025-04-15,2,2025-04-16,MIA,AZ,AZ,Tue
MIA-AZ-2025-04-15,3,2025-04-17,MIA,AZ,AZ,Tue
AZ-MIA-2025-06-27,1,2025-06-27,AZ,MIA,MIA,Fri
AZ-MIA-2025-06-27,2,2025-06-28,AZ,MIA,MIA,Fri
AZ-MIA-2025-06-27,3,2025-06-29,AZ,MIA,MIA,Fri
TB-ATH-2024-05-28,1,2024-05-28,TB,ATH,ATH,Tue
TB-ATH-2024-05-28,2,2024-05-29,TB,ATH,TB,Tue
TB-ATH-2024-05-28,3,2024-05-30,TB,ATH,TB,Tue
ATH-TB-2024-08-19,1,2024-08-19,ATH,TB,ATH,Mon
ATH-TB-2024-08-19,2,2024-08-20,ATH,TB,TB,Mon
ATH-TB-2024-08-19,3,2024-08-21,ATH,TB,TB,Mon
ATH-TB-2024-08-19,4,2024-08-22,ATH,TB,ATH,Mon
TEX-AZ-2024-05-28,1,2024-05-28,TEX,AZ,TEX,Tue
TEX-AZ-2024-05-28,2,2024-05-29,TEX,AZ,TEX,Tue
AZ-TEX-2024-09-10,1,2024-09-10,AZ,TEX,AZ,Tue
AZ-TEX-2024-09-10,2,2024-09-11,AZ,TEX,AZ,Tue
TEX-AZ-2025-08-11,1,2025-08-11,TEX,AZ,TEX,Mon
TEX-AZ-2025-08-11,2,2025-08-12,TEX,AZ,AZ,Mon
TEX-AZ-2025-08-11,3,2025-08-13,TEX,AZ,AZ,Mon
NYM-AZ-2024-05-30,1,2024-05-30,NYM,AZ,NYM,Thu
NYM-AZ-2024-05-30,2,2024-05-31,NYM,AZ,NYM,Thu
NYM-AZ-2024-05-30,3,2024-06-01,NYM,AZ,AZ,Thu
NYM-AZ-2024-05-30,4,2024-06-02,NYM,AZ,AZ,Thu
AZ-NYM-2024-08-27,1,2024-08-27,AZ,NYM,NYM,Tue
AZ-NYM-2024-08-27,2,2024-08-28,AZ,NYM,AZ,Tue
AZ-NYM-2024-08-27,3,2024-08-29,AZ,NYM,NYM,Tue
NYM-AZ-2025-04-29,1,2025-04-29,NYM,AZ,NYM,Tue
NYM-AZ-2025-04-29,2,2025-04-30,NYM,AZ,AZ,Tue
NYM-AZ-2025-04-29,3,2025-05-01,NYM,AZ,AZ,Tue
AZ-NYM-2025-05-05,1,2025-05-05,AZ,NYM,NYM,Mon
AZ-NYM-2025-05-05,2,2025-05-06,AZ,NYM,AZ,Mon
AZ-NYM-2025-05-05,3,2025-05-07,AZ,NYM,NYM,Mon
ATL-ATH-2024-05-31,1,2024-05-31,ATL,ATH,ATL,Fri
ATL-ATH-2024-05-31,2,2024-06-01,ATL,ATH,ATH,Fri
ATL-ATH-2024-05-31,3,2024-06-02,ATL,ATH,ATL,Fri
ATH-TOR-2024-06-07,1,2024-06-07,ATH,TOR,ATH,Fri
ATH-TOR-2024-06-07,2,2024-06-08,ATH,TOR,TOR,Fri
ATH-TOR-2024-06-07,3,2024-06-09,ATH,TOR,TOR,Fri
TOR-ATH-2024-08-09,1,2024-08-09,TOR,ATH,TOR,Fri
TOR-ATH-2024-08-09,2,2024-08-10,TOR,ATH,ATH,Fri
TOR-ATH-2024-08-09,3,2024-08-11,TOR,ATH,ATH,Fri
SD-ATH-2024-06-10,1,2024-06-10,SD,ATH,SD,Mon
SD-ATH-2024-06-10,2,2024-06-11,SD,ATH,SD,Mon
SD-ATH-2024-06-10,3,2024-06-12,SD,ATH,SD,Mon
AZ-LAA-2024-06-11,1,2024-06-11,AZ,LAA,AZ,Tue
AZ-LAA-2024-06-11,2,2024-06-12,AZ,LAA,LAA,Tue
AZ-LAA-2024-06-11,3,2024-06-13,AZ,LAA,AZ,Tue
LAA-AZ-2025-07-11,1,2025-07-11,LAA,AZ,LAA,Fri
LAA-AZ-2025-07-11,2,2025-07-12,LAA,AZ,LAA,Fri
LAA-AZ-2025-07-11,3,2025-07-13,LAA,AZ,AZ,Fri
MIN-ATH-2024-06-13,1,2024-06-13,MIN,ATH,MIN,Thu
MIN-ATH-2024-06-13,2,2024-06-14,MIN,ATH,MIN,Thu
MIN-ATH-2024-06-13,3,2024-06-16,MIN,ATH,MIN,Thu
ATH-MIN-2024-06-21,1,2024-06-21,ATH,MIN,ATH,Fri
ATH-MIN-2024-06-21,2,2024-06-22,ATH,MIN,MIN,Fri
ATH-MIN-2024-06-21,3,2024-06-23,ATH,MIN,MIN,Fri
AZ-CHW-2024-06-14,1,2024-06-14,AZ,CHW,AZ,Fri
AZ-CHW-2024-06-14,2,2024-06-15,AZ,CHW,CHW,Fri
AZ-CHW-2024-06-14,3,2024-06-16,AZ,CHW,AZ,Fri
CHW-AZ-2025-06-23,1,2025-06-23,CHW,AZ,AZ,Mon
CHW-AZ-2025-06-23,2,2025-06-24,CHW,AZ,AZ,Mon
CHW-AZ-2025-06-23,3,2025-06-25,CHW,AZ,CHW,Mon
WAS-AZ-2024-06-18,1,2024-06-18,WAS,AZ,AZ,Tue
WAS-AZ-2024-06-18,2,2024-06-19,WAS,AZ,WAS,Tue
WAS-AZ-2024-06-18,3,2024-06-20,WAS,AZ,AZ,Tue
AZ-WAS-2024-07-29,1,2024-07-29,AZ,WAS,AZ,Mon
AZ-WAS-2024-07-29,2,2024-07-30,AZ,WAS,AZ,Mon
AZ-WAS-2024-07-29,3,2024-07-31,AZ,WAS,AZ,Mon
WAS-AZ-2025-04-04,1,2025-04-04,WAS,AZ,AZ,Fri
WAS-AZ-2025-04-04,2,2025-04-05,WAS,AZ,WAS,Fri
WAS-AZ-2025-04-04,3,2025-04-06,WAS,AZ,WAS,Fri
AZ-WAS-2025-05-30,1,2025-05-30,AZ,WAS,WAS,Fri
AZ-WAS-2025-05-30,2,2025-05-31,AZ,WAS,WAS,Fri
AZ-WAS-2025-05-30,3,2025-06-01,AZ,WAS,AZ,Fri
PHI-AZ-2024-06-21,1,2024-06-21,PHI,AZ,AZ,Fri
PHI-AZ-2024-06-21,2,2024-06-22,PHI,AZ,PHI,Fri
PHI-AZ-2024-06-21,3,2024-06-23,PHI,AZ,PHI,Fri
AZ-PHI-2024-08-08,1,2024-08-08,AZ,PHI,PHI,Thu
AZ-PHI-2024-08-08,2,2024-08-09,AZ,PHI,AZ,Thu
AZ-PHI-2024-08-08,3,2024-08-10,AZ,PHI,AZ,Thu
AZ-PHI-2024-08-08,4,2024-08-11,AZ,PHI,AZ,Thu
PHI-AZ-2025-05-02,1,2025-05-02,PHI,AZ,PHI,Fri
PHI-AZ-2025-05-02,2,2025-05-03,PHI,AZ,PHI,Fri
PHI-AZ-2025-05-02,3,2025-05-04,PHI,AZ,AZ,Fri
LAA-ATH-2024-06-24,1,2024-06-24,LAA,ATH,LAA,Mon
LAA-ATH-2024-06-24,2,2024-06-25,LAA,ATH,LAA,Mon
LAA-ATH-2024-06-24,3,2024-06-26,LAA,ATH,LAA,Mon
ATH-LAA-2024-07-02,1,2024-07-02,ATH,LAA,ATH,Tue
ATH-LAA-2024-07-02,2,2024-07-03,ATH,LAA,ATH,Tue
ATH-LAA-2024-07-02,3,2024-07-04,ATH,LAA,ATH,Tue
ATH-LAA-2024-07-19,1,2024-07-19,ATH,LAA,ATH,Fri
ATH-LAA-2024-07-19,2,2024-07-20,ATH,LAA,ATH,Fri
ATH-LAA-2024-07-19,3,2024-07-21,ATH,LAA,LAA,Fri
LAA-ATH-2024-07-25,1,2024-07-25,LAA,ATH,ATH,Thu
LAA-ATH-2024-07-25,2,2024-07-26,LAA,ATH,ATH,Thu
LAA-ATH-2024-07-25,3,2024-07-27,LAA,ATH,ATH,Thu
LAA-ATH-2024-07-25,4,2024-07-28,LAA,ATH,LAA,Thu
AZ-MIN-2024-06-25,1,2024-06-25,AZ,MIN,AZ,Tue
AZ-MIN-2024-06-25,2,2024-06-26,AZ,MIN,MIN,Tue
AZ-MIN-2024-06-25,3,2024-06-27,AZ,MIN,MIN,Tue
AZ-ATH-2024-06-28,1,2024-06-28,AZ,ATH,ATH,Fri
AZ-ATH-2024-06-28,2,2024-06-29,AZ,ATH,AZ,Fri
AZ-ATH-2024-06-28,3,2024-06-30,AZ,ATH,AZ,Fri
PHI-ATH-2024-07-12,1,2024-07-12,PHI,ATH,ATH,Fri
PHI-ATH-2024-07-12,2,2024-07-13,PHI,ATH,PHI,Fri
PHI-ATH-2024-07-12,3,2024-07-14,PHI,ATH,ATH,Fri
AZ-TOR-2024-07-12,1,2024-07-12,AZ,TOR,AZ,Fri
AZ-TOR-2024-07-12,2,2024-07-13,AZ,TOR,AZ,Fri
AZ-TOR-2024-07-12,3,2024-07-14,AZ,TOR,TOR,Fri
TOR-AZ-2025-06-17,1,2025-06-17,TOR,AZ,TOR,Tue
TOR-AZ-2025-06-17,2,2025-06-18,TOR,AZ,TOR,Tue
TOR-AZ-2025-06-17,3,2025-06-19,TOR,AZ,AZ,Tue
KC-AZ-2024-07-22,1,2024-07-22,KC,AZ,KC,Mon
KC-AZ-2024-07-22,2,2024-07-23,KC,AZ,AZ,Mon
KC-AZ-2024-07-22,3,2024-07-24,KC,AZ,AZ,Mon
AZ-KC-2025-07-04,1,2025-07-04,AZ,KC,KC,Fri
AZ-KC-2025-07-04,2,2025-07-05,AZ,KC,AZ,Fri
AZ-KC-2025-07-04,3,2025-07-06,AZ,KC,KC,Fri
AZ-PIT-2024-07-26,1,2024-07-26,AZ,PIT,AZ,Fri
AZ-PIT-2024-07-26,2,2024-07-27,AZ,PIT,AZ,Fri
AZ-PIT-2024-07-26,3,2024-07-28,AZ,PIT,PIT,Fri
PIT-AZ-2024-08-02,1,2024-08-02,PIT,AZ,AZ,Fri
PIT-AZ-2024-08-02,2,2024-08-03,PIT,AZ,PIT,Fri
PIT-AZ-2024-08-02,3,2024-08-04,PIT,AZ,AZ,Fri
AZ-PIT-2025-05-26,1,2025-05-26,AZ,PIT,AZ,Mon
AZ-PIT-2025-05-26,2,2025-05-27,AZ,PIT,PIT,Mon
AZ-PIT-2025-05-26,3,2025-05-28,AZ,PIT,PIT,Mon
PIT-AZ-2025-07-25,1,2025-07-25,PIT,AZ,AZ,Fri
PIT-AZ-2025-07-25,2,2025-07-26,PIT,AZ,PIT,Fri
PIT-AZ-2025-07-25,3,2025-07-27,PIT,AZ,PIT,Fri
SF-ATH-2024-07-30,1,2024-07-30,SF,ATH,ATH,Tue
SF-ATH-2024-07-30,2,2024-07-31,SF,ATH,SF,Tue
ATH-SF-2024-08-17,1,2024-08-17,ATH,SF,ATH,Sat
ATH-SF-2024-08-17,2,2024-08-18,ATH,SF,SF,Sat
ATH-LAD-2024-08-02,1,2024-08-02,ATH,LAD,ATH,Fri
ATH-LAD-2024-08-02,2,2024-08-03,ATH,LAD,LAD,Fri
CLE-AZ-2024-08-05,1,2024-08-05,CLE,AZ,AZ,Mon
CLE-AZ-2024-08-05,2,2024-08-07,CLE,AZ,AZ,Mon
ATH-CHW-2024-08-05,1,2024-08-05,ATH,CHW,ATH,Mon
ATH-CHW-2024-08-05,2,2024-08-06,ATH,CHW,CHW,Mon
ATH-CHW-2024-08-05,3,2024-08-07,ATH,CHW,ATH,Mon
CHW-ATH-2024-09-13,1,2024-09-13,CHW,ATH,ATH,Fri
CHW-ATH-2024-09-13,2,2024-09-14,CHW,ATH,CHW,Fri
NYM-ATH-2024-08-13,1,2024-08-13,NYM,ATH,ATH,Tue
NYM-ATH-2024-08-13,2,2024-08-14,NYM,ATH,NYM,Tue
NYM-ATH-2024-08-13,3,2024-08-15,NYM,ATH,ATH,Tue
TB-AZ-2024-08-16,1,2024-08-16,TB,AZ,TB,Fri
TB-AZ-2024-08-16,2,2024-08-17,TB,AZ,TB,Fri
TB-AZ-2024-08-16,3,2024-08-18,TB,AZ,TB,Fri
AZ-TB-2025-04-22,1,2025-04-22,AZ,TB,AZ,Tue
AZ-TB-2025-04-22,2,2025-04-23,AZ,TB,TB,Tue
AZ-TB-2025-04-22,3,2025-04-24,AZ,TB,TB,Tue
BOS-AZ-2024-08-23,1,2024-08-23,BOS,AZ,AZ,Fri
BOS-AZ-2024-08-23,2,2024-08-24,BOS,AZ,AZ,Fri
BOS-AZ-2024-08-23,3,2024-08-25,BOS,AZ,AZ,Fri
ATH-MIL-2024-08-23,1,2024-08-23,ATH,MIL,MIL,Fri
ATH-MIL-2024-08-23,2,2024-08-24,ATH,MIL,MIL,Fri
ATH-MIL-2024-08-23,3,2024-08-25,ATH,MIL,ATH,Fri
CIN-ATH-2024-08-27,1,2024-08-27,CIN,ATH,ATH,Tue
CIN-ATH-2024-08-27,2,2024-08-28,CIN,ATH,ATH,Tue
CIN-ATH-2024-08-27,3,2024-08-29,CIN,ATH,CIN,Tue
HOU-AZ-2024-09-06,1,2024-09-06,HOU,AZ,HOU,Fri
HOU-AZ-2024-09-06,2,2024-09-07,HOU,AZ,HOU,Fri
HOU-AZ-2024-09-06,3,2024-09-08,HOU,AZ,AZ,Fri
AZ-HOU-2025-07-21,1,2025-07-21,AZ,HOU,HOU,Mon
AZ-HOU-2025-07-21,2,2025-07-22,AZ,HOU,HOU,Mon
AZ-HOU-2025-07-21,3,2025-07-23,AZ,HOU,HOU,Mon
AZ-MIL-2024-09-13,1,2024-09-13,AZ,MIL,MIL,Fri
AZ-MIL-2024-09-13,2,2024-09-14,AZ,MIL,MIL,Fri
AZ-MIL-2024-09-13,3,2024-09-15,AZ,MIL,AZ,Fri
MIL-AZ-2024-09-19,1,2024-09-19,MIL,AZ,AZ,Thu
MIL-AZ-2024-09-19,2,2024-09-20,MIL,AZ,AZ,Thu
MIL-AZ-2024-09-19,3,2024-09-21,MIL,AZ,AZ,Thu
MIL-AZ-2024-09-19,4,2024-09-22,MIL,AZ,MIL,Thu
AZ-MIL-2025-04-11,1,2025-04-11,AZ,MIL,MIL,Fri
AZ-MIL-2025-04-11,2,2025-04-12,AZ,MIL,AZ,Fri
AZ-MIL-2025-04-11,3,2025-04-13,AZ,MIL,AZ,Fri
CHC-ATH-2024-09-16,1,2024-09-16,CHC,ATH,CHC,Mon
CHC-ATH-2024-09-16,2,2024-09-17,CHC,ATH,ATH,Mon
CHC-ATH-2024-09-16,3,2024-09-18,CHC,ATH,ATH,Mon
