series_id,num_games_logged,start_day,g1_winner,g1_g2_same_winner,swept_3game,swept_4game
NYY-TOR-2021-04-01,3,Thu,TOR,False,False,
TOR-NYY-2021-04-12,3,Mon,NYY,False,False,
NYY-TOR-2021-05-25,2,Tue,TOR,True,,
TOR-NYY-2021-06-15,3,Tue,NYY,True,True,
NYY-TOR-2021-09-06,4,Mon,TOR,True,True,True
TOR-NYY-2021-09-28,3,Tue,NYY,False,False,
NYY-TOR-2022-04-11,4,Mon,TOR,False,False,False
TOR-NYY-2022-05-02,3,Mon,NYY,True,False,
NYY-TOR-2022-05-10,2,Tue,NYY,True,,
TOR-NYY-2022-06-17,3,Fri,NYY,True,False,
NYY-TOR-2022-08-18,4,Thu,TOR,True,True,False
TOR-NYY-2022-09-26,3,Mon,TOR,False,False,
NYY-TOR-2023-04-21,3,Fri,TOR,False,False,
TOR-NYY-2023-05-15,4,Mon,NYY,True,False,False
NYY-TOR-2023-09-19,3,Tue,TOR,True,False,
TOR-NYY-2023-09-26,3,Tue,NYY,True,False,
NYY-TOR-2024-04-05,3,Fri,TOR,False,False,
TOR-NYY-2024-04-15,3,Mon,TOR,True,False,
TOR-NYY-2024-06-27,4,Thu,TOR,False,False,False
NYY-TOR-2024-08-02,3,Fri,TOR,False,False,
NYY-TOR-2025-04-25,2,Fri,TOR,False,,
TOR-NYY-2025-06-30,4,Mon,TOR,True,True,True
TOR-NYY-2025-07-21,3,Mon,TOR,False,False,
MIL-MIN-2021-04-01,3,Thu,MIL,False,False,
MIN-MIL-2021-08-27,3,Fri,MIN,True,False,
MIN-MIL-2022-07-12,2,Tue,MIL,False,,
MIL-MIN-2022-07-26,2,Tue,MIL,True,,
MIN-MIL-2023-06-13,2,Tue,MIN,True,,
MIL-MIN-2023-08-22,2,Tue,MIL,True,,
MIL-MIN-2024-04-02,2,Tue,MIL,False,,
MIN-MIL-2024-07-20,2,Sat,MIL,True,,
MIL-MIN-2025-05-16,3,Fri,MIN,True,False,
MIN-MIL-2025-06-20,3,Fri,MIL,True,True,
CHC-PIT-2021-04-01,3,Thu,PIT,False,False,
PIT-CHC-2021-04-08,3,Thu,CHC,False,False,
CHC-PIT-2021-05-07,3,Fri,CHC,True,False,
PIT-CHC-2021-05-25,3,Tue,CHC,True,True,
CHC-PIT-2021-09-02,4,Thu,CHC,True,True,True
PIT-CHC-2021-09-28,3,Tue,PIT,False,False,
PIT-CHC-2022-04-12,2,Tue,CHC,False,,
CHC-PIT-2022-04-21,4,Thu,PIT,True,False,False
CHC-PIT-2022-05-16,3,Mon,CHC,True,False,
PIT-CHC-2022-06-20,4,Mon,PIT,True,False,False
CHC-PIT-2022-07-25,2,Mon,CHC,True,,
PIT-CHC-2022-09-22,4,Thu,CHC,True,False,False
CHC-PIT-2023-06-13,3,Tue,CHC,True,True,
PIT-CHC-2023-06-19,3,Mon,CHC,True,True,
PIT-CHC-2023-08-24,4,Thu,CHC,False,False,False
CHC-PIT-2023-09-19,3,Tue,CHC,False,False,
PIT-CHC-2024-05-10,3,Fri,CHC,False,False,
CHC-PIT-2024-05-16,4,Thu,PIT,True,False,False
PIT-CHC-2024-08-26,3,Mon,CHC,True,True,
CHC-PIT-2024-09-02,3,Mon,PIT,True,False,
PIT-CHC-2025-04-29,3,Tue,CHC,False,False,
CHC-PIT-2025-06-12,4,Thu,CHC,False,False,False
CHC-PIT-2025-08-15,2,Fri,PIT,False,,
PHI-ATL-2021-04-01,3,Thu,PHI,True,True,
ATL-PHI-2021-04-09,3,Fri,ATL,True,False,
ATL-PHI-2021-05-07,3,Fri,PHI,False,False,
PHI-ATL-2021-06-08,3,Tue,ATL,False,False,
PHI-ATL-2021-07-22,4,Thu,ATL,False,False,False
ATL-PHI-2021-09-28,3,Tue,ATL,True,True,
ATL-PHI-2022-05-23,4,Mon,PHI,False,False,False
PHI-ATL-2022-06-28,3,Tue,ATL,True,False,
PHI-ATL-2022-07-25,3,Mon,PHI,False,False,
ATL-PHI-2022-08-02,2,Tue,ATL,False,,
ATL-PHI-2022-09-16,3,Fri,ATL,True,True,
PHI-ATL-2022-09-22,4,Thu,PHI,True,False,False
ATL-PHI-2023-05-25,4,Thu,ATL,False,False,False
PHI-ATL-2023-06-20,2,Tue,ATL,True,,
PHI-ATL-2023-09-11,3,Mon,ATL,True,True,
ATL-PHI-2023-09-18,3,Mon,PHI,False,False,
PHI-ATL-2024-03-29,3,Fri,ATL,True,False,
ATL-PHI-2024-07-05,3,Fri,PHI,False,False,
ATL-PHI-2024-08-20,3,Tue,ATL,False,False,
PHI-ATL-2024-08-29,4,Thu,PHI,False,False,False
ATL-PHI-2025-04-08,3,Tue,ATL,False,False,
PHI-ATL-2025-05-27,2,Tue,PHI,True,,
ATL-PHI-2025-06-27,3,Fri,PHI,False,False,
CIN-STL-2021-04-01,3,Thu,STL,False,False,
STL-CIN-2021-04-23,3,Fri,STL,True,True,
STL-CIN-2021-06-03,4,Thu,CIN,True,True,True
CIN-STL-2021-07-23,3,Fri,CIN,True,False,
CIN-STL-2021-08-30,2,Mon,STL,True,,
STL-CIN-2021-09-10,3,Fri,CIN,False,False,
CIN-STL-2022-04-22,3,Fri,STL,True,False,
STL-CIN-2022-06-10,3,Fri,STL,True,False,
STL-CIN-2022-07-15,2,Fri,STL,True,,
CIN-STL-2022-07-22,3,Fri,CIN,False,False,
CIN-STL-2022-08-29,3,Mon,STL,False,False,
STL-CIN-2022-09-15,4,Thu,CIN,False,False,False
CIN-STL-2023-05-22,4,Mon,CIN,False,False,False
STL-CIN-2023-06-09,3,Fri,STL,False,False,
CIN-STL-2023-09-08,3,Fri,STL,True,False,
STL-CIN-2023-09-29,3,Fri,CIN,False,False,
CIN-STL-2024-05-27,3,Mon,CIN,False,False,
STL-CIN-2024-06-27,4,Thu,CIN,False,False,False
CIN-STL-2024-08-12,3,Mon,CIN,True,True,
STL-CIN-2024-09-10,3,Tue,CIN,False,False,
CIN-STL-2025-04-28,3,Mon,CIN,False,False,
STL-CIN-2025-06-20,3,Fri,STL,True,False,
MIA-TB-2021-04-01,3,Thu,TB,True,False,
TB-MIA-2021-09-25,2,Sat,TB,True,,
TB-MIA-2022-05-24,2,Tue,TB,True,,
MIA-TB-2022-08-30,2,Tue,TB,True,,
TB-MIA-2023-07-25,2,Tue,TB,False,,
MIA-TB-2023-08-29,2,Tue,TB,True,,
MIA-TB-2024-06-04,2,Tue,TB,True,,
TB-MIA-2024-07-30,2,Tue,TB,False,,
MIA-TB-2025-05-16,3,Fri,MIA,False,False,
TB-MIA-2025-06-06,3,Fri,TB,False,False,
KC-TEX-2021-04-01,3,Thu,KC,True,False,
TEX-KC-2021-06-25,3,Fri,TEX,True,True,
TEX-KC-2022-05-10,3,Tue,TEX,False,False,
KC-TEX-2022-06-27,3,Mon,TEX,True,False,
TEX-KC-2023-04-10,3,Mon,TEX,True,False,
KC-TEX-2023-04-17,3,Mon,TEX,True,True,
KC-TEX-2024-05-03,3,Fri,KC,False,False,
TEX-KC-2024-06-21,3,Fri,TEX,True,True,
TEX-KC-2025-06-17,3,Tue,KC,True,True,
SD-ARI-2021-04-01,4,Thu,SD,True,True,False
ARI-SD-2021-04-27,2,Tue,ARI,False,,
SD-ARI-2021-06-25,3,Fri,SD,False,False,
SD-ARI-2021-08-06,3,Fri,ARI,False,False,
ARI-SD-2021-08-12,4,Thu,ARI,True,True,False
ARI-SD-2021-08-30,3,Mon,SD,True,False,
ARI-SD-2022-04-07,4,Thu,ARI,False,False,False
SD-ARI-2022-06-20,3,Mon,SD,True,True,
ARI-SD-2022-06-28,2,Tue,ARI,False,,
SD-ARI-2022-07-15,3,Fri,SD,True,False,
SD-ARI-2022-09-05,3,Mon,ARI,False,False,
ARI-SD-2022-09-15,4,Thu,ARI,False,False,False
SD-ARI-2023-04-03,2,Mon,SD,False,,
ARI-SD-2023-04-20,4,Thu,SD,False,False,False
ARI-SD-2023-08-11,3,Fri,SD,False,False,
SD-ARI-2023-08-17,3,Thu,ARI,False,False,
COL-LAD-2021-04-01,4,Thu,COL,False,False,False
LAD-COL-2021-04-13,3,Tue,LAD,True,True,
COL-LAD-2021-07-16,3,Fri,LAD,True,False,
LAD-COL-2021-07-23,3,Fri,COL,False,False,
LAD-COL-2021-08-27,3,Fri,COL,False,False,
COL-LAD-2021-09-21,3,Tue,LAD,False,False,
COL-LAD-2022-04-08,3,Fri,LAD,False,False,
COL-LAD-2022-06-27,3,Mon,COL,True,False,
LAD-COL-2022-07-04,3,Mon,LAD,True,True,
COL-LAD-2022-07-28,4,Thu,LAD,True,False,False
LAD-COL-2022-09-30,6,Fri,LAD,True,False,False
LAD-COL-2023-04-03,2,Mon,LAD,True,,
COL-LAD-2023-06-27,3,Tue,LAD,False,False,
LAD-COL-2023-08-10,4,Thu,LAD,True,True,True
COL-LAD-2023-09-26,3,Tue,COL,False,False,
LAD-COL-2024-05-31,3,Fri,COL,False,False,
COL-LAD-2024-06-17,4,Mon,LAD,True,False,False
LAD-COL-2024-09-20,3,Fri,LAD,False,False,
COL-LAD-2024-09-27,3,Fri,LAD,True,True,
LAD-COL-2025-04-14,3,Mon,LAD,True,True,
COL-LAD-2025-06-24,3,Tue,LAD,True,True,
LAA-CHW-2021-04-01,4,Thu,LAA,False,False,False
CHW-LAA-2021-09-14,3,Tue,CHW,False,False,
CHW-LAA-2022-04-29,4,Fri,LAA,False,False,False
LAA-CHW-2022-06-27,3,Mon,LAA,False,False,
CHW-LAA-2023-05-29,3,Mon,LAA,False,False,
LAA-CHW-2023-06-26,4,Mon,LAA,True,False,False
LAA-CHW-2024-09-16,3,Mon,CHW,False,False,
CHW-LAA-2024-09-24,3,Tue,CHW,True,True,
CHW-LAA-2025-03-27,3,Thu,CHW,False,False,
LAA-CHW-2025-08-01,3,Fri,CHW,True,False,
OAK-HOU-2021-04-01,4,Thu,HOU,True,True,True
HOU-OAK-2021-04-08,3,Thu,HOU,False,False,
OAK-HOU-2021-05-18,3,Tue,OAK,False,False,
HOU-OAK-2021-07-06,3,Tue,HOU,True,False,
OAK-HOU-2021-09-25,2,Sat,OAK,True,,
HOU-OAK-2021-10-01,3,Fri,OAK,False,False,
OAK-HOU-2022-05-30,3,Mon,HOU,True,True,
OAK-HOU-2022-07-08,3,Fri,HOU,False,False,
HOU-OAK-2022-07-15,3,Fri,OAK,False,False,
OAK-HOU-2022-07-25,3,Mon,OAK,True,True,
HOU-OAK-2022-08-12,3,Fri,HOU,True,True,
HOU-OAK-2022-09-15,4,Thu,HOU,True,False,False
HOU-OAK-2023-05-19,3,Fri,HOU,True,True,
OAK-HOU-2023-05-26,3,Fri,HOU,True,True,
OAK-HOU-2023-07-20,4,Thu,HOU,True,False,False
HOU-OAK-2023-09-11,3,Mon,OAK,True,False,
SEA-SF-2021-04-01,3,Thu,SEA,False,False,
SF-SEA-2023-07-03,3,Mon,SEA,True,False,
SEA-SF-2024-08-23,3,Fri,SEA,False,False,
SF-SEA-2025-04-04,3,Fri,SF,True,True,
BOS-BAL-2021-04-02,3,Fri,BAL,True,True,
BAL-BOS-2021-04-08,3,Thu,BOS,True,True,
BAL-BOS-2021-05-07,4,Fri,BOS,True,True,False
BOS-BAL-2021-08-13,3,Fri,BOS,True,True,
BOS-BAL-2021-09-17,3,Fri,BOS,True,True,
BAL-BOS-2021-09-28,3,Tue,BAL,False,False,
BAL-BOS-2022-04-29,3,Fri,BOS,False,False,
BOS-BAL-2022-05-27,4,Fri,BAL,False,False,False
BAL-BOS-2022-08-19,3,Fri,BAL,False,False,
BAL-BOS-2022-09-09,3,Fri,BAL,False,False,
BOS-BAL-2022-09-26,4,Mon,BAL,False,False,False
BOS-BAL-2023-03-30,3,Thu,BAL,False,False,
BAL-BOS-2023-04-24,3,Mon,BAL,False,False,
BOS-BAL-2023-09-08,3,Fri,BAL,True,False,
BAL-BOS-2023-09-28,4,Thu,BAL,False,False,False
BOS-BAL-2024-04-09,3,Tue,BAL,True,True,
BAL-BOS-2024-05-27,3,Mon,BAL,False,False,
BAL-BOS-2024-08-15,4,Thu,BAL,False,False,False
BOS-BAL-2024-09-09,3,Mon,BOS,False,False,
BAL-BOS-2025-03-31,3,Mon,BAL,False,False,
BOS-BAL-2025-05-23,3,Fri,BOS,True,False,
DET-MIN-2021-04-05,3,Mon,MIN,False,False,
DET-MIN-2021-05-07,2,Fri,MIN,False,,
MIN-DET-2021-07-08,4,Thu,MIN,True,True,True
DET-MIN-2021-07-17,2,Sat,DET,True,,
MIN-DET-2021-07-26,3,Mon,MIN,False,False,
MIN-DET-2021-09-28,3,Tue,MIN,True,False,
MIN-DET-2022-04-26,3,Tue,MIN,True,True,
MIN-DET-2022-05-23,3,Mon,MIN,True,False,
DET-MIN-2022-05-30,4,Mon,DET,False,False,False
DET-MIN-2022-07-23,2,Sat,MIN,True,,
MIN-DET-2022-08-01,3,Mon,MIN,False,False,
DET-MIN-2022-09-30,3,Fri,MIN,False,False,
MIN-DET-2023-06-15,4,Thu,DET,True,False,False
DET-MIN-2023-06-23,3,Fri,MIN,False,False,
DET-MIN-2023-08-07,4,Mon,MIN,False,False,False
MIN-DET-2023-08-15,2,Tue,MIN,False,,
DET-MIN-2024-04-12,3,Fri,DET,False,False,
MIN-DET-2024-04-19,3,Fri,DET,False,False,
MIN-DET-2024-07-02,3,Tue,MIN,False,False,
DET-MIN-2024-07-26,3,Fri,MIN,False,False,
MIN-DET-2025-04-11,3,Fri,DET,True,False,
DET-MIN-2025-06-27,3,Fri,MIN,False,False,
DET-MIN-2025-08-04,3,Mon,DET,False,False,
MIN-DET-2025-08-14,3,Thu,DET,True,True,
TEX-TOR-2021-04-05,3,Mon,TOR,False,False,
TOR-TEX-2021-07-16,2,Fri,TOR,True,,
TOR-TEX-2022-04-08,3,Fri,TOR,True,False,
TEX-TOR-2022-09-09,3,Fri,TOR,True,False,
TEX-TOR-2023-06-16,3,Fri,TOR,False,False,
TOR-TEX-2023-09-11,4,Mon,TEX,True,True,True
TOR-TEX-2024-07-26,3,Fri,TOR,True,True,
TEX-TOR-2024-09-17,3,Tue,TEX,True,False,
TEX-TOR-2025-05-26,3,Mon,TOR,False,False,
TOR-TEX-2025-08-15,2,Fri,TOR,True,,
NYY-BAL-2021-04-05,3,Mon,NYY,True,False,
BAL-NYY-2021-04-26,4,Mon,BAL,False,False,False
BAL-NYY-2021-05-14,3,Fri,NYY,True,False,
NYY-BAL-2021-08-02,3,Mon,BAL,False,False,
NYY-BAL-2021-09-03,3,Fri,NYY,False,False,
BAL-NYY-2021-09-14,3,Tue,NYY,True,False,
BAL-NYY-2022-04-15,3,Fri,BAL,False,False,
NYY-BAL-2022-04-26,3,Tue,NYY,True,True,
BAL-NYY-2022-05-16,4,Mon,NYY,True,True,False
NYY-BAL-2022-05-23,3,Mon,BAL,False,False,
BAL-NYY-2022-07-22,3,Fri,NYY,False,False,
NYY-BAL-2022-09-30,3,Fri,BAL,False,False,
BAL-NYY-2023-04-07,3,Fri,BAL,False,False,
NYY-BAL-2023-05-23,3,Tue,NYY,False,False,
NYY-BAL-2023-07-03,4,Mon,NYY,True,False,False
BAL-NYY-2023-07-28,3,Fri,BAL,False,False,
BAL-NYY-2024-04-29,4,Mon,BAL,True,False,False
NYY-BAL-2024-06-18,3,Tue,NYY,False,False,
BAL-NYY-2024-07-12,3,Fri,NYY,True,False,
NYY-BAL-2024-09-24,3,Tue,BAL,True,False,
BAL-NYY-2025-04-28,3,Mon,BAL,False,False,
NYY-BAL-2025-06-20,3,Fri,BAL,False,False,
CIN-PIT-2021-04-05,3,Mon,CIN,True,True,
PIT-CIN-2021-05-10,3,Mon,CIN,False,False,
CIN-PIT-2021-08-05,4,Thu,CIN,True,True,True
PIT-CIN-2021-09-14,3,Tue,PIT,True,False,
CIN-PIT-2021-09-20,2,Mon,CIN,False,,
PIT-CIN-2021-10-01,3,Fri,PIT,True,False,
CIN-PIT-2022-05-07,2,Sat,CIN,True,,
PIT-CIN-2022-05-12,4,Thu,CIN,True,False,False
PIT-CIN-2022-08-19,3,Fri,PIT,False,False,
CIN-PIT-2022-09-12,3,Mon,PIT,True,True,
PIT-CIN-2022-09-26,3,Mon,PIT,True,True,
CIN-PIT-2023-03-30,3,Thu,PIT,False,False,
PIT-CIN-2023-04-20,4,Thu,PIT,True,True,True
PIT-CIN-2023-08-11,2,Fri,CIN,False,,
CIN-PIT-2023-09-22,3,Fri,PIT,True,False,
PIT-CIN-2024-06-17,3,Mon,PIT,False,False,
CIN-PIT-2024-06-24,3,Mon,CIN,False,False,
PIT-CIN-2024-08-22,4,Thu,PIT,True,False,False
CIN-PIT-2024-09-20,3,Fri,CIN,True,False,
CIN-PIT-2025-04-11,3,Fri,CIN,True,True,
PIT-CIN-2025-05-19,3,Mon,CIN,False,False,
PIT-CIN-2025-08-07,4,Thu,PIT,True,False,False
MIA-STL-2021-04-05,3,Mon,STL,True,True,
STL-MIA-2021-06-14,3,Mon,STL,True,True,
MIA-STL-2022-04-19,3,Tue,STL,True,False,
STL-MIA-2022-06-27,3,Mon,STL,True,False,
MIA-STL-2023-07-03,4,Mon,MIA,True,True,False
STL-MIA-2023-07-17,3,Mon,STL,True,True,
STL-MIA-2024-04-04,3,Thu,STL,True,False,
MIA-STL-2024-06-17,3,Mon,STL,False,False,
STL-MIA-2025-07-28,3,Mon,STL,False,False,
PHI-NYM-2021-04-05,3,Mon,PHI,False,False,
NYM-PHI-2021-04-13,2,Tue,NYM,True,,
PHI-NYM-2021-04-30,3,Fri,PHI,False,False,
NYM-PHI-2021-06-25,3,Fri,NYM,True,False,
PHI-NYM-2021-08-06,3,Fri,PHI,True,True,
NYM-PHI-2021-09-17,3,Fri,PHI,True,False,
PHI-NYM-2022-04-11,3,Mon,PHI,False,False,
NYM-PHI-2022-04-29,3,Fri,NYM,False,False,
NYM-PHI-2022-05-27,3,Fri,NYM,True,True,
NYM-PHI-2022-08-12,3,Fri,PHI,False,False,
PHI-NYM-2022-08-19,3,Fri,NYM,True,True,
NYM-PHI-2023-05-30,3,Tue,NYM,True,True,
PHI-NYM-2023-06-23,3,Fri,PHI,False,False,
PHI-NYM-2023-09-21,4,Thu,PHI,True,True,True
NYM-PHI-2023-09-30,2,Sat,NYM,False,,
NYM-PHI-2024-05-13,2,Mon,PHI,True,,
PHI-NYM-2024-05-15,2,Wed,PHI,False,,
PHI-NYM-2024-09-13,3,Fri,NYM,False,False,
NYM-PHI-2024-09-19,4,Thu,NYM,False,False,False
NYM-PHI-2025-04-21,3,Mon,NYM,True,True,
PHI-NYM-2025-06-20,3,Fri,PHI,False,False,
BOS-TB-2021-04-05,3,Mon,BOS,True,True,
TB-BOS-2021-06-22,3,Tue,BOS,False,False,
TB-BOS-2021-07-30,3,Fri,TB,True,True,
BOS-TB-2021-08-10,3,Tue,TB,False,False,
TB-BOS-2021-08-30,4,Mon,TB,True,False,False
BOS-TB-2021-09-06,3,Mon,TB,True,False,
TB-BOS-2022-04-22,3,Fri,BOS,False,False,
BOS-TB-2022-07-04,3,Mon,BOS,False,False,
TB-BOS-2022-07-11,4,Mon,TB,True,True,True
BOS-TB-2022-08-26,3,Fri,BOS,True,False,
TB-BOS-2022-09-05,3,Mon,TB,True,True,
BOS-TB-2022-10-03,3,Mon,BOS,True,True,
TB-BOS-2023-04-10,4,Mon,TB,True,True,True
BOS-TB-2023-06-03,3,Sat,BOS,False,False,
TB-BOS-2023-09-04,3,Mon,BOS,False,False,
BOS-TB-2023-09-26,2,Tue,TB,True,,
BOS-TB-2024-05-13,4,Mon,TB,False,False,False
TB-BOS-2024-05-20,3,Mon,BOS,True,True,
TB-BOS-2024-09-17,3,Tue,TB,False,False,
BOS-TB-2024-09-27,3,Fri,TB,True,False,
TB-BOS-2025-04-14,3,Mon,TB,False,False,
BOS-TB-2025-06-09,3,Mon,TB,False,False,
BOS-TB-2025-07-10,4,Thu,BOS,True,True,True
CHC-MIL-2021-04-05,3,Mon,CHC,False,False,
MIL-CHC-2021-04-12,3,Mon,MIL,False,False,
CHC-MIL-2021-04-23,3,Fri,CHC,False,False,
MIL-CHC-2021-06-28,3,Mon,MIL,True,True,
CHC-MIL-2021-08-10,3,Tue,MIL,True,True,
MIL-CHC-2021-09-17,3,Fri,MIL,True,False,
CHC-MIL-2022-04-07,3,Thu,CHC,True,False,
MIL-CHC-2022-04-29,3,Fri,MIL,True,False,
CHC-MIL-2022-05-30,3,Mon,MIL,False,False,
MIL-CHC-2022-07-04,3,Mon,MIL,False,False,
CHC-MIL-2022-08-19,3,Fri,CHC,True,False,
MIL-CHC-2022-08-26,3,Fri,CHC,False,False,
CHC-MIL-2023-03-30,3,Thu,CHC,False,False,
MIL-CHC-2023-07-03,4,Mon,MIL,False,False,False
CHC-MIL-2023-08-28,3,Mon,MIL,False,False,
MIL-CHC-2023-09-29,3,Fri,MIL,False,False,
CHC-MIL-2024-05-03,3,Fri,MIL,False,False,
MIL-CHC-2024-05-27,4,Mon,MIL,False,False,False
MIL-CHC-2024-06-28,3,Fri,MIL,False,False,
CHC-MIL-2024-07-22,3,Mon,CHC,False,False,
MIL-CHC-2025-05-02,3,Fri,CHC,True,False,
CHC-MIL-2025-06-17,2,Tue,CHC,False,,
MIL-CHC-2025-07-28,3,Mon,MIL,True,False,
LAA-HOU-2021-04-05,2,Mon,LAA,False,,
HOU-LAA-2021-04-22,4,Thu,HOU,True,True,False
HOU-LAA-2021-05-10,3,Mon,LAA,False,False,
LAA-HOU-2021-08-13,3,Fri,HOU,True,False,
HOU-LAA-2021-09-10,3,Fri,HOU,False,False,
LAA-HOU-2021-09-20,4,Mon,HOU,True,True,False
LAA-HOU-2022-04-07,4,Thu,HOU,True,False,False
HOU-LAA-2022-04-18,3,Mon,HOU,False,False,
HOU-LAA-2022-07-01,3,Fri,HOU,True,True,
LAA-HOU-2022-07-12,3,Tue,HOU,False,False,
LAA-HOU-2022-09-02,3,Fri,HOU,False,False,
HOU-LAA-2022-09-09,3,Fri,HOU,False,False,
LAA-HOU-2023-05-08,3,Mon,LAA,False,False,
HOU-LAA-2023-06-01,4,Thu,HOU,True,True,False
LAA-HOU-2023-07-14,3,Fri,HOU,False,False,
HOU-LAA-2023-08-11,3,Fri,HOU,True,False,
HOU-LAA-2024-05-20,3,Mon,LAA,False,False,
LAA-HOU-2024-06-07,3,Fri,HOU,True,False,
LAA-HOU-2024-09-13,3,Fri,HOU,True,True,
HOU-LAA-2024-09-19,4,Thu,HOU,True,True,False
HOU-LAA-2025-04-11,3,Fri,HOU,False,False,
LAA-HOU-2025-06-20,3,Fri,HOU,False,False,
OAK-LAD-2021-04-05,3,Mon,LAD,True,False,
LAD-OAK-2023-08-01,3,Tue,LAD,True,True,
SEA-CHW-2021-04-05,3,Mon,CHW,True,False,
CHW-SEA-2021-06-25,2,Fri,SEA,True,,
CHW-SEA-2022-04-12,3,Tue,CHW,True,False,
SEA-CHW-2022-09-05,3,Mon,CHW,False,False,
SEA-CHW-2023-06-16,3,Fri,SEA,False,False,
CHW-SEA-2023-08-21,3,Mon,SEA,True,False,
SEA-CHW-2024-06-10,4,Mon,SEA,True,True,False
CHW-SEA-2024-07-26,3,Fri,SEA,True,True,
CHW-SEA-2025-05-19,3,Mon,SEA,False,False,
SEA-CHW-2025-08-05,3,Tue,SEA,True,True,
SD-SF-2021-04-05,3,Mon,SF,False,False,
SD-SF-2021-04-30,3,Fri,SD,True,False,
SF-SD-2021-05-07,3,Fri,SF,True,False,
SF-SD-2021-09-13,4,Mon,SF,True,False,False
SD-SF-2021-09-21,3,Tue,SF,True,False,
SF-SD-2021-10-01,3,Fri,SF,False,False,
SF-SD-2022-04-11,3,Mon,SD,False,False,
SF-SD-2022-05-20,3,Fri,SD,True,True,
SD-SF-2022-07-07,4,Thu,SD,True,False,False
SD-SF-2022-08-08,3,Mon,SF,False,False,
SF-SD-2022-08-29,3,Mon,SD,True,True,
SD-SF-2022-10-03,3,Mon,SD,True,False,
SD-SF-2023-04-29,2,Sat,SD,True,,
SF-SD-2023-06-19,4,Mon,SF,True,True,False
SD-SF-2023-08-31,4,Thu,SF,False,False,False
SF-SD-2023-09-25,3,Mon,SF,False,False,
SD-SF-2024-03-28,4,Thu,SD,False,False,False
SF-SD-2024-04-05,3,Fri,SF,False,False,
SD-SF-2024-09-06,3,Fri,SD,False,False,
SF-SD-2024-09-13,3,Fri,SD,True,True,
SD-SF-2025-04-29,2,Tue,SD,True,,
SF-SD-2025-06-02,4,Mon,SD,True,False,False
SF-SD-2025-08-11,3,Mon,SD,True,True,
WAS-ATL-2021-04-06,2,Tue,WAS,False,,
WAS-ATL-2021-05-04,3,Tue,ATL,True,True,
ATL-WAS-2021-05-31,4,Mon,ATL,False,False,False
ATL-WAS-2021-08-06,3,Fri,ATL,False,False,
WAS-ATL-2021-08-13,3,Fri,ATL,True,True,
ATL-WAS-2021-09-07,3,Tue,ATL,False,False,
ATL-WAS-2022-04-11,3,Mon,WAS,False,False,
WAS-ATL-2022-06-13,3,Mon,ATL,True,True,
ATL-WAS-2022-07-08,3,Fri,ATL,True,True,
WAS-ATL-2022-07-14,4,Thu,ATL,True,True,False
ATL-WAS-2022-09-19,3,Mon,ATL,True,False,
WAS-ATL-2022-09-26,3,Mon,ATL,True,False,
WAS-ATL-2023-03-30,3,Thu,ATL,True,False,
ATL-WAS-2023-06-09,3,Fri,ATL,True,False,
WAS-ATL-2023-09-21,3,Thu,ATL,True,False,
ATL-WAS-2023-09-29,3,Fri,WAS,False,False,
ATL-WAS-2024-05-27,4,Mon,WAS,False,False,False
WAS-ATL-2024-06-06,4,Thu,ATL,False,False,False
ATL-WAS-2024-08-23,3,Fri,ATL,True,False,
WAS-ATL-2024-09-10,2,Tue,ATL,False,,
ATL-WAS-2025-05-12,4,Mon,ATL,True,False,False
WAS-ATL-2025-05-20,2,Tue,WAS,True,,
COL-ARI-2021-04-06,3,Tue,ARI,False,False,
ARI-COL-2021-04-29,4,Thu,ARI,True,False,False
COL-ARI-2021-05-21,3,Fri,COL,True,True,
ARI-COL-2021-07-06,3,Tue,ARI,True,False,
COL-ARI-2021-08-20,3,Fri,COL,True,False,
ARI-COL-2021-10-01,3,Fri,COL,False,False,
ARI-COL-2022-05-06,3,Fri,ARI,False,False,
COL-ARI-2022-07-01,3,Fri,ARI,False,False,
ARI-COL-2022-07-07,4,Thu,COL,True,False,False
ARI-COL-2022-08-05,3,Fri,ARI,False,False,
COL-ARI-2022-08-12,3,Fri,COL,False,False,
COL-ARI-2022-09-09,3,Fri,COL,True,False,
COL-ARI-2023-04-28,3,Fri,ARI,True,False,
ARI-COL-2023-05-29,4,Mon,ARI,True,True,True
COL-ARI-2023-08-14,3,Mon,COL,False,False,
ARI-COL-2023-09-04,3,Mon,ARI,False,False,
NYM-MIA-2021-04-08,2,Thu,NYM,False,,
MIA-NYM-2021-05-21,3,Fri,NYM,False,False,
MIA-NYM-2021-08-02,4,Mon,MIA,True,False,False
NYM-MIA-2021-08-31,2,Tue,NYM,True,,
MIA-NYM-2021-09-07,3,Tue,NYM,False,False,
NYM-MIA-2021-09-28,3,Tue,NYM,False,False,
NYM-MIA-2022-06-17,4,Fri,NYM,True,False,False
MIA-NYM-2022-06-24,3,Fri,NYM,True,False,
NYM-MIA-2022-07-07,4,Thu,NYM,False,False,False
MIA-NYM-2022-07-29,3,Fri,NYM,True,True,
MIA-NYM-2022-09-09,3,Fri,MIA,False,False,
NYM-MIA-2022-09-27,2,Tue,MIA,False,,
MIA-NYM-2023-03-30,4,Thu,NYM,False,False,False
NYM-MIA-2023-04-07,3,Fri,NYM,True,False,
MIA-NYM-2023-09-18,3,Mon,NYM,False,False,
MIA-NYM-2024-05-17,3,Fri,MIA,True,False,
NYM-MIA-2024-06-11,3,Tue,MIA,False,False,
MIA-NYM-2024-07-19,4,Fri,MIA,False,False,False
NYM-MIA-2024-08-16,3,Fri,NYM,True,False,
MIA-NYM-2025-03-31,3,Mon,NYM,False,False,
NYM-MIA-2025-04-07,3,Mon,NYM,True,False,
MIN-SEA-2021-04-08,3,Thu,MIN,False,False,
SEA-MIN-2021-06-14,3,Mon,SEA,True,False,
MIN-SEA-2022-04-08,4,Fri,SEA,True,False,False
SEA-MIN-2022-06-13,3,Mon,MIN,False,False,
SEA-MIN-2023-07-17,4,Mon,SEA,False,False,False
MIN-SEA-2023-07-24,3,Mon,MIN,False,False,
MIN-SEA-2024-05-06,4,Mon,MIN,False,False,False
SEA-MIN-2024-06-28,3,Fri,SEA,False,False,
SEA-MIN-2025-05-30,3,Fri,MIN,False,False,
MIN-SEA-2025-06-23,4,Mon,SEA,True,False,False
KC-CHW-2021-05-07,3,Fri,CHW,True,True,
CHW-KC-2021-05-14,3,Fri,KC,True,False,
KC-CHW-2021-07-26,4,Mon,KC,False,False,False
CHW-KC-2021-08-03,3,Tue,CHW,False,False,
KC-CHW-2021-09-03,3,Fri,KC,False,False,
CHW-KC-2022-04-26,3,Tue,KC,False,False,
KC-CHW-2022-05-16,4,Mon,CHW,True,False,False
CHW-KC-2022-08-01,3,Mon,KC,False,False,
KC-CHW-2022-08-09,3,Tue,KC,True,True,
CHW-KC-2022-08-30,3,Tue,KC,False,False,
KC-CHW-2023-05-08,4,Mon,KC,False,False,False
CHW-KC-2023-05-19,3,Fri,CHW,True,True,
KC-CHW-2023-09-04,3,Mon,KC,True,False,
CHW-KC-2023-09-12,2,Tue,CHW,False,,
KC-CHW-2024-04-04,4,Thu,KC,True,True,True
CHW-KC-2024-04-15,2,Mon,KC,True,,
KC-CHW-2024-07-19,3,Fri,KC,True,True,
CHW-KC-2024-07-29,3,Mon,KC,True,True,
KC-CHW-2025-05-05,4,Mon,KC,True,True,True
CHW-KC-2025-06-06,3,Fri,CHW,True,False,
KC-CHW-2025-08-15,2,Fri,KC,True,,
STL-MIL-2021-04-08,3,Thu,STL,False,False,
MIL-STL-2021-05-11,3,Tue,STL,False,False,
STL-MIL-2021-08-17,3,Tue,MIL,True,False,
MIL-STL-2021-09-03,3,Fri,STL,False,False,
MIL-STL-2021-09-20,4,Mon,STL,True,True,True
STL-MIL-2021-09-28,3,Tue,STL,False,False,
MIL-STL-2022-04-14,4,Thu,MIL,False,False,False
STL-MIL-2022-05-26,4,Thu,MIL,False,False,False
MIL-STL-2022-06-20,4,Mon,MIL,False,False,False
STL-MIL-2022-08-12,3,Fri,STL,False,False,
STL-MIL-2022-09-13,2,Tue,MIL,False,,
MIL-STL-2022-09-27,2,Tue,STL,False,,
MIL-STL-2023-04-07,3,Fri,MIL,False,False,
STL-MIL-2023-05-15,3,Mon,STL,False,False,
STL-MIL-2023-09-18,4,Mon,STL,False,False,False
MIL-STL-2023-09-26,3,Tue,STL,False,False,
STL-MIL-2024-04-19,3,Fri,MIL,True,True,
MIL-STL-2024-05-09,4,Thu,MIL,True,True,False
STL-MIL-2024-08-20,3,Tue,MIL,False,False,
MIL-STL-2024-09-02,3,Mon,MIL,False,False,
STL-MIL-2025-04-25,3,Fri,STL,True,False,
MIL-STL-2025-06-12,4,Thu,MIL,True,False,False
TOR-LAA-2021-04-08,3,Thu,LAA,True,False,
LAA-TOR-2021-08-10,3,Tue,TOR,True,False,
LAA-TOR-2022-05-26,4,Thu,TOR,True,True,True
TOR-LAA-2022-08-26,3,Fri,LAA,True,True,
LAA-TOR-2023-04-07,3,Fri,TOR,False,False,
TOR-LAA-2023-07-28,3,Fri,TOR,True,False,
LAA-TOR-2024-08-12,3,Mon,TOR,True,True,
TOR-LAA-2024-08-22,4,Thu,TOR,True,True,True
LAA-TOR-2025-05-06,3,Tue,LAA,True,False,
TOR-LAA-2025-07-04,3,Fri,TOR,True,True,
TB-NYY-2021-04-09,3,Fri,TB,True,False,
NYY-TB-2021-04-16,3,Fri,TB,True,True,
TB-NYY-2021-05-11,3,Tue,NYY,True,False,
NYY-TB-2021-05-31,4,Mon,TB,False,False,False
TB-NYY-2021-07-27,3,Tue,NYY,True,False,
NYY-TB-2021-10-01,3,Fri,TB,True,False,
TB-NYY-2022-05-26,4,Thu,NYY,True,False,False
NYY-TB-2022-06-14,3,Tue,NYY,True,True,
TB-NYY-2022-06-20,3,Mon,NYY,False,False,
NYY-TB-2022-08-15,3,Mon,TB,True,False,
TB-NYY-2022-09-02,3,Fri,TB,True,False,
NYY-TB-2022-09-09,3,Fri,TB,False,False,
TB-NYY-2023-05-05,3,Fri,TB,False,False,
NYY-TB-2023-05-11,4,Thu,TB,False,False,False
NYY-TB-2023-07-31,3,Mon,TB,True,False,
TB-NYY-2023-08-25,3,Fri,NYY,False,False,
NYY-TB-2024-04-19,3,Fri,NYY,False,False,
TB-NYY-2024-05-10,3,Fri,NYY,False,False,
TB-NYY-2024-07-09,3,Tue,TB,False,False,
NYY-TB-2024-07-19,4,Fri,NYY,False,False,False
TB-NYY-2025-04-17,4,Thu,NYY,True,False,False
NYY-TB-2025-05-02,3,Fri,NYY,False,False,
NYY-TB-2025-07-28,4,Mon,TB,False,False,False
LAD-WAS-2021-04-09,3,Fri,LAD,True,True,
WAS-LAD-2021-07-01,4,Thu,LAD,True,True,True
WAS-LAD-2022-05-23,3,Mon,LAD,True,False,
LAD-WAS-2022-07-25,3,Mon,WAS,True,False,
LAD-WAS-2023-05-29,3,Mon,LAD,True,False,
WAS-LAD-2023-09-08,3,Fri,LAD,False,False,
LAD-WAS-2024-04-15,3,Mon,WAS,False,False,
WAS-LAD-2024-04-23,3,Tue,LAD,True,True,
WAS-LAD-2025-04-07,3,Mon,WAS,True,False,
LAD-WAS-2025-06-20,3,Fri,LAD,False,False,
SF-COL-2021-04-09,3,Fri,SF,True,True,
SF-COL-2021-04-26,3,Mon,SF,False,False,
COL-SF-2021-05-04,2,Tue,SF,False,,
SF-COL-2021-08-12,4,Thu,SF,True,False,False
COL-SF-2021-09-06,3,Mon,SF,True,True,
COL-SF-2021-09-25,2,Sat,SF,True,,
SF-COL-2022-05-09,3,Mon,SF,True,True,
COL-SF-2022-05-16,3,Mon,SF,True,False,
SF-COL-2022-06-07,3,Tue,COL,False,False,
COL-SF-2022-08-19,3,Fri,COL,True,False,
COL-SF-2022-09-19,4,Mon,SF,True,True,True
SF-COL-2022-09-27,3,Tue,SF,True,True,
COL-SF-2023-06-06,3,Tue,SF,True,True,
SF-COL-2023-07-07,3,Fri,COL,False,False,
SF-COL-2023-09-08,3,Fri,SF,True,True,
COL-SF-2023-09-15,3,Fri,COL,True,False,
COL-SF-2024-05-07,3,Tue,SF,True,False,
SF-COL-2024-05-17,3,Fri,SF,True,True,
COL-SF-2024-07-19,3,Fri,COL,True,False,
SF-COL-2024-07-26,3,Fri,SF,True,True,
SF-COL-2025-05-01,4,Thu,COL,False,False,False
COL-SF-2025-06-10,3,Tue,SF,True,False,
TEX-SD-2021-04-09,3,Fri,SD,True,True,
SD-TEX-2023-07-28,3,Fri,SD,True,True,
TEX-SD-2024-07-02,3,Tue,TEX,False,False,
SD-TEX-2025-07-04,3,Fri,SD,False,False,
ARI-CIN-2021-04-09,3,Fri,CIN,False,False,
CIN-ARI-2021-04-21,2,Wed,ARI,True,,
CIN-ARI-2022-06-06,4,Mon,CIN,True,False,False
ARI-CIN-2022-06-13,3,Mon,CIN,True,False,
CIN-ARI-2023-07-21,3,Fri,CIN,True,True,
ARI-CIN-2023-08-24,4,Thu,ARI,True,False,False
PIT-SD-2021-04-12,4,Mon,SD,False,False,False
SD-PIT-2021-05-03,3,Mon,SD,False,False,
PIT-SD-2022-04-29,3,Fri,SD,False,False,
SD-PIT-2022-05-27,3,Fri,SD,False,False,
PIT-SD-2023-06-27,3,Tue,PIT,True,True,
SD-PIT-2023-07-24,3,Mon,PIT,False,False,
PIT-SD-2024-08-06,3,Tue,SD,True,True,
SD-PIT-2024-08-12,3,Mon,SD,True,True,
PIT-SD-2025-05-02,3,Fri,SD,True,True,
SD-PIT-2025-05-30,3,Fri,SD,False,False,
TB-TEX-2021-04-12,4,Mon,TB,False,False,False
TEX-TB-2021-06-04,3,Fri,TEX,False,False,
TEX-TB-2022-05-30,4,Mon,TEX,True,False,False
TB-TEX-2022-09-16,3,Fri,TEX,False,False,
TB-TEX-2023-06-09,3,Fri,TB,False,False,
TEX-TB-2023-07-17,3,Mon,TEX,True,True,
TB-TEX-2024-04-01,3,Mon,TEX,False,False,
TEX-TB-2024-07-05,3,Fri,TEX,True,True,
TEX-TB-2025-04-04,3,Fri,TEX,True,True,
TB-TEX-2025-06-03,3,Tue,TB,True,True,
ATL-MIA-2021-04-12,4,Mon,MIA,True,True,False
MIA-ATL-2021-06-11,3,Fri,MIA,True,False,
ATL-MIA-2021-07-02,3,Fri,ATL,False,False,
MIA-ATL-2021-07-09,3,Fri,ATL,True,False,
MIA-ATL-2021-08-16,3,Mon,ATL,True,True,
ATL-MIA-2021-09-10,3,Fri,ATL,False,False,
ATL-MIA-2022-04-22,3,Fri,ATL,False,False,
MIA-ATL-2022-05-20,3,Fri,ATL,True,False,
ATL-MIA-2022-05-27,3,Fri,ATL,False,False,
MIA-ATL-2022-08-12,3,Fri,ATL,True,True,
ATL-MIA-2022-09-02,3,Fri,ATL,True,True,
MIA-ATL-2022-10-03,3,Mon,MIA,False,False,
ATL-MIA-2023-04-24,4,Mon,ATL,True,True,False
MIA-ATL-2023-05-02,3,Tue,ATL,True,True,
ATL-MIA-2023-06-30,3,Fri,ATL,True,True,
MIA-ATL-2023-09-15,3,Fri,MIA,True,True,
MIA-ATL-2024-04-12,3,Fri,ATL,False,False,
ATL-MIA-2024-04-22,3,Mon,ATL,True,True,
ATL-MIA-2024-08-01,4,Thu,ATL,True,False,False
MIA-ATL-2024-09-20,3,Fri,MIA,False,False,
ATL-MIA-2025-04-04,2,Fri,ATL,False,,
MIA-ATL-2025-06-20,3,Fri,MIA,False,False,
ATL-MIA-2025-08-07,4,Thu,ATL,False,False,False
STL-WAS-2021-04-12,3,Mon,WAS,False,False,
WAS-STL-2021-04-19,3,Mon,STL,False,False,
WAS-STL-2022-07-29,3,Fri,STL,False,False,
STL-WAS-2022-09-05,4,Mon,WAS,False,False,False
WAS-STL-2023-06-19,3,Mon,STL,True,False,
STL-WAS-2023-07-15,2,Sat,WAS,False,,
WAS-STL-2024-07-05,4,Fri,STL,False,False,False
STL-WAS-2024-07-26,3,Fri,WAS,True,False,
WAS-STL-2025-05-09,3,Fri,STL,True,True,
STL-WAS-2025-07-08,3,Tue,STL,False,False,
KC-LAA-2021-04-12,3,Mon,LAA,False,False,
LAA-KC-2021-06-07,3,Mon,LAA,True,True,
LAA-KC-2022-06-20,3,Mon,KC,True,False,
KC-LAA-2022-07-25,3,Mon,KC,False,False,
LAA-KC-2023-04-21,3,Fri,LAA,False,False,
KC-LAA-2023-06-16,3,Fri,LAA,False,False,
LAA-KC-2024-05-09,4,Thu,KC,True,False,False
KC-LAA-2024-08-19,3,Mon,KC,False,False,
HOU-DET-2021-04-12,3,Mon,DET,True,True,
DET-HOU-2021-06-24,3,Thu,HOU,False,False,
HOU-DET-2022-05-05,4,Thu,HOU,True,True,True
DET-HOU-2022-09-12,3,Mon,HOU,True,True,
HOU-DET-2023-04-03,3,Mon,DET,True,False,
DET-HOU-2023-08-25,3,Fri,DET,False,False,
DET-HOU-2024-05-10,3,Fri,HOU,False,False,
HOU-DET-2024-06-14,3,Fri,HOU,False,False,
HOU-DET-2025-04-28,3,Mon,HOU,True,False,
ARI-OAK-2021-04-12,2,Mon,OAK,True,,
OAK-ARI-2021-06-08,2,Tue,OAK,True,,
OAK-ARI-2023-05-15,3,Mon,ARI,False,False,
SF-CIN-2021-04-12,3,Mon,CIN,False,False,
CIN-SF-2021-05-17,4,Mon,SF,True,True,True
CIN-SF-2022-05-27,3,Fri,CIN,True,False,
SF-CIN-2022-06-24,3,Fri,CIN,False,False,
CIN-SF-2023-07-18,3,Tue,SF,False,False,
SF-CIN-2023-08-28,3,Mon,SF,True,False,
SF-CIN-2024-05-10,3,Fri,CIN,False,False,
CIN-SF-2024-08-02,3,Fri,SF,False,False,
CIN-SF-2025-03-27,3,Thu,SF,False,False,
SF-CIN-2025-04-07,3,Mon,CIN,True,False,
MIN-BOS-2021-04-13,3,Tue,BOS,True,False,
BOS-MIN-2021-08-24,3,Tue,BOS,False,False,
BOS-MIN-2022-04-15,4,Fri,MIN,False,False,False
MIN-BOS-2022-08-29,3,Mon,MIN,True,False,
BOS-MIN-2023-04-18,3,Tue,BOS,False,False,
MIN-BOS-2023-06-19,4,Mon,BOS,True,False,False
MIN-BOS-2024-05-03,3,Fri,MIN,True,False,
BOS-MIN-2024-09-20,2,Fri,MIN,False,,
BOS-MIN-2025-05-02,3,Fri,BOS,False,False,
MIN-BOS-2025-07-28,3,Mon,MIN,False,False,
BAL-SEA-2021-04-13,2,Tue,SEA,True,,
SEA-BAL-2021-05-03,3,Mon,BAL,False,False,
BAL-SEA-2022-05-31,3,Tue,SEA,False,False,
SEA-BAL-2022-06-27,3,Mon,BAL,False,False,
BAL-SEA-2023-06-23,3,Fri,SEA,False,False,
SEA-BAL-2023-08-11,3,Fri,SEA,False,False,
BAL-SEA-2024-05-17,3,Fri,BAL,False,False,
SEA-BAL-2024-07-02,3,Tue,BAL,True,False,
SEA-BAL-2025-06-03,3,Tue,BAL,True,True,
BAL-SEA-2025-08-12,3,Tue,SEA,False,False,
WAS-ARI-2021-04-15,4,Thu,ARI,False,False,False
ARI-WAS-2021-05-14,3,Fri,WAS,False,False,
WAS-ARI-2022-04-19,3,Tue,WAS,False,False,
ARI-WAS-2022-07-22,3,Fri,ARI,True,False,
ARI-WAS-2023-05-05,3,Fri,ARI,True,False,
WAS-ARI-2023-06-06,2,Tue,ARI,True,,
KC-TOR-2021-04-15,3,Thu,KC,False,False,
TOR-KC-2021-07-30,3,Fri,TOR,True,True,
KC-TOR-2022-06-06,3,Mon,TOR,True,False,
TOR-KC-2022-07-14,4,Thu,KC,False,False,False
KC-TOR-2023-04-03,4,Mon,KC,False,False,False
TOR-KC-2023-09-08,3,Fri,TOR,True,True,
KC-TOR-2024-04-22,4,Mon,TOR,False,False,False
TOR-KC-2024-04-29,3,Mon,TOR,False,False,
TOR-KC-2025-08-01,3,Fri,KC,False,False,
OAK-DET-2021-04-15,4,Thu,OAK,True,True,True
DET-OAK-2021-08-31,3,Tue,OAK,False,False,
DET-OAK-2022-05-10,3,Tue,OAK,True,True,
DET-OAK-2023-07-04,3,Tue,OAK,True,False,
OAK-DET-2023-09-21,4,Thu,DET,False,False,False
CHC-ATL-2021-04-16,3,Fri,ATL,False,False,
ATL-CHC-2021-04-26,4,Mon,ATL,True,True,False
ATL-CHC-2022-04-26,3,Tue,ATL,False,False,
CHC-ATL-2022-06-17,3,Fri,CHC,True,False,
CHC-ATL-2023-08-04,3,Fri,ATL,False,False,
ATL-CHC-2023-09-26,3,Tue,ATL,True,True,
ATL-CHC-2024-05-13,3,Mon,ATL,True,False,
CHC-ATL-2024-05-21,3,Tue,CHC,False,False,
PHI-STL-2021-04-16,3,Fri,PHI,False,False,
STL-PHI-2021-04-26,4,Mon,PHI,False,False,False
PHI-STL-2022-07-01,3,Fri,PHI,False,False,
STL-PHI-2022-07-08,4,Fri,PHI,True,False,False
PHI-STL-2023-08-25,3,Fri,PHI,True,True,
STL-PHI-2023-09-15,3,Fri,PHI,True,False,
STL-PHI-2024-04-08,3,Mon,PHI,False,False,
PHI-STL-2024-05-31,3,Fri,PHI,True,False,
STL-PHI-2025-04-11,3,Fri,STL,False,False,
PHI-STL-2025-05-12,2,Mon,STL,False,,
MIA-SF-2021-04-16,3,Fri,MIA,True,False,
SF-MIA-2021-04-22,4,Thu,SF,True,False,False
SF-MIA-2022-04-08,3,Fri,SF,False,False,
MIA-SF-2022-06-02,4,Thu,MIA,False,False,False
MIA-SF-2023-04-17,3,Mon,MIA,True,False,
SF-MIA-2023-05-19,3,Fri,SF,False,False,
MIA-SF-2024-04-15,3,Mon,SF,False,False,
SF-MIA-2024-08-30,3,Fri,SF,False,False,
MIA-SF-2025-05-30,3,Fri,SF,False,False,
SF-MIA-2025-06-24,3,Tue,MIA,True,True,
TEX-BAL-2021-04-16,3,Fri,BAL,True,False,
BAL-TEX-2021-09-23,3,Thu,BAL,True,False,
BAL-TEX-2022-07-04,3,Mon,BAL,True,True,
TEX-BAL-2022-08-01,3,Mon,BAL,True,True,
TEX-BAL-2023-04-03,3,Mon,BAL,True,False,
BAL-TEX-2023-05-26,3,Fri,TEX,True,False,
BAL-TEX-2024-06-27,4,Thu,BAL,True,True,False
TEX-BAL-2024-07-19,3,Fri,BAL,True,False,
BAL-TEX-2025-06-23,3,Mon,BAL,False,False,
TEX-BAL-2025-06-30,3,Mon,BAL,False,False,
MIL-PIT-2021-04-16,3,Fri,PIT,False,False,
MIL-PIT-2021-06-11,3,Fri,MIL,True,True,
PIT-MIL-2021-07-01,4,Thu,MIL,True,True,False
PIT-MIL-2021-07-27,3,Tue,MIL,True,True,
MIL-PIT-2021-08-02,3,Mon,MIL,False,False,
PIT-MIL-2021-08-14,2,Sat,PIT,False,,
MIL-PIT-2022-04-18,3,Mon,MIL,True,True,
PIT-MIL-2022-04-26,3,Tue,MIL,True,True,
PIT-MIL-2022-06-30,4,Thu,PIT,False,False,False
MIL-PIT-2022-07-08,3,Fri,MIL,False,False,
PIT-MIL-2022-08-02,3,Tue,PIT,True,True,
MIL-PIT-2022-08-29,3,Mon,MIL,False,False,
MIL-PIT-2023-06-16,3,Fri,MIL,True,True,
PIT-MIL-2023-06-30,3,Fri,PIT,False,False,
MIL-PIT-2023-08-03,4,Thu,MIL,False,False,False
PIT-MIL-2023-09-04,3,Mon,PIT,False,False,
PIT-MIL-2024-04-22,4,Mon,PIT,True,False,False
MIL-PIT-2024-05-13,3,Mon,PIT,False,False,
MIL-PIT-2024-07-09,3,Tue,PIT,False,False,
PIT-MIL-2024-09-24,3,Tue,MIL,False,False,
PIT-MIL-2025-05-22,4,Thu,MIL,False,False,False
MIL-PIT-2025-06-23,3,Mon,PIT,False,False,
MIL-PIT-2025-08-11,3,Mon,MIL,True,True,
MIN-LAA-2021-07-22,4,Thu,LAA,False,False,False
LAA-MIN-2022-08-12,3,Fri,MIN,False,False,
MIN-LAA-2022-09-23,3,Fri,LAA,False,False,
LAA-MIN-2023-05-19,3,Fri,LAA,False,False,
MIN-LAA-2023-09-22,3,Fri,MIN,False,False,
LAA-MIN-2024-04-26,3,Fri,MIN,True,True,
MIN-LAA-2024-09-09,3,Mon,LAA,False,False,
MIN-LAA-2025-04-25,3,Fri,MIN,True,True,
SD-LAD-2021-04-16,3,Fri,LAD,True,False,
LAD-SD-2021-04-22,4,Thu,SD,True,False,False
SD-LAD-2021-06-21,3,Mon,SD,True,True,
SD-LAD-2021-08-24,3,Tue,LAD,True,True,
LAD-SD-2021-09-10,3,Fri,LAD,True,True,
LAD-SD-2021-09-28,3,Tue,LAD,True,True,
SD-LAD-2022-04-22,3,Fri,LAD,False,False,
LAD-SD-2022-06-30,4,Thu,LAD,True,True,False
LAD-SD-2022-08-05,3,Fri,LAD,True,True,
LAD-SD-2022-09-02,3,Fri,SD,False,False,
SD-LAD-2022-09-09,3,Fri,SD,False,False,
SD-LAD-2022-09-27,3,Tue,SD,False,False,
SD-LAD-2023-05-05,3,Fri,SD,False,False,
LAD-SD-2023-05-12,3,Fri,LAD,True,True,
SD-LAD-2023-08-04,4,Fri,LAD,False,False,False
LAD-SD-2023-09-11,3,Mon,SD,False,False,
LAD-SD-2024-04-12,3,Fri,SD,False,False,
SD-LAD-2024-05-10,3,Fri,SD,False,False,
SD-LAD-2024-07-30,2,Tue,SD,True,,
LAD-SD-2024-09-24,3,Tue,SD,False,False,
SD-LAD-2025-06-09,3,Mon,LAD,False,False,
LAD-SD-2025-06-16,4,Mon,LAD,True,True,False
LAD-SD-2025-08-15,2,Fri,LAD,True,,
SEA-HOU-2021-04-16,3,Fri,SEA,False,False,
HOU-SEA-2021-04-26,4,Mon,HOU,True,True,False
SEA-HOU-2021-07-26,3,Mon,SEA,False,False,
HOU-SEA-2021-08-20,3,Fri,HOU,True,False,
SEA-HOU-2021-08-30,3,Mon,HOU,False,False,
HOU-SEA-2021-09-06,3,Mon,HOU,True,False,
SEA-HOU-2022-04-15,3,Fri,SEA,False,False,
HOU-SEA-2022-05-02,3,Mon,HOU,True,True,
SEA-HOU-2022-05-27,3,Fri,SEA,True,False,
HOU-SEA-2022-06-06,3,Mon,SEA,False,False,
SEA-HOU-2022-07-22,3,Fri,HOU,True,True,
HOU-SEA-2022-07-28,4,Thu,HOU,True,False,False
SEA-HOU-2023-05-05,3,Fri,HOU,False,False,
HOU-SEA-2023-07-06,4,Thu,SEA,True,False,False
HOU-SEA-2023-08-18,3,Fri,SEA,True,True,
SEA-HOU-2023-09-25,3,Mon,HOU,False,False,
HOU-SEA-2024-05-03,3,Fri,HOU,False,False,
SEA-HOU-2024-05-27,4,Mon,SEA,True,True,False
SEA-HOU-2024-07-19,3,Fri,HOU,True,False,
HOU-SEA-2024-09-23,3,Mon,SEA,False,False,
SEA-HOU-2025-04-07,3,Mon,SEA,False,False,
HOU-SEA-2025-05-22,4,Thu,HOU,False,False,False
SEA-HOU-2025-07-18,3,Fri,SEA,True,False,
BOS-CHW-2021-04-17,3,Sat,BOS,False,False,
CHW-BOS-2021-09-10,3,Fri,CHW,False,False,
BOS-CHW-2022-05-06,3,Fri,CHW,True,True,
CHW-BOS-2022-05-24,3,Tue,BOS,False,False,
CHW-BOS-2023-06-23,3,Fri,BOS,False,False,
BOS-CHW-2023-09-22,3,Fri,BOS,False,False,
CHW-BOS-2024-06-06,4,Thu,BOS,False,False,False
BOS-CHW-2024-09-06,3,Fri,BOS,True,False,
CHW-BOS-2025-04-11,3,Fri,CHW,True,False,
BOS-CHW-2025-04-18,4,Fri,BOS,True,False,False
COL-NYM-2021-04-17,2,Sat,NYM,True,,
NYM-COL-2021-05-24,3,Mon,COL,False,False,
COL-NYM-2022-05-21,2,Sat,NYM,True,,
NYM-COL-2022-08-25,4,Thu,NYM,True,True,False
NYM-COL-2023-05-05,3,Fri,NYM,False,False,
COL-NYM-2023-05-26,3,Fri,NYM,False,False,
NYM-COL-2024-07-12,3,Fri,NYM,True,False,
COL-NYM-2024-08-06,3,Tue,COL,False,False,
NYM-COL-2025-05-30,3,Fri,NYM,True,True,
COL-NYM-2025-06-06,3,Fri,NYM,True,True,
PHI-SF-2021-04-19,3,Mon,SF,True,False,
SF-PHI-2021-06-18,3,Fri,SF,False,False,
PHI-SF-2022-05-30,3,Mon,SF,True,False,
SF-PHI-2022-09-02,3,Fri,SF,True,True,
SF-PHI-2023-05-15,3,Mon,SF,True,True,
PHI-SF-2023-08-21,3,Mon,PHI,True,False,
PHI-SF-2024-05-03,4,Fri,PHI,True,True,True
SF-PHI-2024-05-27,3,Mon,SF,True,False,
PHI-SF-2025-04-14,4,Mon,SF,False,False,False
SF-PHI-2025-07-07,3,Mon,SF,True,False,
KC-TB-2021-04-19,3,Mon,TB,True,False,
TB-KC-2021-05-25,3,Tue,KC,False,False,
KC-TB-2022-07-22,3,Fri,TB,False,False,
TB-KC-2022-08-18,4,Thu,TB,False,False,False
TB-KC-2023-06-22,4,Thu,KC,False,False,False
KC-TB-2023-07-15,2,Sat,TB,False,,
TB-KC-2024-05-24,3,Fri,KC,True,False,
KC-TB-2024-07-02,3,Tue,TB,False,False,
TB-KC-2025-04-29,3,Tue,KC,True,True,
KC-TB-2025-06-24,3,Tue,TB,True,True,
LAA-TEX-2021-04-19,3,Mon,TEX,False,False,
TEX-LAA-2021-04-26,3,Mon,LAA,False,False,
LAA-TEX-2021-05-25,2,Tue,LAA,True,,
TEX-LAA-2021-08-02,4,Mon,TEX,False,False,False
LAA-TEX-2021-09-03,4,Fri,LAA,True,False,False
TEX-LAA-2021-09-28,3,Tue,TEX,False,False,
TEX-LAA-2022-04-14,4,Thu,TEX,False,False,False
TEX-LAA-2022-05-16,3,Mon,TEX,True,True,
LAA-TEX-2022-05-24,2,Tue,LAA,False,,
LAA-TEX-2022-07-28,4,Thu,TEX,True,False,False
TEX-LAA-2022-09-20,3,Tue,LAA,False,False,
LAA-TEX-2022-09-30,3,Fri,LAA,True,True,
LAA-TEX-2023-05-05,3,Fri,LAA,False,False,
TEX-LAA-2023-06-12,4,Mon,LAA,True,False,False
TEX-LAA-2023-08-14,3,Mon,TEX,True,False,
LAA-TEX-2023-09-25,3,Mon,TEX,False,False,
TEX-LAA-2024-05-17,3,Fri,LAA,False,False,
LAA-TEX-2024-07-08,3,Mon,TEX,True,False,
TEX-LAA-2024-09-05,4,Thu,TEX,False,False,False
LAA-TEX-2024-09-27,3,Fri,TEX,True,True,
TEX-LAA-2025-04-15,3,Tue,TEX,True,True,
LAA-TEX-2025-07-07,4,Mon,LAA,False,False,False
LAA-TEX-2025-07-28,3,Mon,LAA,True,False,
SD-MIL-2021-04-19,3,Mon,MIL,True,True,
MIL-SD-2021-05-24,4,Mon,MIL,False,False,False
SD-MIL-2022-05-23,3,Mon,SD,False,False,
MIL-SD-2022-06-02,4,Thu,MIL,False,False,False
SD-MIL-2023-04-13,4,Thu,MIL,True,False,False
MIL-SD-2023-08-25,3,Fri,MIL,True,True,
MIL-SD-2024-04-15,3,Mon,SD,True,False,
SD-MIL-2024-06-20,4,Thu,SD,True,True,False
MIL-SD-2025-06-06,3,Fri,SD,False,False,
SEA-LAD-2021-04-19,2,Mon,SEA,False,,
LAD-SEA-2021-05-11,2,Tue,LAD,True,,
SEA-LAD-2023-09-15,3,Fri,LAD,True,True,
LAD-SEA-2024-08-19,3,Mon,LAD,True,True,
OAK-MIN-2021-04-20,2,Tue,OAK,True,,
MIN-OAK-2021-05-14,3,Fri,OAK,False,False,
MIN-OAK-2022-05-06,3,Fri,MIN,True,True,
OAK-MIN-2022-05-16,3,Mon,MIN,False,False,
OAK-MIN-2023-07-14,3,Fri,MIN,True,True,
MIN-OAK-2023-09-26,3,Tue,MIN,True,False,
NYY-ATL-2021-04-20,2,Tue,NYY,False,,
ATL-NYY-2021-08-23,2,Mon,NYY,True,,
ATL-NYY-2023-08-14,3,Mon,ATL,True,True,
NYY-ATL-2024-06-21,3,Fri,ATL,False,False,
ATL-NYY-2025-07-18,3,Fri,ATL,False,False,
MIA-BAL-2021-04-20,2,Tue,BAL,False,,
BAL-MIA-2021-07-27,2,Tue,MIA,False,,
BAL-MIA-2023-07-14,3,Fri,BAL,True,True,
MIA-BAL-2024-07-23,3,Tue,MIA,True,False,
BAL-MIA-2025-07-11,3,Fri,BAL,False,False,
BOS-TOR-2021-04-20,2,Tue,BOS,False,,
TOR-BOS-2021-05-18,3,Tue,TOR,False,False,
BOS-TOR-2021-06-11,4,Fri,BOS,False,False,False
TOR-BOS-2021-07-19,2,Mon,BOS,True,,
BOS-TOR-2021-07-26,3,Mon,BOS,False,False,
TOR-BOS-2021-08-06,3,Fri,TOR,True,True,
BOS-TOR-2022-04-19,3,Tue,BOS,False,False,
TOR-BOS-2022-04-25,4,Mon,TOR,True,False,False
TOR-BOS-2022-06-27,3,Mon,TOR,True,False,
BOS-TOR-2022-07-22,3,Fri,TOR,True,True,
BOS-TOR-2022-08-23,3,Tue,TOR,True,True,
TOR-BOS-2022-09-30,3,Fri,TOR,True,True,
BOS-TOR-2023-05-01,4,Mon,BOS,True,True,True
TOR-BOS-2023-06-30,3,Fri,BOS,True,True,
BOS-TOR-2023-08-04,3,Fri,TOR,True,True,
TOR-BOS-2023-09-15,3,Fri,TOR,True,True,
TOR-BOS-2024-06-17,3,Mon,BOS,True,True,
BOS-TOR-2024-06-24,2,Mon,BOS,False,,
BOS-TOR-2024-08-26,4,Mon,TOR,False,False,False
TOR-BOS-2024-09-23,3,Mon,BOS,True,False,
BOS-TOR-2025-04-07,4,Mon,TOR,True,True,False
TOR-BOS-2025-04-29,3,Tue,BOS,False,False,
BOS-TOR-2025-06-27,3,Fri,TOR,False,False,
CHC-NYM-2021-04-20,3,Tue,CHC,True,True,
NYM-CHC-2021-06-14,4,Mon,NYM,True,True,False
CHC-NYM-2022-07-14,3,Thu,NYM,True,False,
NYM-CHC-2022-09-12,3,Mon,CHC,True,True,
CHC-NYM-2023-05-23,3,Tue,CHC,True,False,
NYM-CHC-2023-08-07,3,Mon,NYM,False,False,
NYM-CHC-2024-04-29,4,Mon,CHC,False,False,False
CHC-NYM-2024-06-21,3,Fri,NYM,False,False,
NYM-CHC-2025-05-09,3,Fri,NYM,False,False,
COL-HOU-2021-04-20,2,Tue,COL,True,,
HOU-COL-2021-08-10,2,Tue,HOU,True,,
HOU-COL-2023-07-04,2,Tue,HOU,True,,
COL-HOU-2023-07-18,2,Tue,COL,False,,
COL-HOU-2024-04-27,2,Sat,HOU,True,,
HOU-COL-2024-06-25,2,Tue,HOU,True,,
COL-HOU-2025-07-01,3,Tue,HOU,True,False,
DET-PIT-2021-04-21,2,Wed,PIT,True,,
PIT-DET-2021-09-06,3,Mon,PIT,True,False,
PIT-DET-2022-06-07,2,Tue,DET,True,,
DET-PIT-2023-05-16,2,Tue,DET,False,,
PIT-DET-2023-08-01,2,Tue,PIT,False,,
PIT-DET-2024-04-08,2,Mon,PIT,False,,
DET-PIT-2025-06-17,2,Tue,DET,True,,
PIT-DET-2025-07-21,3,Mon,PIT,True,True,
BOS-SEA-2021-04-22,4,Thu,SEA,False,False,False
SEA-BOS-2021-09-13,3,Mon,SEA,False,False,
BOS-SEA-2022-05-19,4,Thu,BOS,True,True,True
SEA-BOS-2022-06-10,3,Fri,BOS,False,False,
BOS-SEA-2023-05-15,3,Mon,SEA,False,False,
SEA-BOS-2023-07-31,3,Mon,SEA,False,False,
SEA-BOS-2024-03-28,4,Thu,BOS,False,False,False
BOS-SEA-2024-07-29,3,Mon,BOS,False,False,
BOS-SEA-2025-04-22,3,Tue,BOS,False,False,
SEA-BOS-2025-06-16,3,Mon,BOS,False,False,
BAL-OAK-2021-04-23,3,Fri,OAK,True,False,
OAK-BAL-2021-04-30,3,Fri,BAL,True,False,
OAK-BAL-2022-04-18,4,Mon,OAK,True,False,False
BAL-OAK-2022-09-02,3,Fri,BAL,True,False,
BAL-OAK-2023-04-10,4,Mon,BAL,True,False,False
OAK-BAL-2023-08-18,3,Fri,BAL,True,True,
TB-TOR-2021-04-23,3,Fri,TOR,False,False,
TOR-TB-2021-05-21,4,Fri,TB,True,True,True
TOR-TB-2021-07-02,3,Fri,TOR,True,False,
TB-TOR-2021-07-09,3,Fri,TB,True,False,
TOR-TB-2021-09-13,3,Mon,TOR,False,False,
TB-TOR-2021-09-20,3,Mon,TB,False,False,
TB-TOR-2022-05-13,3,Fri,TB,False,False,
TOR-TB-2022-06-30,4,Thu,TOR,True,False,False
TB-TOR-2022-08-02,2,Tue,TOR,False,,
TOR-TB-2022-09-12,4,Mon,TOR,False,False,False
TB-TOR-2022-09-22,4,Thu,TB,True,False,False
TOR-TB-2023-04-14,3,Fri,TOR,True,False,
TB-TOR-2023-05-22,4,Mon,TB,False,False,False
TB-TOR-2023-09-22,3,Fri,TOR,False,False,
TOR-TB-2023-09-29,3,Fri,TOR,False,False,
TB-TOR-2024-03-28,4,Thu,TOR,False,False,False
TOR-TB-2024-05-17,3,Fri,TB,True,False,
TOR-TB-2024-07-23,3,Tue,TB,False,False,
TB-TOR-2024-09-20,3,Fri,TB,True,True,
TOR-TB-2025-05-13,3,Tue,TB,False,False,
TB-TOR-2025-05-23,3,Fri,TB,True,True,
DET-KC-2021-04-23,4,Fri,KC,True,True,True
DET-KC-2021-05-11,3,Tue,DET,True,True,
KC-DET-2021-05-21,3,Fri,DET,False,False,
KC-DET-2021-06-14,3,Mon,DET,True,True,
KC-DET-2021-07-23,3,Fri,KC,True,True,
DET-KC-2021-09-25,2,Sat,DET,False,,
KC-DET-2022-04-14,3,Thu,DET,True,False,
DET-KC-2022-07-01,3,Fri,KC,False,False,
KC-DET-2022-07-11,3,Mon,KC,False,False,
DET-KC-2022-09-02,3,Fri,DET,False,False,
KC-DET-2022-09-09,3,Fri,DET,True,False,
DET-KC-2022-09-27,3,Tue,DET,True,True,
KC-DET-2023-05-22,3,Mon,DET,False,False,
DET-KC-2023-06-19,3,Mon,DET,False,False,
KC-DET-2023-07-17,4,Mon,DET,False,False,False
DET-KC-2023-09-26,2,Tue,DET,True,,
DET-KC-2024-04-26,3,Fri,KC,False,False,
KC-DET-2024-05-20,3,Mon,KC,True,True,
DET-KC-2024-08-01,4,Thu,KC,True,False,False
KC-DET-2024-09-16,3,Mon,DET,True,True,
DET-KC-2025-04-17,4,Thu,DET,True,True,False
KC-DET-2025-05-30,3,Fri,DET,False,False,
NYM-WAS-2021-04-23,3,Fri,NYM,False,False,
WAS-NYM-2021-06-18,3,Fri,WAS,False,False,
NYM-WAS-2021-08-11,2,Wed,NYM,True,,
NYM-WAS-2021-08-27,3,Fri,WAS,False,False,
WAS-NYM-2021-09-03,4,Fri,NYM,True,True,False
WAS-NYM-2022-04-07,4,Thu,NYM,True,True,False
WAS-NYM-2022-05-10,3,Tue,NYM,False,False,
NYM-WAS-2022-05-30,3,Mon,NYM,True,True,
WAS-NYM-2022-08-01,3,Mon,NYM,False,False,
NYM-WAS-2022-09-02,3,Fri,NYM,False,False,
NYM-WAS-2022-10-04,2,Tue,NYM,True,,
NYM-WAS-2023-04-25,3,Tue,WAS,True,False,
WAS-NYM-2023-05-12,3,Fri,NYM,False,False,
NYM-WAS-2023-07-27,4,Thu,NYM,True,False,False
WAS-NYM-2023-09-05,2,Tue,NYM,False,,
WAS-NYM-2024-06-03,3,Mon,NYM,True,True,
WAS-NYM-2024-07-01,4,Mon,NYM,True,False,False
NYM-WAS-2024-07-09,3,Tue,NYM,True,True,
NYM-WAS-2024-09-16,3,Mon,NYM,True,True,
WAS-NYM-2025-04-25,4,Fri,WAS,False,False,False
NYM-WAS-2025-06-10,3,Tue,NYM,True,True,
ATL-ARI-2021-04-23,2,Fri,ATL,False,,
ARI-ATL-2021-09-20,4,Mon,ATL,True,True,False
ARI-ATL-2022-05-30,3,Mon,ARI,True,False,
ATL-ARI-2022-07-29,3,Fri,ATL,True,True,
ARI-ATL-2023-06-02,3,Fri,ARI,False,False,
ATL-ARI-2023-07-18,3,Tue,ARI,True,False,
MIN-PIT-2021-04-23,3,Fri,MIN,False,False,
MIN-PIT-2023-08-18,3,Fri,MIN,False,False,
PIT-MIN-2024-06-07,3,Fri,PIT,True,False,
MIN-PIT-2025-07-11,3,Fri,MIN,True,False,
CHW-TEX-2021-04-23,3,Fri,CHW,True,True,
TEX-CHW-2021-09-17,3,Fri,CHW,False,False,
CHW-TEX-2022-06-10,3,Fri,CHW,False,False,
TEX-CHW-2022-08-04,4,Thu,TEX,False,False,False
CHW-TEX-2023-06-19,3,Mon,TEX,False,False,
TEX-CHW-2023-08-01,3,Tue,TEX,True,True,
TEX-CHW-2024-07-22,4,Mon,TEX,True,True,True
CHW-TEX-2024-08-28,2,Wed,TEX,True,,
CHW-TEX-2025-05-23,3,Fri,CHW,True,False,
TEX-CHW-2025-06-13,3,Fri,TEX,True,True,
COL-PHI-2021-04-23,3,Fri,COL,False,False,
PHI-COL-2021-09-09,4,Thu,COL,True,False,False
COL-PHI-2022-04-18,3,Mon,COL,True,False,
PHI-COL-2022-04-25,4,Mon,PHI,True,True,True
PHI-COL-2023-04-20,4,Thu,COL,False,False,False
COL-PHI-2023-05-12,3,Fri,PHI,True,False,
PHI-COL-2024-04-15,3,Mon,PHI,True,True,
COL-PHI-2024-05-24,3,Fri,COL,False,False,
PHI-COL-2025-03-31,3,Mon,PHI,True,True,
COL-PHI-2025-05-19,4,Mon,PHI,True,True,True
TB-OAK-2021-04-26,4,Mon,OAK,False,False,False
OAK-TB-2021-05-07,3,Fri,OAK,True,False,
TB-OAK-2022-04-11,4,Mon,OAK,False,False,False
OAK-TB-2022-05-02,3,Mon,TB,True,True,
TB-OAK-2023-04-07,3,Fri,TB,True,True,
OAK-TB-2023-06-12,4,Mon,OAK,True,False,False
MIL-MIA-2021-04-26,3,Mon,MIA,False,False,
MIA-MIL-2021-05-07,3,Fri,MIA,False,False,
MIA-MIL-2022-05-13,3,Fri,MIL,False,False,
MIL-MIA-2022-09-29,4,Thu,MIA,False,False,False
MIL-MIA-2023-09-11,4,Mon,MIL,True,False,False
MIA-MIL-2023-09-22,3,Fri,MIL,False,False,
MIA-MIL-2024-05-20,3,Mon,MIA,False,False,
MIL-MIA-2024-07-26,3,Fri,MIA,True,False,
MIA-MIL-2025-07-04,3,Fri,MIL,False,False,
MIL-MIA-2025-07-25,3,Fri,MIA,True,False,
LAD-CIN-2021-04-26,3,Mon,CIN,True,False,
CIN-LAD-2021-09-17,3,Fri,CIN,False,False,
LAD-CIN-2022-04-14,4,Thu,LAD,True,True,True
CIN-LAD-2022-06-21,3,Tue,LAD,True,True,
CIN-LAD-2023-06-06,3,Tue,CIN,True,False,
LAD-CIN-2023-07-28,3,Fri,CIN,False,False,
LAD-CIN-2024-05-16,4,Thu,CIN,False,False,False
CIN-LAD-2024-05-24,3,Fri,CIN,True,True,
CIN-LAD-2025-07-28,3,Mon,LAD,True,False,
PIT-KC-2021-04-27,2,Tue,PIT,False,,
KC-PIT-2021-05-31,2,Mon,KC,True,,
KC-PIT-2023-08-28,3,Mon,PIT,True,True,
PIT-KC-2024-09-13,3,Fri,KC,True,False,
KC-PIT-2025-07-07,3,Mon,KC,True,True,
TOR-WAS-2021-04-27,2,Tue,TOR,False,,
WAS-TOR-2021-08-17,2,Tue,WAS,True,,
TOR-WAS-2023-08-28,3,Mon,TOR,False,False,
WAS-TOR-2024-05-03,3,Fri,WAS,False,False,
TOR-WAS-2025-03-31,3,Mon,TOR,True,True,
NYM-BOS-2021-04-27,2,Tue,BOS,True,,
BOS-NYM-2021-09-21,2,Tue,BOS,True,,
BOS-NYM-2023-07-22,2,Sat,NYM,False,,
NYM-BOS-2024-09-02,3,Mon,NYM,True,True,
BOS-NYM-2025-05-19,3,Mon,BOS,True,False,
CHW-DET-2021-04-27,2,Tue,DET,False,,
CHW-DET-2021-06-03,4,Thu,CHW,True,False,False
DET-CHW-2021-06-11,3,Fri,CHW,True,True,
DET-CHW-2021-07-02,3,Fri,CHW,False,False,
DET-CHW-2021-09-20,2,Mon,DET,True,,
CHW-DET-2021-10-01,3,Fri,CHW,True,False,
DET-CHW-2022-04-08,3,Fri,DET,False,False,
DET-CHW-2022-06-13,3,Mon,CHW,True,True,
CHW-DET-2022-07-07,4,Thu,DET,True,False,False
CHW-DET-2022-08-12,3,Fri,CHW,True,True,
DET-CHW-2022-09-16,3,Fri,DET,False,False,
CHW-DET-2022-09-23,3,Fri,DET,True,True,
DET-CHW-2023-05-25,4,Thu,DET,False,False,False
CHW-DET-2023-06-02,3,Fri,CHW,True,True,
CHW-DET-2023-09-01,3,Fri,DET,True,True,
DET-CHW-2023-09-08,3,Fri,CHW,False,False,
CHW-DET-2024-03-28,3,Thu,DET,True,True,
DET-CHW-2024-06-21,3,Fri,DET,False,False,
CHW-DET-2024-08-23,4,Fri,DET,True,True,True
DET-CHW-2024-09-27,3,Fri,DET,False,False,
DET-CHW-2025-04-04,3,Fri,DET,True,True,
CHW-DET-2025-06-02,4,Mon,DET,False,False,False
CHW-DET-2025-08-11,3,Mon,DET,False,False,
MIL-LAD-2021-04-29,4,Thu,MIL,True,True,False
LAD-MIL-2021-10-01,3,Fri,LAD,True,True,
MIL-LAD-2022-08-15,4,Mon,LAD,False,False,False
LAD-MIL-2022-08-22,3,Mon,MIL,False,False,
MIL-LAD-2023-05-08,3,Mon,MIL,False,False,
LAD-MIL-2023-08-15,3,Tue,LAD,True,True,
LAD-MIL-2024-07-05,3,Fri,LAD,True,False,
MIL-LAD-2024-08-12,4,Mon,LAD,True,False,False
MIL-LAD-2025-07-07,3,Mon,MIL,True,True,
LAD-MIL-2025-07-18,3,Fri,MIL,True,True,
TEX-BOS-2021-04-29,4,Thu,TEX,False,False,False
BOS-TEX-2021-08-20,3,Fri,BOS,False,False,
TEX-BOS-2022-05-13,3,Fri,BOS,True,False,
BOS-TEX-2022-09-01,4,Thu,BOS,True,True,True
BOS-TEX-2023-07-04,3,Tue,TEX,False,False,
TEX-BOS-2023-09-18,3,Mon,BOS,False,False,
TEX-BOS-2024-08-02,3,Fri,BOS,False,False,
BOS-TEX-2024-08-12,3,Mon,BOS,True,False,
TEX-BOS-2025-03-27,4,Thu,BOS,False,False,False
BOS-TEX-2025-05-06,3,Tue,TEX,False,False,
PIT-STL-2021-04-30,3,Fri,STL,True,True,
STL-PIT-2021-05-18,2,Tue,STL,True,,
STL-PIT-2021-06-24,4,Thu,PIT,True,False,False
PIT-STL-2021-08-10,3,Tue,STL,True,True,
STL-PIT-2021-08-20,3,Fri,PIT,True,False,
PIT-STL-2021-08-26,4,Thu,PIT,False,False,False
STL-PIT-2022-04-07,3,Thu,STL,True,False,
PIT-STL-2022-05-20,3,Fri,STL,True,True,
STL-PIT-2022-06-13,3,Mon,STL,True,False,
PIT-STL-2022-09-09,3,Fri,PIT,False,False,
STL-PIT-2022-09-30,3,Fri,STL,True,False,
PIT-STL-2022-10-03,3,Mon,PIT,False,False,
STL-PIT-2023-04-13,4,Thu,PIT,False,False,False
PIT-STL-2023-06-02,3,Fri,PIT,True,True,
PIT-STL-2023-08-21,3,Mon,PIT,True,False,
STL-PIT-2023-09-01,3,Fri,PIT,True,False,
STL-PIT-2024-06-11,3,Tue,PIT,False,False,
PIT-STL-2024-07-02,3,Tue,STL,False,False,
PIT-STL-2024-07-22,3,Mon,PIT,False,False,
STL-PIT-2024-09-16,4,Mon,STL,True,True,False
PIT-STL-2025-04-07,3,Mon,PIT,False,False,
STL-PIT-2025-05-05,3,Mon,STL,True,True,
PIT-STL-2025-06-30,3,Mon,PIT,True,True,
WAS-MIA-2021-04-30,3,Fri,WAS,True,True,
MIA-WAS-2021-06-24,4,Thu,WAS,False,False,False
WAS-MIA-2021-07-19,3,Mon,WAS,True,False,
MIA-WAS-2021-08-24,3,Tue,WAS,False,False,
WAS-MIA-2021-09-13,3,Mon,MIA,False,False,
MIA-WAS-2021-09-20,3,Mon,MIA,False,False,
WAS-MIA-2022-04-26,3,Tue,MIA,True,True,
MIA-WAS-2022-05-16,3,Mon,MIA,True,False,
MIA-WAS-2022-06-07,3,Tue,MIA,True,True,
WAS-MIA-2022-07-01,4,Fri,MIA,True,True,True
WAS-MIA-2022-09-16,3,Fri,WAS,True,False,
MIA-WAS-2022-09-23,3,Fri,MIA,True,False,
MIA-WAS-2023-05-16,3,Tue,MIA,True,True,
WAS-MIA-2023-06-16,3,Fri,MIA,True,True,
MIA-WAS-2023-08-25,3,Fri,WAS,True,False,
WAS-MIA-2023-08-31,4,Thu,MIA,True,True,True
MIA-WAS-2024-04-26,4,Fri,WAS,True,True,True
WAS-MIA-2024-06-14,3,Fri,WAS,True,True,
MIA-WAS-2024-09-03,2,Tue,WAS,False,,
WAS-MIA-2024-09-12,4,Thu,MIA,False,False,False
MIA-WAS-2025-04-11,3,Fri,WAS,False,False,
WAS-MIA-2025-06-13,3,Fri,MIA,True,True,
NYY-DET-2021-04-30,3,Fri,NYY,True,True,
DET-NYY-2021-05-28,3,Fri,DET,True,True,
DET-NYY-2022-04-19,3,Tue,NYY,True,False,
NYY-DET-2022-06-03,3,Fri,NYY,True,True,
DET-NYY-2023-08-28,4,Mon,NYY,True,True,False
NYY-DET-2023-09-05,3,Tue,NYY,True,False,
NYY-DET-2024-05-03,3,Fri,NYY,True,True,
DET-NYY-2024-08-16,3,Fri,NYY,False,False,
DET-NYY-2025-04-07,3,Mon,DET,True,False,
CIN-CHC-2021-04-30,3,Fri,CIN,False,False,
CHC-CIN-2021-05-28,3,Fri,CHC,True,False,
CIN-CHC-2021-07-02,3,Fri,CIN,True,True,
CHC-CIN-2021-07-26,4,Mon,CHC,False,False,False
CIN-CHC-2021-08-16,3,Mon,CIN,False,False,
CHC-CIN-2021-09-06,3,Mon,CHC,False,False,
CIN-CHC-2022-05-23,4,Mon,CHC,True,False,False
CHC-CIN-2022-06-28,3,Tue,CIN,False,False,
CIN-CHC-2022-08-11,3,Thu,CHC,True,False,
CHC-CIN-2022-09-06,3,Tue,CHC,False,False,
CHC-CIN-2022-09-30,3,Fri,CHC,True,True,
CIN-CHC-2022-10-03,3,Mon,CIN,True,False,
CIN-CHC-2023-04-03,2,Mon,CIN,False,,
CHC-CIN-2023-05-26,3,Fri,CIN,True,True,
CHC-CIN-2023-07-31,4,Mon,CIN,False,False,False
CIN-CHC-2023-09-01,3,Fri,CHC,False,False,
CHC-CIN-2024-05-31,3,Fri,CIN,False,False,
CIN-CHC-2024-06-06,4,Thu,CIN,True,True,False
CIN-CHC-2024-07-29,3,Mon,CIN,True,False,
CHC-CIN-2024-09-27,3,Fri,CHC,True,False,
CIN-CHC-2025-05-23,3,Fri,CHC,False,False,
CHC-CIN-2025-05-30,3,Fri,CIN,False,False,
CHC-CIN-2025-08-04,3,Mon,CIN,True,False,
TB-HOU-2021-04-30,3,Fri,HOU,True,False,
HOU-TB-2021-09-28,3,Tue,HOU,False,False,
TB-HOU-2022-09-19,3,Mon,HOU,True,True,
HOU-TB-2022-09-30,3,Fri,TB,False,False,
TB-HOU-2023-04-24,3,Mon,TB,False,False,
HOU-TB-2023-07-28,3,Fri,TB,False,False,
HOU-TB-2024-08-02,3,Fri,HOU,False,False,
TB-HOU-2024-08-12,3,Mon,HOU,True,True,
TB-HOU-2025-05-19,3,Mon,HOU,False,False,
HOU-TB-2025-05-29,4,Thu,TB,False,False,False
TOR-ATL-2021-04-30,3,Fri,TOR,True,True,
ATL-TOR-2021-05-11,3,Tue,TOR,True,True,
TOR-ATL-2023-05-12,3,Fri,TOR,True,True,
ATL-TOR-2024-09-06,3,Fri,ATL,False,False,
TOR-ATL-2025-04-14,3,Mon,ATL,False,False,
MIN-KC-2021-04-30,3,Fri,MIN,False,False,
MIN-KC-2021-05-28,3,Fri,KC,False,False,
KC-MIN-2021-06-03,4,Thu,KC,True,False,False
KC-MIN-2021-07-02,3,Fri,KC,True,False,
MIN-KC-2021-09-10,3,Fri,KC,False,False,
KC-MIN-2021-10-01,3,Fri,KC,False,False,
KC-MIN-2022-04-19,3,Tue,KC,True,False,
KC-MIN-2022-05-20,3,Fri,MIN,True,True,
MIN-KC-2022-05-26,4,Thu,KC,False,False,False
MIN-KC-2022-08-15,3,Mon,MIN,True,True,
MIN-KC-2022-09-13,3,Tue,MIN,True,True,
KC-MIN-2022-09-20,3,Tue,KC,True,True,
KC-MIN-2023-03-30,3,Thu,MIN,True,True,
MIN-KC-2023-04-27,4,Thu,MIN,True,False,False
MIN-KC-2023-07-03,3,Mon,MIN,True,True,
KC-MIN-2023-07-28,3,Fri,KC,True,True,
KC-MIN-2024-03-28,3,Thu,MIN,True,False,
MIN-KC-2024-05-27,4,Mon,MIN,True,False,False
MIN-KC-2024-08-12,3,Mon,MIN,True,False,
KC-MIN-2024-09-06,3,Fri,KC,True,True,
KC-MIN-2025-04-07,4,Mon,KC,True,False,False
MIN-KC-2025-05-23,3,Fri,MIN,True,False,
MIN-KC-2025-08-08,3,Fri,MIN,False,False,
SEA-LAA-2021-04-30,3,Fri,SEA,False,False,
LAA-SEA-2021-06-03,4,Thu,SEA,False,False,False
SEA-LAA-2021-07-09,3,Fri,SEA,True,False,
LAA-SEA-2021-07-16,3,Fri,SEA,False,False,
LAA-SEA-2021-09-25,2,Sat,LAA,False,,
SEA-LAA-2021-10-01,3,Fri,LAA,False,False,
SEA-LAA-2022-06-16,4,Thu,LAA,False,False,False
LAA-SEA-2022-06-24,3,Fri,SEA,True,False,
SEA-LAA-2022-08-05,3,Fri,LAA,False,False,
LAA-SEA-2022-08-15,3,Mon,SEA,True,True,
LAA-SEA-2022-09-16,4,Fri,LAA,True,True,False
SEA-LAA-2023-04-03,3,Mon,LAA,False,False,
LAA-SEA-2023-06-09,3,Fri,LAA,False,False,
LAA-SEA-2023-08-03,4,Thu,SEA,True,True,True
SEA-LAA-2023-09-11,3,Mon,LAA,False,False,
SEA-LAA-2024-05-31,3,Fri,SEA,True,True,
LAA-SEA-2024-07-11,4,Thu,SEA,False,False,False
SEA-LAA-2024-07-22,3,Mon,LAA,True,True,
LAA-SEA-2024-08-30,3,Fri,SEA,False,False,
SEA-LAA-2025-04-29,2,Tue,SEA,True,,
LAA-SEA-2025-06-06,3,Fri,LAA,True,False,
LAA-SEA-2025-07-24,4,Thu,SEA,False,False,False
PHI-MIL-2021-05-03,4,Mon,PHI,True,True,True
MIL-PHI-2021-09-06,3,Mon,PHI,False,False,
PHI-MIL-2022-04-22,3,Fri,PHI,False,False,
MIL-PHI-2022-06-07,3,Tue,PHI,True,True,
PHI-MIL-2023-07-18,3,Tue,PHI,False,False,
MIL-PHI-2023-09-01,3,Fri,MIL,True,False,
PHI-MIL-2024-06-03,3,Mon,PHI,True,True,
MIL-PHI-2024-09-16,3,Mon,MIL,False,False,
PHI-MIL-2025-05-30,3,Fri,MIL,True,True,
MIN-TEX-2021-05-03,4,Mon,MIN,False,False,False
TEX-MIN-2021-06-18,3,Fri,MIN,True,True,
TEX-MIN-2022-07-08,3,Fri,TEX,True,False,
MIN-TEX-2022-08-19,4,Fri,MIN,False,False,False
MIN-TEX-2023-08-24,4,Thu,MIN,True,False,False
TEX-MIN-2023-09-01,3,Fri,MIN,True,False,
MIN-TEX-2024-05-24,3,Fri,MIN,True,False,
TEX-MIN-2024-08-15,4,Thu,MIN,True,True,False
MIN-TEX-2025-06-10,3,Tue,TEX,False,False,
STL-NYM-2021-05-03,3,Mon,STL,True,False,
NYM-STL-2021-09-13,3,Mon,STL,True,True,
STL-NYM-2022-04-25,3,Mon,NYM,True,False,
NYM-STL-2022-05-17,3,Tue,NYM,True,True,
NYM-STL-2023-06-16,3,Fri,NYM,False,False,
STL-NYM-2023-08-17,4,Thu,NYM,True,True,False
NYM-STL-2024-04-26,3,Fri,STL,True,False,
STL-NYM-2024-05-06,2,Mon,NYM,True,,
NYM-STL-2025-04-17,4,Thu,NYM,True,True,True
STL-NYM-2025-05-02,2,Fri,NYM,False,,
LAA-TB-2021-05-03,4,Mon,TB,True,True,True
TB-LAA-2021-06-25,3,Fri,TB,True,False,
LAA-TB-2022-05-09,3,Mon,LAA,True,False,
TB-LAA-2022-08-22,4,Mon,TB,True,True,True
LAA-TB-2023-08-18,2,Fri,TB,False,,
TB-LAA-2023-09-19,3,Tue,TB,False,False,
LAA-TB-2024-04-08,3,Mon,LAA,False,False,
TB-LAA-2024-04-15,4,Mon,LAA,False,False,False
TB-LAA-2025-04-08,3,Tue,LAA,False,False,
LAA-TB-2025-08-04,3,Mon,LAA,False,False,
OAK-TOR-2021-05-03,4,Mon,OAK,True,False,False
TOR-OAK-2021-09-03,3,Fri,TOR,True,True,
TOR-OAK-2022-04-15,3,Fri,TOR,False,False,
OAK-TOR-2022-07-04,3,Mon,OAK,True,False,
TOR-OAK-2023-06-23,3,Fri,OAK,False,False,
OAK-TOR-2023-09-04,3,Mon,TOR,True,False,
CHC-LAD-2021-05-04,2,Tue,CHC,True,,
LAD-CHC-2021-06-24,4,Thu,CHC,False,False,False
CHC-LAD-2022-05-07,2,Sat,LAD,True,,
LAD-CHC-2022-07-07,4,Thu,LAD,True,True,True
LAD-CHC-2023-04-14,3,Fri,CHC,False,False,
CHC-LAD-2023-04-20,4,Thu,LAD,False,False,False
CHC-LAD-2024-04-05,3,Fri,CHC,False,False,
LAD-CHC-2024-09-09,3,Mon,CHC,True,False,
CHC-LAD-2025-03-18,2,Tue,LAD,True,,
LAD-CHC-2025-04-11,3,Fri,LAD,False,False,
CHC-LAD-2025-04-22,2,Tue,CHC,True,,
CIN-CHW-2021-05-04,2,Tue,CHW,False,,
CHW-CIN-2021-09-28,2,Tue,CHW,True,,
CIN-CHW-2023-05-05,3,Fri,CHW,False,False,
CHW-CIN-2024-04-12,3,Fri,CIN,True,True,
CIN-CHW-2025-05-13,3,Tue,CHW,True,False,
MIA-ARI-2021-05-04,3,Tue,MIA,True,True,
ARI-MIA-2021-05-10,4,Mon,ARI,True,False,False
MIA-ARI-2022-05-02,3,Mon,ARI,True,True,
ARI-MIA-2022-05-09,3,Mon,ARI,True,False,
MIA-ARI-2023-04-14,3,Fri,MIA,True,False,
ARI-MIA-2023-05-08,3,Mon,ARI,False,False,
NYY-HOU-2021-05-04,3,Tue,NYY,True,False,
HOU-NYY-2021-07-09,3,Fri,NYY,True,False,
NYY-HOU-2022-06-23,4,Thu,NYY,False,False,False
NYY-HOU-2023-08-03,4,Thu,NYY,False,False,False
HOU-NYY-2023-09-01,3,Fri,NYY,True,True,
HOU-NYY-2024-03-28,4,Thu,NYY,True,True,True
NYY-HOU-2024-05-07,3,Tue,NYY,True,False,
NYY-HOU-2025-08-08,3,Fri,HOU,False,False,
BOS-DET-2021-05-04,3,Tue,BOS,False,False,
DET-BOS-2021-08-03,3,Tue,DET,False,False,
DET-BOS-2022-04-11,3,Mon,DET,False,False,
BOS-DET-2022-06-20,3,Mon,BOS,True,True,
DET-BOS-2023-04-06,3,Thu,BOS,True,True,
BOS-DET-2023-08-11,3,Fri,BOS,False,False,
BOS-DET-2024-05-30,4,Thu,DET,False,False,False
DET-BOS-2024-08-30,3,Fri,BOS,False,False,
DET-BOS-2025-05-12,3,Mon,DET,True,True,
NYY-WAS-2021-05-07,3,Fri,WAS,False,False,
NYY-WAS-2023-08-22,3,Tue,WAS,False,False,
WAS-NYY-2024-08-26,3,Mon,NYY,False,False,
NYM-ARI-2021-05-07,3,Fri,NYM,True,True,
ARI-NYM-2021-05-31,3,Mon,NYM,False,False,
NYM-ARI-2022-04-15,3,Fri,NYM,False,False,
ARI-NYM-2022-04-22,3,Fri,NYM,False,False,
ARI-NYM-2023-07-04,3,Tue,NYM,True,True,
NYM-ARI-2023-09-11,4,Mon,ARI,False,False,False
TEX-SEA-2021-05-07,3,Fri,SEA,False,False,
SEA-TEX-2021-05-27,4,Thu,SEA,True,True,True
SEA-TEX-2021-07-02,3,Fri,SEA,False,False,
TEX-SEA-2021-07-30,3,Fri,SEA,False,False,
SEA-TEX-2021-08-10,3,Tue,TEX,False,False,
TEX-SEA-2021-08-17,3,Tue,SEA,True,True,
SEA-TEX-2022-04-19,3,Tue,SEA,True,False,
TEX-SEA-2022-06-03,3,Fri,SEA,False,False,
TEX-SEA-2022-07-14,4,Thu,SEA,True,True,True
SEA-TEX-2022-07-25,3,Mon,SEA,True,True,
TEX-SEA-2022-08-12,3,Fri,SEA,False,False,
SEA-TEX-2022-09-27,3,Tue,TEX,False,False,
SEA-TEX-2023-05-08,3,Mon,TEX,False,False,
TEX-SEA-2023-06-02,3,Fri,TEX,True,True,
TEX-SEA-2023-09-22,3,Fri,TEX,True,True,
SEA-TEX-2023-09-28,4,Thu,SEA,True,False,False
TEX-SEA-2024-04-23,3,Tue,SEA,False,False,
SEA-TEX-2024-06-14,3,Fri,SEA,True,True,
SEA-TEX-2024-09-12,4,Thu,TEX,False,False,False
TEX-SEA-2024-09-20,3,Fri,SEA,True,False,
SEA-TEX-2025-04-11,3,Fri,SEA,True,True,
TEX-SEA-2025-05-02,3,Fri,SEA,True,False,
TEX-SEA-2025-06-27,3,Fri,SEA,False,False,
SEA-TEX-2025-07-31,4,Thu,SEA,True,False,False
HOU-TOR-2021-05-07,3,Fri,HOU,False,False,
TOR-HOU-2021-06-04,3,Fri,HOU,False,False,
HOU-TOR-2022-04-22,3,Fri,TOR,True,False,
TOR-HOU-2022-04-29,3,Fri,HOU,False,False,
HOU-TOR-2023-04-17,3,Mon,HOU,False,False,
TOR-HOU-2023-06-05,4,Mon,HOU,False,False,False
HOU-TOR-2024-04-01,3,Mon,HOU,False,False,
TOR-HOU-2024-07-01,4,Mon,HOU,False,False,False
HOU-TOR-2025-04-21,3,Mon,HOU,True,True,
STL-COL-2021-05-07,3,Fri,STL,True,True,
COL-STL-2021-07-01,4,Thu,COL,False,False,False
COL-STL-2022-08-09,3,Tue,COL,False,False,
STL-COL-2022-08-16,3,Tue,STL,True,True,
COL-STL-2023-04-10,3,Mon,COL,False,False,
STL-COL-2023-08-04,3,Fri,COL,False,False,
STL-COL-2024-06-06,4,Thu,COL,False,False,False
COL-STL-2024-09-24,3,Tue,STL,True,False,
COL-STL-2025-07-21,3,Mon,STL,False,False,
STL-COL-2025-08-11,3,Mon,STL,False,False,
LAA-LAD-2021-05-07,3,Fri,LAA,False,False,
LAD-LAA-2021-08-06,3,Fri,LAA,False,False,
LAD-LAA-2022-06-14,2,Tue,LAD,True,,
LAA-LAD-2022-07-15,2,Fri,LAD,True,,
LAA-LAD-2023-06-20,2,Tue,LAD,True,,
LAD-LAA-2023-07-07,2,Fri,LAD,True,,
LAD-LAA-2024-06-21,2,Fri,LAA,False,,
LAA-LAD-2024-09-03,2,Tue,LAD,False,,
LAD-LAA-2025-05-16,3,Fri,LAA,True,True,
LAA-LAD-2025-08-11,3,Mon,LAA,True,True,
SF-TEX-2021-05-10,2,Mon,SF,True,,
TEX-SF-2021-06-08,2,Tue,SF,False,,
SF-TEX-2023-08-11,3,Fri,TEX,True,False,
TEX-SF-2024-06-07,3,Fri,SF,True,False,
SF-TEX-2025-04-25,3,Fri,TEX,False,False,
WAS-PHI-2021-05-11,3,Tue,PHI,True,False,
PHI-WAS-2021-06-04,3,Fri,WAS,False,False,
PHI-WAS-2021-06-22,2,Tue,WAS,True,,
PHI-WAS-2021-07-26,3,Mon,PHI,False,False,
WAS-PHI-2021-08-02,4,Mon,PHI,True,True,True
WAS-PHI-2021-08-30,3,Mon,PHI,True,True,
WAS-PHI-2022-06-16,4,Thu,PHI,True,True,False
PHI-WAS-2022-07-05,3,Tue,PHI,False,False,
PHI-WAS-2022-08-04,4,Thu,PHI,True,True,True
PHI-WAS-2022-09-09,3,Fri,PHI,True,True,
WAS-PHI-2022-09-30,3,Fri,PHI,False,False,
WAS-PHI-2023-06-02,3,Fri,WAS,False,False,
PHI-WAS-2023-06-30,3,Fri,WAS,False,False,
PHI-WAS-2023-08-08,3,Tue,PHI,True,True,
WAS-PHI-2023-08-18,3,Fri,WAS,False,False,
WAS-PHI-2024-04-05,3,Fri,PHI,True,False,
PHI-WAS-2024-05-17,3,Fri,PHI,True,True,
PHI-WAS-2024-08-15,4,Thu,PHI,True,True,False
WAS-PHI-2024-09-27,3,Fri,WAS,True,False,
WAS-PHI-2025-03-27,3,Thu,PHI,True,False,
PHI-WAS-2025-04-29,3,Tue,PHI,True,False,
WAS-PHI-2025-08-14,3,Thu,WAS,False,False,
BOS-OAK-2021-05-11,3,Tue,OAK,True,False,
OAK-BOS-2021-07-02,3,Fri,BOS,False,False,
OAK-BOS-2022-06-03,3,Fri,BOS,True,True,
BOS-OAK-2022-06-14,3,Tue,BOS,True,False,
BOS-OAK-2023-07-07,3,Fri,BOS,True,True,
OAK-BOS-2023-07-17,3,Mon,BOS,False,False,
NYM-BAL-2021-05-11,2,Tue,NYM,True,,
BAL-NYM-2021-06-08,2,Tue,BAL,False,,
BAL-NYM-2023-08-04,3,Fri,BAL,True,True,
NYM-BAL-2024-08-19,3,Mon,NYM,False,False,
BAL-NYM-2025-07-08,2,Tue,NYM,False,,
CHW-MIN-2021-05-11,3,Tue,CHW,True,True,
MIN-CHW-2021-05-17,3,Mon,CHW,False,False,
CHW-MIN-2021-06-29,3,Tue,CHW,True,True,
MIN-CHW-2021-07-05,3,Mon,MIN,False,False,
CHW-MIN-2021-07-19,3,Mon,MIN,False,False,
MIN-CHW-2021-08-09,3,Mon,CHW,False,False,
MIN-CHW-2022-04-22,3,Fri,MIN,True,True,
CHW-MIN-2022-07-04,3,Mon,MIN,True,False,
MIN-CHW-2022-07-14,4,Thu,CHW,True,False,False
CHW-MIN-2022-09-02,3,Fri,CHW,True,False,
MIN-CHW-2022-09-27,3,Tue,MIN,True,False,
CHW-MIN-2022-10-03,3,Mon,CHW,True,False,
MIN-CHW-2023-04-10,3,Mon,CHW,False,False,
CHW-MIN-2023-05-02,3,Tue,CHW,True,False,
MIN-CHW-2023-07-21,3,Fri,MIN,True,True,
CHW-MIN-2023-09-14,4,Thu,MIN,True,False,False
MIN-CHW-2024-04-22,4,Mon,MIN,True,True,True
CHW-MIN-2024-04-29,3,Mon,MIN,True,True,
CHW-MIN-2024-07-08,2,Mon,MIN,False,,
MIN-CHW-2024-08-02,3,Fri,MIN,True,True,
CHW-MIN-2025-03-31,3,Mon,CHW,False,False,
MIN-CHW-2025-04-22,3,Tue,MIN,True,False,
COL-SD-2021-05-11,2,Tue,SD,True,,
SD-COL-2021-05-17,3,Mon,SD,True,True,
COL-SD-2021-06-14,3,Mon,COL,True,True,
SD-COL-2021-07-09,3,Fri,SD,False,False,
SD-COL-2021-07-29,4,Thu,SD,False,False,False
COL-SD-2021-08-16,3,Mon,COL,True,True,
SD-COL-2022-06-10,3,Fri,SD,True,False,
COL-SD-2022-06-17,3,Fri,COL,True,True,
COL-SD-2022-07-11,4,Mon,SD,False,False,False
SD-COL-2022-08-01,4,Mon,SD,True,True,False
COL-SD-2022-09-23,3,Fri,COL,False,False,
SD-COL-2023-03-30,4,Thu,COL,True,False,False
COL-SD-2023-06-09,3,Fri,SD,True,False,
COL-SD-2023-07-31,3,Mon,COL,False,False,
SD-COL-2023-09-18,3,Mon,SD,True,True,
COL-SD-2024-04-22,4,Mon,SD,False,False,False
SD-COL-2024-05-13,3,Mon,COL,True,True,
SD-COL-2024-08-02,3,Fri,COL,False,False,
COL-SD-2024-08-16,3,Fri,COL,False,False,
SD-COL-2025-04-11,3,Fri,SD,True,True,
COL-SD-2025-05-09,3,Fri,SD,True,False,
PIT-SF-2021-05-13,4,Thu,SF,False,False,False
SF-PIT-2021-07-23,3,Fri,PIT,True,False,
PIT-SF-2022-06-17,3,Fri,SF,True,False,
SF-PIT-2022-08-12,3,Fri,SF,True,True,
SF-PIT-2023-05-29,3,Mon,SF,False,False,
PIT-SF-2023-07-14,3,Fri,SF,True,True,
SF-PIT-2024-04-26,3,Fri,SF,False,False,
PIT-SF-2024-05-21,3,Tue,PIT,False,False,
SF-PIT-2025-07-28,3,Mon,PIT,True,True,
PIT-SF-2025-08-04,3,Mon,PIT,False,False,
HOU-TEX-2021-05-13,4,Thu,HOU,True,True,True
TEX-HOU-2021-05-21,3,Fri,TEX,True,True,
HOU-TEX-2021-06-15,2,Tue,HOU,True,,
HOU-TEX-2021-07-23,3,Fri,HOU,True,True,
TEX-HOU-2021-08-27,3,Fri,HOU,True,False,
TEX-HOU-2021-09-13,4,Mon,HOU,False,False,False
TEX-HOU-2022-04-25,4,Mon,TEX,False,False,False
HOU-TEX-2022-05-19,4,Thu,HOU,False,False,False
TEX-HOU-2022-06-13,3,Mon,TEX,False,False,
HOU-TEX-2022-08-09,3,Tue,HOU,False,False,
TEX-HOU-2022-08-30,2,Tue,HOU,True,,
HOU-TEX-2022-09-05,3,Mon,HOU,False,False,
HOU-TEX-2023-04-14,3,Fri,TEX,False,False,
TEX-HOU-2023-06-30,4,Fri,HOU,False,False,False
HOU-TEX-2023-07-24,3,Mon,HOU,True,False,
TEX-HOU-2023-09-04,3,Mon,HOU,True,True,
TEX-HOU-2024-04-05,4,Fri,TEX,True,False,False
HOU-TEX-2024-04-12,3,Fri,TEX,False,False,
HOU-TEX-2024-07-12,3,Fri,HOU,False,False,
TEX-HOU-2024-08-05,3,Mon,TEX,False,False,
TEX-HOU-2025-05-15,4,Thu,TEX,False,False,False
HOU-TEX-2025-07-11,3,Fri,TEX,False,False,
COL-CIN-2021-05-13,4,Thu,COL,True,False,False
CIN-COL-2021-06-11,3,Fri,CIN,True,True,
COL-CIN-2022-04-29,3,Fri,COL,True,True,
CIN-COL-2022-09-02,2,Fri,CIN,False,,
COL-CIN-2023-05-15,3,Mon,COL,False,False,
CIN-COL-2023-06-19,3,Mon,CIN,True,True,
COL-CIN-2024-06-03,3,Mon,CIN,True,True,
CIN-COL-2024-07-08,4,Mon,CIN,True,False,False
COL-CIN-2025-04-25,3,Fri,CIN,True,True,
CIN-COL-2025-07-11,3,Fri,COL,False,False,
TB-NYM-2021-05-14,3,Fri,TB,True,True,
NYM-TB-2023-05-16,3,Tue,TB,False,False,
TB-NYM-2024-05-03,3,Fri,TB,True,True,
NYM-TB-2025-06-13,3,Fri,TB,True,True,
BOS-LAA-2021-05-14,3,Fri,BOS,True,False,
LAA-BOS-2021-07-05,3,Mon,BOS,False,False,
BOS-LAA-2022-05-03,3,Tue,BOS,False,False,
LAA-BOS-2022-06-06,4,Mon,BOS,True,True,False
BOS-LAA-2023-04-14,4,Fri,BOS,True,True,False
LAA-BOS-2023-05-22,3,Mon,LAA,True,True,
LAA-BOS-2024-04-05,3,Fri,BOS,False,False,
BOS-LAA-2024-04-12,3,Fri,LAA,False,False,
BOS-LAA-2025-06-02,3,Mon,LAA,True,False,
LAA-BOS-2025-06-23,3,Mon,LAA,True,True,
DET-CHC-2021-05-14,3,Fri,CHC,False,False,
DET-CHC-2023-08-21,3,Mon,CHC,False,False,
CHC-DET-2024-08-20,3,Tue,CHC,False,False,
DET-CHC-2025-06-06,3,Fri,DET,False,False,
TOR-PHI-2021-05-14,3,Fri,PHI,False,False,
TOR-PHI-2022-07-12,2,Tue,TOR,True,,
PHI-TOR-2022-09-20,2,Tue,TOR,False,,
PHI-TOR-2023-05-09,2,Tue,PHI,True,,
TOR-PHI-2023-08-15,2,Tue,TOR,False,,
PHI-TOR-2024-05-07,2,Tue,PHI,False,,
TOR-PHI-2024-09-03,2,Tue,PHI,True,,
TOR-PHI-2025-06-03,3,Tue,PHI,False,False,
PHI-TOR-2025-06-13,3,Fri,PHI,True,True,
MIL-ATL-2021-05-14,3,Fri,ATL,True,False,
ATL-MIL-2021-07-30,3,Fri,MIL,False,False,
ATL-MIL-2022-05-06,3,Fri,MIL,False,False,
MIL-ATL-2022-05-16,3,Mon,MIL,False,False,
MIL-ATL-2023-07-21,3,Fri,ATL,False,False,
ATL-MIL-2023-07-28,3,Fri,ATL,True,True,
MIL-ATL-2024-07-29,3,Mon,MIL,False,False,
ATL-MIL-2024-08-06,3,Tue,MIL,True,True,
MIL-ATL-2025-06-09,3,Mon,ATL,False,False,
ATL-MIL-2025-08-04,3,Mon,MIL,True,True,
SD-STL-2021-05-14,3,Fri,SD,True,True,
STL-SD-2021-09-17,3,Fri,STL,True,True,
STL-SD-2022-05-30,3,Mon,STL,True,True,
SD-STL-2022-09-20,3,Tue,SD,True,False,
STL-SD-2023-08-28,3,Mon,SD,False,False,
SD-STL-2023-09-22,3,Fri,SD,False,False,
SD-STL-2024-04-01,3,Mon,STL,True,False,
STL-SD-2024-08-26,4,Mon,SD,True,False,False
STL-SD-2025-07-24,4,Thu,STL,True,False,False
SD-STL-2025-08-01,3,Fri,SD,False,False,
LAD-MIA-2021-05-14,3,Fri,LAD,True,False,
MIA-LAD-2021-07-05,4,Mon,MIA,True,True,False
LAD-MIA-2022-08-19,3,Fri,LAD,True,True,
MIA-LAD-2022-08-26,4,Fri,LAD,False,False,False
LAD-MIA-2023-08-18,2,Fri,MIA,False,,
MIA-LAD-2023-09-05,3,Tue,MIA,True,False,
LAD-MIA-2024-05-06,3,Mon,LAD,True,True,
MIA-LAD-2024-09-17,3,Tue,MIA,False,False,
LAD-MIA-2025-04-28,3,Mon,LAD,True,True,
MIA-LAD-2025-05-05,3,Mon,LAD,False,False,
ATL-NYM-2021-05-17,3,Mon,NYM,True,False,
NYM-ATL-2021-06-21,3,Mon,NYM,False,False,
ATL-NYM-2021-06-29,3,Tue,NYM,False,False,
NYM-ATL-2021-07-26,4,Mon,ATL,True,False,False
ATL-NYM-2021-10-01,3,Fri,NYM,False,False,
NYM-ATL-2022-05-02,3,Mon,ATL,False,False,
ATL-NYM-2022-07-11,3,Mon,NYM,False,False,
NYM-ATL-2022-08-04,4,Thu,NYM,False,False,False
ATL-NYM-2022-08-15,4,Mon,ATL,True,False,False
ATL-NYM-2022-09-30,3,Fri,ATL,True,True,
ATL-NYM-2023-06-06,3,Tue,ATL,True,True,
NYM-ATL-2023-08-11,3,Fri,ATL,True,False,
ATL-NYM-2023-08-21,3,Mon,NYM,False,False,
ATL-NYM-2024-04-08,3,Mon,NYM,False,False,
NYM-ATL-2024-05-10,3,Fri,ATL,True,False,
NYM-ATL-2024-07-25,4,Thu,NYM,True,False,False
ATL-NYM-2025-06-17,3,Tue,ATL,True,True,
NYM-ATL-2025-06-23,4,Mon,ATL,True,False,False
NYM-ATL-2025-08-12,3,Tue,NYM,False,False,
CHC-WAS-2021-05-17,4,Mon,CHC,True,False,False
WAS-CHC-2021-07-30,3,Fri,WAS,False,False,
CHC-WAS-2022-08-08,3,Mon,CHC,False,False,
WAS-CHC-2022-08-15,3,Mon,WAS,False,False,
WAS-CHC-2023-05-01,4,Mon,CHC,False,False,False
CHC-WAS-2023-07-17,3,Mon,WAS,False,False,
WAS-CHC-2024-08-30,3,Fri,CHC,True,True,
CHC-WAS-2024-09-19,4,Thu,CHC,True,False,False
WAS-CHC-2025-06-03,3,Tue,CHC,False,False,
TEX-NYY-2021-05-17,4,Mon,TEX,False,False,False
NYY-TEX-2021-09-20,3,Mon,NYY,True,True,
NYY-TEX-2022-05-08,2,Sun,NYY,True,,
TEX-NYY-2022-10-03,3,Mon,NYY,True,False,
TEX-NYY-2023-04-27,4,Thu,NYY,False,False,False
NYY-TEX-2023-06-23,3,Fri,TEX,False,False,
NYY-TEX-2024-08-10,2,Sat,NYY,True,,
TEX-NYY-2024-09-02,3,Mon,NYY,False,False,
NYY-TEX-2025-05-20,3,Tue,NYY,True,True,
TEX-NYY-2025-08-04,3,Mon,TEX,True,False,
LAD-ARI-2021-05-17,4,Mon,LAD,True,True,True
ARI-LAD-2021-06-18,3,Fri,LAD,True,True,
LAD-ARI-2021-07-09,3,Fri,ARI,False,False,
ARI-LAD-2021-07-30,3,Fri,ARI,False,False,
LAD-ARI-2021-09-13,3,Mon,LAD,True,True,
ARI-LAD-2021-09-25,2,Sat,ARI,False,,
ARI-LAD-2022-04-25,3,Mon,LAD,False,False,
LAD-ARI-2022-05-16,3,Mon,LAD,True,True,
ARI-LAD-2022-05-26,4,Thu,LAD,True,True,True
ARI-LAD-2022-09-12,3,Mon,LAD,True,False,
LAD-ARI-2022-09-19,4,Mon,LAD,True,False,False
LAD-ARI-2023-03-30,4,Thu,LAD,False,False,False
ARI-LAD-2023-04-06,4,Thu,LAD,False,False,False
ARI-LAD-2023-08-08,2,Tue,LAD,True,,
LAD-ARI-2023-08-28,3,Mon,LAD,True,True,
SEA-DET-2021-05-17,3,Mon,DET,True,True,
DET-SEA-2021-06-08,3,Tue,DET,False,False,
DET-SEA-2022-08-30,3,Tue,SEA,True,True,
SEA-DET-2022-10-03,3,Mon,DET,False,False,
DET-SEA-2023-05-12,3,Fri,SEA,True,False,
SEA-DET-2023-07-14,3,Fri,DET,True,False,
SEA-DET-2024-08-06,3,Tue,DET,True,False,
DET-SEA-2024-08-13,3,Tue,DET,True,True,
SEA-DET-2025-03-31,3,Mon,DET,True,False,
DET-SEA-2025-07-11,3,Fri,SEA,True,True,
BAL-TB-2021-05-18,3,Tue,TB,True,True,
TB-BAL-2021-06-11,3,Fri,TB,True,True,
TB-BAL-2021-07-19,3,Mon,BAL,False,False,
BAL-TB-2021-08-06,3,Fri,TB,True,True,
TB-BAL-2021-08-16,4,Mon,TB,True,True,True
BAL-TB-2021-08-27,3,Fri,TB,True,True,
TB-BAL-2022-04-08,3,Fri,TB,True,True,
BAL-TB-2022-05-20,3,Fri,BAL,False,False,
BAL-TB-2022-06-17,3,Fri,BAL,False,False,
TB-BAL-2022-07-15,3,Fri,TB,False,False,
BAL-TB-2022-07-25,4,Mon,BAL,True,False,False
TB-BAL-2022-08-12,3,Fri,BAL,False,False,
BAL-TB-2023-05-08,3,Mon,TB,False,False,
TB-BAL-2023-06-20,2,Tue,BAL,False,,
TB-BAL-2023-07-20,4,Thu,BAL,False,False,False
BAL-TB-2023-09-14,4,Thu,TB,True,False,False
BAL-TB-2024-05-31,3,Fri,BAL,True,False,
TB-BAL-2024-06-07,4,Fri,BAL,True,True,True
TB-BAL-2024-08-09,3,Fri,BAL,True,False,
BAL-TB-2024-09-06,3,Fri,BAL,False,False,
TB-BAL-2025-06-16,4,Mon,TB,False,False,False
BAL-TB-2025-06-27,3,Fri,BAL,False,False,
TB-BAL-2025-07-18,3,Fri,TB,True,False,
PHI-MIA-2021-05-18,3,Tue,PHI,False,False,
MIA-PHI-2021-05-24,4,Mon,MIA,False,False,False
PHI-MIA-2021-06-29,2,Tue,PHI,False,,
PHI-MIA-2021-07-16,2,Fri,PHI,True,,
MIA-PHI-2021-09-03,3,Fri,MIA,True,False,
MIA-PHI-2021-10-01,3,Fri,PHI,False,False,
MIA-PHI-2022-04-14,4,Thu,MIA,True,False,False
PHI-MIA-2022-06-13,3,Mon,PHI,False,False,
MIA-PHI-2022-07-15,3,Fri,PHI,True,True,
PHI-MIA-2022-08-09,3,Tue,PHI,True,False,
PHI-MIA-2022-09-06,3,Tue,PHI,True,False,
MIA-PHI-2022-09-13,3,Tue,PHI,True,False,
PHI-MIA-2023-04-10,3,Mon,PHI,False,False,
MIA-PHI-2023-07-07,3,Fri,PHI,False,False,
MIA-PHI-2023-07-31,4,Mon,PHI,True,False,False
PHI-MIA-2023-09-08,3,Fri,MIA,False,False,
MIA-PHI-2024-05-10,3,Fri,PHI,True,False,
PHI-MIA-2024-06-27,4,Thu,MIA,False,False,False
PHI-MIA-2024-08-13,2,Tue,MIA,False,,
MIA-PHI-2024-09-05,4,Thu,PHI,True,False,False
PHI-MIA-2025-04-18,3,Fri,PHI,True,False,
MIA-PHI-2025-06-16,4,Mon,PHI,False,False,False
KC-MIL-2021-05-18,2,Tue,KC,True,,
MIL-KC-2021-07-20,2,Tue,KC,True,,
MIL-KC-2023-05-12,3,Fri,MIL,True,True,
KC-MIL-2024-05-06,3,Mon,KC,False,False,
MIL-KC-2025-03-31,3,Mon,KC,False,False,
ATL-PIT-2021-05-20,4,Thu,PIT,False,False,False
PIT-ATL-2021-07-05,3,Mon,PIT,True,False,
ATL-PIT-2022-06-09,4,Thu,ATL,True,True,True
PIT-ATL-2022-08-22,3,Mon,ATL,True,True,
PIT-ATL-2023-08-07,4,Mon,PIT,False,False,False
ATL-PIT-2023-09-08,3,Fri,ATL,False,False,
PIT-ATL-2024-05-24,3,Fri,PIT,True,False,
ATL-PIT-2024-06-28,3,Fri,ATL,True,False,
PIT-ATL-2025-05-09,3,Fri,PIT,False,False,
WAS-BAL-2021-05-21,3,Fri,WAS,True,True,
BAL-WAS-2021-07-23,3,Fri,BAL,True,True,
BAL-WAS-2022-06-21,2,Tue,WAS,False,,
WAS-BAL-2022-09-13,2,Tue,BAL,True,,
WAS-BAL-2023-04-18,2,Tue,BAL,True,,
BAL-WAS-2023-09-26,2,Tue,BAL,True,,
WAS-BAL-2024-05-07,2,Tue,WAS,False,,
BAL-WAS-2024-08-13,2,Tue,WAS,False,,
WAS-BAL-2025-04-22,3,Tue,WAS,True,False,
BAL-WAS-2025-05-16,3,Fri,WAS,True,True,
NYY-CHW-2021-05-21,3,Fri,NYY,True,True,
CHW-NYY-2021-08-12,3,Thu,CHW,False,False,
CHW-NYY-2022-05-12,4,Thu,NYY,True,False,False
NYY-CHW-2022-05-21,2,Sat,NYY,False,,
NYY-CHW-2023-06-06,2,Tue,CHW,True,,
CHW-NYY-2023-08-07,3,Mon,CHW,False,False,
NYY-CHW-2024-05-17,3,Fri,NYY,True,True,
CHW-NYY-2024-08-12,3,Mon,CHW,False,False,
PHI-BOS-2021-05-21,3,Fri,BOS,True,False,
BOS-PHI-2021-07-09,3,Fri,BOS,False,False,
PHI-BOS-2023-05-05,3,Fri,BOS,True,False,
BOS-PHI-2024-06-11,3,Tue,PHI,False,False,
PHI-BOS-2025-07-21,3,Mon,PHI,True,False,
CIN-MIL-2021-05-21,3,Fri,CIN,False,False,
CIN-MIL-2021-06-08,3,Tue,MIL,False,False,
MIL-CIN-2021-06-14,3,Mon,CIN,True,True,
MIL-CIN-2021-07-08,4,Thu,MIL,False,False,False
CIN-MIL-2021-07-16,3,Fri,MIL,True,True,
MIL-CIN-2021-08-24,3,Tue,MIL,True,False,
MIL-CIN-2022-05-03,3,Tue,MIL,True,True,
CIN-MIL-2022-05-09,3,Mon,CIN,False,False,
CIN-MIL-2022-06-17,3,Fri,MIL,True,True,
MIL-CIN-2022-08-05,3,Fri,MIL,False,False,
MIL-CIN-2022-09-09,3,Fri,CIN,False,False,
CIN-MIL-2022-09-22,4,Thu,MIL,True,True,False
CIN-MIL-2023-06-02,4,Fri,MIL,True,True,False
MIL-CIN-2023-07-07,3,Fri,MIL,False,False,
CIN-MIL-2023-07-14,3,Fri,MIL,True,True,
MIL-CIN-2023-07-24,3,Mon,MIL,False,False,
CIN-MIL-2024-04-08,3,Mon,CIN,False,False,
MIL-CIN-2024-06-14,3,Fri,CIN,False,False,
MIL-CIN-2024-08-09,3,Fri,MIL,True,False,
CIN-MIL-2024-08-30,3,Fri,MIL,True,False,
MIL-CIN-2025-04-03,4,Thu,MIL,True,False,False
CIN-MIL-2025-06-02,3,Mon,MIL,False,False,
CIN-MIL-2025-08-15,2,Fri,MIL,True,,
STL-CHC-2021-05-21,3,Fri,CHC,False,False,
CHC-STL-2021-06-11,3,Fri,CHC,True,True,
CHC-STL-2021-07-09,2,Fri,CHC,False,,
STL-CHC-2021-07-19,4,Mon,STL,False,False,False
CHC-STL-2021-09-25,2,Sat,STL,True,,
STL-CHC-2021-10-01,3,Fri,STL,False,False,
CHC-STL-2022-06-02,4,Thu,CHC,False,False,False
STL-CHC-2022-06-24,3,Fri,CHC,False,False,
STL-CHC-2022-08-02,2,Tue,STL,True,,
CHC-STL-2022-08-22,4,Mon,STL,False,False,False
STL-CHC-2022-09-02,3,Fri,STL,True,True,
CHC-STL-2023-05-08,3,Mon,STL,True,False,
STL-CHC-2023-06-24,2,Sat,CHC,False,,
CHC-STL-2023-07-20,4,Thu,STL,False,False,False
STL-CHC-2023-07-27,4,Thu,CHC,True,True,False
STL-CHC-2024-05-25,2,Sat,STL,True,,
CHC-STL-2024-06-14,3,Fri,STL,False,False,
STL-CHC-2024-07-12,3,Fri,CHC,False,False,
CHC-STL-2024-08-01,4,Thu,CHC,True,False,False
STL-CHC-2025-06-23,4,Mon,STL,True,False,False
CHC-STL-2025-07-04,3,Fri,CHC,False,False,
STL-CHC-2025-08-08,3,Fri,STL,False,False,
LAA-OAK-2021-05-21,3,Fri,OAK,True,False,
OAK-LAA-2021-05-27,4,Thu,OAK,True,False,False
OAK-LAA-2021-06-14,3,Mon,OAK,True,True,
OAK-LAA-2021-07-19,2,Mon,OAK,True,,
LAA-OAK-2021-07-29,4,Thu,OAK,True,False,False
LAA-OAK-2021-09-17,3,Fri,OAK,True,True,
OAK-LAA-2022-05-13,3,Fri,LAA,False,False,
LAA-OAK-2022-05-20,3,Fri,OAK,False,False,
LAA-OAK-2022-08-02,3,Tue,LAA,False,False,
OAK-LAA-2022-08-08,3,Mon,LAA,True,True,
LAA-OAK-2022-09-27,3,Tue,LAA,True,True,
OAK-LAA-2022-10-03,3,Mon,OAK,True,True,
OAK-LAA-2023-03-30,3,Thu,OAK,False,False,
LAA-OAK-2023-04-24,4,Mon,OAK,False,False,False
OAK-LAA-2023-09-01,3,Fri,OAK,True,True,
LAA-OAK-2023-09-29,3,Fri,LAA,False,False,
SF-LAD-2021-05-21,3,Fri,LAD,True,True,
LAD-SF-2021-05-27,4,Thu,LAD,False,False,False
LAD-SF-2021-06-28,2,Mon,LAD,True,,
LAD-SF-2021-07-19,4,Mon,SF,False,False,False
SF-LAD-2021-07-27,3,Tue,SF,False,False,
SF-LAD-2021-09-03,3,Fri,SF,False,False,
LAD-SF-2022-05-03,2,Tue,LAD,True,,
SF-LAD-2022-06-10,3,Fri,SF,True,True,
LAD-SF-2022-07-21,4,Thu,LAD,True,True,True
SF-LAD-2022-08-01,4,Mon,LAD,True,True,True
LAD-SF-2022-09-05,3,Mon,SF,False,False,
SF-LAD-2022-09-16,3,Fri,LAD,True,True,
SF-LAD-2023-04-10,3,Mon,LAD,False,False,
LAD-SF-2023-06-16,3,Fri,SF,True,True,
LAD-SF-2023-09-21,4,Thu,LAD,False,False,False
SF-LAD-2023-09-29,3,Fri,LAD,False,False,
LAD-SF-2024-04-01,3,Mon,LAD,True,True,
SF-LAD-2024-05-13,3,Mon,LAD,True,False,
SF-LAD-2024-06-28,3,Fri,SF,False,False,
LAD-SF-2024-07-22,4,Mon,LAD,True,False,False
LAD-SF-2025-06-13,3,Fri,SF,False,False,
SF-LAD-2025-07-11,3,Fri,SF,False,False,
SD-SEA-2021-05-21,3,Fri,SD,True,True,
SD-SEA-2022-07-04,2,Mon,SEA,True,,
SEA-SD-2022-09-13,2,Tue,SD,False,,
SD-SEA-2023-06-06,2,Tue,SEA,False,,
SEA-SD-2023-08-08,2,Tue,SEA,True,,
SD-SEA-2024-07-09,2,Tue,SEA,True,,
SEA-SD-2024-09-10,2,Tue,SD,False,,
SD-SEA-2025-05-16,3,Fri,SEA,True,True,
MIN-BAL-2021-05-24,3,Mon,MIN,True,True,
BAL-MIN-2021-05-31,3,Mon,MIN,False,False,
BAL-MIN-2022-05-02,4,Mon,MIN,True,False,False
MIN-BAL-2022-07-01,3,Fri,MIN,True,False,
BAL-MIN-2023-06-30,3,Fri,MIN,True,False,
MIN-BAL-2023-07-07,3,Fri,BAL,True,True,
BAL-MIN-2024-04-15,3,Mon,BAL,True,True,
MIN-BAL-2024-09-27,3,Fri,BAL,True,True,
MIN-BAL-2025-05-06,3,Tue,MIN,True,True,
BAL-MIN-2025-05-14,2,Wed,MIN,True,,
CHW-STL-2021-05-24,3,Mon,CHW,True,False,
CHW-STL-2023-07-07,3,Fri,CHW,False,False,
STL-CHW-2024-05-03,3,Fri,STL,False,False,
CHW-STL-2025-06-17,2,Tue,STL,True,,
OAK-SEA-2021-05-24,3,Mon,SEA,True,False,
SEA-OAK-2021-05-31,3,Mon,SEA,False,False,
SEA-OAK-2021-07-22,4,Thu,OAK,False,False,False
OAK-SEA-2021-08-23,2,Mon,SEA,True,,
OAK-SEA-2021-09-20,4,Mon,SEA,True,True,True
SEA-OAK-2021-09-27,3,Mon,SEA,True,True,
SEA-OAK-2022-05-23,3,Mon,SEA,False,False,
OAK-SEA-2022-06-21,3,Tue,SEA,True,True,
SEA-OAK-2022-06-30,4,Thu,SEA,False,False,False
OAK-SEA-2022-08-19,3,Fri,SEA,False,False,
OAK-SEA-2022-09-20,3,Tue,OAK,True,False,
SEA-OAK-2022-09-30,3,Fri,SEA,True,False,
OAK-SEA-2023-05-02,3,Tue,SEA,True,True,
SEA-OAK-2023-05-22,4,Mon,SEA,True,True,True
SEA-OAK-2023-08-28,3,Mon,SEA,False,False,
OAK-SEA-2023-09-18,3,Mon,SEA,True,True,
WAS-CIN-2021-05-25,2,Tue,CIN,False,,
CIN-WAS-2021-09-23,3,Thu,WAS,False,False,
CIN-WAS-2022-06-02,4,Thu,CIN,False,False,False
WAS-CIN-2022-08-26,3,Fri,CIN,True,False,
WAS-CIN-2023-07-03,4,Mon,CIN,True,True,True
CIN-WAS-2023-08-04,3,Fri,WAS,True,True,
CIN-WAS-2024-03-28,3,Thu,CIN,False,False,
WAS-CIN-2024-07-19,3,Fri,WAS,True,True,
CIN-WAS-2025-05-02,3,Fri,CIN,False,False,
WAS-CIN-2025-07-21,3,Mon,WAS,True,False,
BOS-ATL-2021-05-25,2,Tue,ATL,False,,
ATL-BOS-2021-06-15,2,Tue,BOS,True,,
ATL-BOS-2022-05-10,2,Tue,BOS,False,,
BOS-ATL-2022-08-09,2,Tue,ATL,True,,
ATL-BOS-2023-05-09,2,Tue,ATL,False,,
BOS-ATL-2023-07-25,2,Tue,BOS,True,,
ATL-BOS-2024-05-07,2,Tue,ATL,True,,
BOS-ATL-2024-06-04,2,Tue,ATL,False,,
BOS-ATL-2025-05-16,3,Fri,ATL,False,False,
ATL-BOS-2025-05-30,3,Fri,BOS,False,False,
HOU-LAD-2021-05-25,2,Tue,LAD,False,,
LAD-HOU-2021-08-03,2,Tue,HOU,False,,
LAD-HOU-2023-06-23,3,Fri,LAD,True,False,
HOU-LAD-2024-07-26,3,Fri,HOU,True,False,
LAD-HOU-2025-07-04,3,Fri,HOU,True,True,
ARI-SF-2021-05-25,2,Tue,SF,True,,
SF-ARI-2021-06-14,4,Mon,SF,True,True,True
ARI-SF-2021-07-01,4,Thu,ARI,False,False,False
ARI-SF-2021-08-02,4,Mon,SF,False,False,False
SF-ARI-2021-08-10,2,Tue,SF,True,,
SF-ARI-2021-09-28,3,Tue,SF,True,True,
ARI-SF-2022-07-04,3,Mon,ARI,True,False,
SF-ARI-2022-07-11,3,Mon,ARI,False,False,
ARI-SF-2022-07-25,3,Mon,ARI,True,True,
SF-ARI-2022-08-15,4,Mon,SF,True,False,False
ARI-SF-2022-09-23,3,Fri,SF,False,False,
SF-ARI-2022-09-30,3,Fri,SF,False,False,
ARI-SF-2023-05-11,4,Thu,SF,False,False,False
SF-ARI-2023-06-23,3,Fri,SF,True,False,
SF-ARI-2023-07-31,4,Mon,ARI,False,False,False
ARI-SF-2023-09-19,2,Tue,ARI,True,,
CHW-BAL-2021-05-27,3,Thu,CHW,True,True,
BAL-CHW-2021-07-09,3,Fri,CHW,True,True,
CHW-BAL-2022-06-23,4,Thu,BAL,True,True,False
BAL-CHW-2022-08-23,3,Tue,BAL,False,False,
CHW-BAL-2023-04-14,3,Fri,BAL,False,False,
BAL-CHW-2023-08-28,3,Mon,BAL,True,False,
CHW-BAL-2024-05-23,4,Thu,BAL,True,True,True
BAL-CHW-2024-09-02,3,Mon,BAL,True,False,
BAL-CHW-2025-05-30,3,Fri,BAL,True,True,
ARI-STL-2021-05-27,4,Thu,STL,True,True,False
STL-ARI-2021-06-28,3,Mon,STL,True,True,
STL-ARI-2022-04-28,4,Thu,STL,False,False,False
ARI-STL-2022-08-19,3,Fri,STL,True,True,
STL-ARI-2023-04-17,3,Mon,ARI,True,False,
ARI-STL-2023-07-24,3,Mon,STL,False,False,
BOS-MIA-2021-05-28,2,Fri,BOS,True,,
BOS-MIA-2023-06-27,3,Tue,MIA,True,True,
MIA-BOS-2024-07-02,3,Tue,BOS,True,True,
BOS-MIA-2025-08-15,2,Fri,BOS,True,,
HOU-SD-2021-05-28,3,Fri,SD,True,False,
SD-HOU-2021-09-03,3,Fri,HOU,False,False,
HOU-SD-2023-09-08,3,Fri,SD,False,False,
SD-HOU-2024-09-16,3,Mon,SD,False,False,
HOU-SD-2025-04-18,3,Fri,HOU,True,False,
PIT-COL-2021-05-29,2,Sat,PIT,False,,
COL-PIT-2021-06-28,3,Mon,COL,True,True,
PIT-COL-2022-05-23,3,Mon,PIT,False,False,
COL-PIT-2022-07-15,3,Fri,COL,True,False,
COL-PIT-2023-04-17,3,Mon,PIT,True,True,
PIT-COL-2023-05-08,3,Mon,PIT,False,False,
PIT-COL-2024-05-03,3,Fri,COL,False,False,
COL-PIT-2024-06-14,3,Fri,PIT,False,False,
COL-PIT-2025-08-01,3,Fri,COL,True,False,
TB-PHI-2021-05-29,2,Sat,TB,True,,
PHI-TB-2021-08-24,2,Tue,TB,True,,
TB-PHI-2023-07-04,3,Tue,PHI,True,True,
PHI-TB-2024-09-09,3,Mon,PHI,True,True,
TB-PHI-2025-05-06,3,Tue,PHI,True,True,
WAS-MIL-2021-05-29,2,Sat,MIL,True,,
MIL-WAS-2021-08-20,3,Fri,WAS,False,False,
MIL-WAS-2022-05-20,3,Fri,MIL,True,False,
WAS-MIL-2022-06-10,3,Fri,WAS,True,False,
WAS-MIL-2023-07-31,3,Mon,WAS,False,False,
MIL-WAS-2023-09-15,3,Fri,MIL,True,False,
MIL-WAS-2024-07-12,3,Fri,WAS,True,False,
WAS-MIL-2024-08-02,3,Fri,MIL,False,False,
MIL-WAS-2025-07-11,3,Fri,MIL,True,True,
WAS-MIL-2025-08-01,3,Fri,MIL,True,True,
MIL-DET-2021-05-31,2,Mon,MIL,False,,
DET-MIL-2021-09-14,2,Tue,DET,True,,
MIL-DET-2023-04-24,3,Mon,DET,True,False,
DET-MIL-2024-06-07,3,Fri,MIL,True,False,
MIL-DET-2025-04-14,3,Mon,DET,False,False,
CIN-PHI-2021-05-31,2,Mon,CIN,False,,
PHI-CIN-2021-08-13,3,Fri,CIN,False,False,
CIN-PHI-2022-08-15,3,Mon,PHI,True,False,
PHI-CIN-2022-08-22,4,Mon,PHI,True,True,True
PHI-CIN-2023-04-07,3,Fri,PHI,True,False,
CIN-PHI-2023-04-13,4,Thu,CIN,False,False,False
PHI-CIN-2024-04-01,3,Mon,CIN,False,False,
CIN-PHI-2024-04-22,4,Mon,PHI,False,False,False
PHI-CIN-2025-07-04,3,Fri,CIN,False,False,
CIN-PHI-2025-08-11,3,Mon,PHI,False,False,
CHC-SD-2021-05-31,3,Mon,CHC,True,True,
SD-CHC-2021-06-07,3,Mon,SD,False,False,
SD-CHC-2022-05-09,3,Mon,CHC,False,False,
CHC-SD-2022-06-13,4,Mon,SD,True,True,True
CHC-SD-2023-04-25,3,Tue,CHC,False,False,
SD-CHC-2023-06-02,4,Fri,CHC,False,False,False
SD-CHC-2024-04-08,3,Mon,SD,False,False,
CHC-SD-2024-05-06,3,Mon,SD,False,False,
CHC-SD-2025-04-04,3,Fri,CHC,True,False,
SD-CHC-2025-04-14,3,Mon,SD,False,False,
SF-LAA-2021-05-31,2,Mon,SF,False,,
LAA-SF-2021-06-22,2,Tue,SF,True,,
LAA-SF-2023-08-07,3,Mon,SF,False,False,
SF-LAA-2024-06-14,3,Fri,LAA,True,False,
LAA-SF-2025-04-18,3,Fri,LAA,False,False,
HOU-BOS-2021-05-31,4,Mon,HOU,True,True,False
BOS-HOU-2021-06-08,3,Tue,HOU,True,False,
BOS-HOU-2022-05-16,3,Mon,BOS,False,False,
HOU-BOS-2022-08-01,3,Mon,BOS,True,False,
HOU-BOS-2023-08-21,4,Mon,HOU,True,False,False
BOS-HOU-2023-08-28,3,Mon,HOU,True,True,
BOS-HOU-2024-08-09,3,Fri,HOU,True,True,
HOU-BOS-2024-08-19,3,Mon,HOU,False,False,
BOS-HOU-2025-08-01,3,Fri,BOS,True,True,
HOU-BOS-2025-08-11,3,Mon,HOU,False,False,
LAD-STL-2021-05-31,3,Mon,LAD,False,False,
STL-LAD-2021-09-06,4,Mon,LAD,True,False,False
STL-LAD-2022-07-12,3,Tue,STL,False,False,
LAD-STL-2022-09-23,3,Fri,STL,False,False,
LAD-STL-2023-04-28,3,Fri,LAD,True,True,
STL-LAD-2023-05-18,4,Thu,STL,False,False,False
LAD-STL-2024-03-28,4,Thu,LAD,True,False,False
STL-LAD-2024-08-16,3,Fri,LAD,False,False,
STL-LAD-2025-06-06,3,Fri,STL,True,False,
LAD-STL-2025-08-04,3,Mon,STL,False,False,
TOR-MIA-2021-06-01,2,Tue,TOR,True,,
MIA-TOR-2021-06-22,2,Tue,TOR,True,,
MIA-TOR-2023-06-19,3,Mon,MIA,False,False,
TOR-MIA-2024-09-27,3,Fri,MIA,True,True,
COL-TEX-2021-06-01,3,Tue,COL,True,True,
TEX-COL-2021-08-30,3,Mon,TEX,True,False,
TEX-COL-2022-04-11,2,Mon,COL,True,,
COL-TEX-2022-08-23,2,Tue,COL,False,,
TEX-COL-2023-05-19,3,Fri,TEX,True,True,
COL-TEX-2024-05-10,3,Fri,COL,True,True,
TEX-COL-2025-05-12,3,Mon,TEX,True,True,
PIT-MIA-2021-06-03,4,Thu,PIT,True,True,False
MIA-PIT-2021-09-17,3,Fri,PIT,True,False,
MIA-PIT-2022-07-11,4,Mon,PIT,True,False,False
PIT-MIA-2022-07-22,3,Fri,MIA,False,False,
MIA-PIT-2023-06-22,4,Thu,MIA,False,False,False
PIT-MIA-2023-09-29,3,Fri,MIA,True,False,
MIA-PIT-2024-03-28,4,Thu,PIT,True,True,True
PIT-MIA-2024-09-09,3,Mon,PIT,True,True,
MIA-PIT-2025-03-27,4,Thu,MIA,False,False,False
PIT-MIA-2025-06-09,3,Mon,PIT,False,False,
MIL-ARI-2021-06-03,4,Thu,MIL,True,True,True
ARI-MIL-2021-06-21,3,Mon,ARI,False,False,
ARI-MIL-2022-09-01,4,Thu,ARI,True,False,False
MIL-ARI-2022-10-03,3,Mon,MIL,True,False,
ARI-MIL-2023-04-10,3,Mon,ARI,False,False,
MIL-ARI-2023-06-19,3,Mon,ARI,False,False,
SF-CHC-2021-06-03,4,Thu,SF,True,True,False
CHC-SF-2021-09-10,3,Fri,SF,True,True,
SF-CHC-2022-07-28,4,Thu,SF,False,False,False
CHC-SF-2022-09-09,3,Fri,CHC,False,False,
SF-CHC-2023-06-09,3,Fri,CHC,True,False,
CHC-SF-2023-09-04,3,Mon,CHC,True,True,
CHC-SF-2024-06-17,3,Mon,SF,False,False,
SF-CHC-2024-06-24,4,Mon,SF,True,True,False
CHC-SF-2025-05-05,3,Mon,CHC,False,False,
SD-NYM-2021-06-03,4,Thu,SD,True,False,False
NYM-SD-2021-06-11,3,Fri,NYM,True,False,
SD-NYM-2022-06-06,3,Mon,NYM,False,False,
NYM-SD-2022-07-22,3,Fri,SD,True,False,
NYM-SD-2023-04-10,3,Mon,NYM,False,False,
SD-NYM-2023-07-07,3,Fri,NYM,False,False,
NYM-SD-2024-06-14,3,Fri,NYM,True,True,
SD-NYM-2024-08-22,4,Thu,NYM,False,False,False
SD-NYM-2025-07-28,3,Mon,SD,True,True,
NYY-BOS-2021-06-04,3,Fri,BOS,True,True,
BOS-NYY-2021-06-25,3,Fri,BOS,True,True,
NYY-BOS-2021-07-16,3,Fri,BOS,False,False,
BOS-NYY-2021-07-22,4,Thu,BOS,True,False,False
NYY-BOS-2021-08-17,2,Tue,NYY,True,,
BOS-NYY-2021-09-25,2,Sat,NYY,True,,
NYY-BOS-2022-04-08,3,Fri,NYY,True,False,
BOS-NYY-2022-07-07,4,Thu,NYY,True,False,False
NYY-BOS-2022-07-15,3,Fri,BOS,False,False,
BOS-NYY-2022-08-12,3,Fri,BOS,False,False,
BOS-NYY-2022-09-13,2,Tue,NYY,True,,
NYY-BOS-2022-09-22,4,Thu,NYY,True,True,True
NYY-BOS-2023-06-09,3,Fri,BOS,False,False,
BOS-NYY-2023-06-16,2,Fri,BOS,True,,
NYY-BOS-2023-08-18,3,Fri,BOS,True,True,
BOS-NYY-2023-09-12,2,Tue,NYY,False,,
BOS-NYY-2024-06-14,3,Fri,NYY,False,False,
NYY-BOS-2024-07-05,3,Fri,BOS,False,False,
BOS-NYY-2024-07-26,3,Fri,BOS,False,False,
NYY-BOS-2024-09-12,4,Thu,NYY,True,False,False
NYY-BOS-2025-06-06,3,Fri,NYY,False,False,
BOS-NYY-2025-06-13,3,Fri,BOS,True,True,
ATL-LAD-2021-06-04,3,Fri,LAD,False,False,
LAD-ATL-2021-08-30,3,Mon,LAD,True,True,
LAD-ATL-2022-04-18,3,Mon,LAD,False,False,
ATL-LAD-2022-06-24,3,Fri,LAD,False,False,
ATL-LAD-2023-05-22,3,Mon,LAD,True,False,
LAD-ATL-2023-08-31,4,Thu,ATL,True,True,False
LAD-ATL-2024-05-03,3,Fri,LAD,True,True,
ATL-LAD-2024-09-13,4,Fri,ATL,True,False,False
LAD-ATL-2025-03-31,3,Mon,LAD,True,True,
ATL-LAD-2025-05-02,3,Fri,LAD,True,False,
COL-OAK-2021-06-04,3,Fri,OAK,True,False,
COL-OAK-2023-07-28,3,Fri,OAK,True,False,
PIT-LAD-2021-06-08,3,Tue,LAD,True,True,
LAD-PIT-2021-08-16,3,Mon,LAD,True,True,
PIT-LAD-2022-05-09,3,Mon,PIT,False,False,
LAD-PIT-2022-05-30,3,Mon,PIT,True,True,
PIT-LAD-2023-04-25,3,Tue,LAD,False,False,
LAD-PIT-2023-07-03,4,Mon,LAD,False,False,False
PIT-LAD-2024-06-04,3,Tue,PIT,True,False,
LAD-PIT-2024-08-09,3,Fri,LAD,True,True,
LAD-PIT-2025-04-25,3,Fri,PIT,False,False,
MIA-COL-2021-06-08,3,Tue,MIA,False,False,
COL-MIA-2021-08-06,3,Fri,COL,True,True,
COL-MIA-2022-05-30,2,Mon,COL,False,,
MIA-COL-2022-06-21,3,Tue,MIA,True,True,
COL-MIA-2023-05-22,4,Mon,COL,True,False,False
MIA-COL-2023-07-21,3,Fri,COL,True,False,
MIA-COL-2024-04-30,3,Tue,MIA,True,True,
COL-MIA-2024-08-26,4,Mon,COL,False,False,False
MIA-COL-2025-06-02,3,Mon,COL,True,True,
TB-WAS-2021-06-08,2,Tue,TB,False,,
WAS-TB-2021-06-29,2,Tue,WAS,True,,
WAS-TB-2023-04-03,3,Mon,TB,True,True,
TB-WAS-2024-06-28,3,Fri,TB,False,False,
CHW-TOR-2021-06-08,3,Tue,CHW,False,False,
TOR-CHW-2021-08-23,4,Mon,TOR,False,False,False
TOR-CHW-2022-05-31,3,Tue,TOR,True,True,
CHW-TOR-2022-06-20,3,Mon,CHW,True,False,
TOR-CHW-2023-04-24,3,Mon,TOR,True,True,
CHW-TOR-2023-07-04,2,Tue,TOR,True,,
TOR-CHW-2024-05-20,3,Mon,TOR,False,False,
CHW-TOR-2024-05-27,3,Mon,TOR,True,True,
TOR-CHW-2025-06-20,3,Fri,CHW,False,False,
CHW-TOR-2025-07-07,3,Mon,TOR,True,False,
MIN-NYY-2021-06-08,3,Tue,NYY,True,False,
NYY-MIN-2021-08-19,3,Thu,NYY,True,True,
MIN-NYY-2022-06-07,3,Tue,NYY,False,False,
NYY-MIN-2022-09-05,3,Mon,NYY,True,False,
NYY-MIN-2023-04-13,4,Thu,MIN,True,False,False
MIN-NYY-2023-04-24,3,Mon,MIN,True,False,
MIN-NYY-2024-05-14,3,Tue,NYY,True,True,
NYY-MIN-2024-06-04,3,Tue,NYY,True,True,
NYY-MIN-2025-08-11,3,Mon,NYY,True,False,
OAK-KC-2021-06-10,4,Thu,KC,False,False,False
KC-OAK-2021-09-14,3,Tue,KC,False,False,
OAK-KC-2022-06-17,3,Fri,KC,True,False,
KC-OAK-2022-06-24,3,Fri,KC,False,False,
KC-OAK-2023-05-05,3,Fri,OAK,True,False,
OAK-KC-2023-08-21,3,Mon,OAK,True,False,
WAS-SF-2021-06-11,3,Fri,SF,False,False,
SF-WAS-2021-07-09,3,Fri,SF,True,True,
WAS-SF-2022-04-22,3,Fri,SF,True,True,
SF-WAS-2022-04-29,3,Fri,WAS,False,False,
SF-WAS-2023-05-08,3,Mon,WAS,False,False,
WAS-SF-2023-07-21,3,Fri,WAS,True,True,
SF-WAS-2024-04-08,3,Mon,WAS,True,False,
WAS-SF-2024-08-05,4,Mon,SF,False,False,False
WAS-SF-2025-05-23,3,Fri,SF,False,False,
SF-WAS-2025-08-08,3,Fri,SF,False,False,
MIN-HOU-2021-06-11,3,Fri,HOU,False,False,
HOU-MIN-2021-08-05,4,Thu,MIN,True,False,False
MIN-HOU-2022-05-10,2,Tue,HOU,True,,
HOU-MIN-2022-08-23,3,Tue,HOU,True,True,
MIN-HOU-2023-04-07,3,Fri,MIN,True,False,
HOU-MIN-2023-05-29,3,Mon,MIN,False,False,
HOU-MIN-2024-05-31,3,Fri,MIN,False,False,
MIN-HOU-2024-07-05,3,Fri,HOU,False,False,
MIN-HOU-2025-04-03,3,Thu,HOU,False,False,
HOU-MIN-2025-06-13,3,Fri,HOU,True,True,
ARI-LAA-2021-06-11,3,Fri,LAA,True,True,
LAA-ARI-2023-06-30,3,Fri,ARI,True,False,
LAD-TEX-2021-06-11,3,Fri,LAD,False,False,
TEX-LAD-2023-07-21,3,Fri,LAD,True,False,
LAD-TEX-2024-06-11,3,Tue,LAD,False,False,
TEX-LAD-2025-04-18,3,Fri,LAD,False,False,
PHI-NYY-2021-06-12,2,Sat,PHI,True,,
NYY-PHI-2021-07-20,2,Tue,NYY,True,,
NYY-PHI-2023-04-03,3,Mon,NYY,False,False,
PHI-NYY-2024-07-29,3,Mon,NYY,True,True,
NYY-PHI-2025-07-25,3,Fri,PHI,True,False,
WAS-PIT-2021-06-14,3,Mon,WAS,True,True,
PIT-WAS-2021-09-10,3,Fri,PIT,True,False,
PIT-WAS-2022-04-14,4,Thu,PIT,False,False,False
WAS-PIT-2022-06-27,3,Mon,WAS,True,False,
WAS-PIT-2023-04-29,2,Sat,PIT,False,,
PIT-WAS-2023-09-11,4,Mon,WAS,False,False,False
WAS-PIT-2024-04-01,3,Mon,PIT,False,False,
PIT-WAS-2024-09-05,3,Thu,PIT,False,False,
PIT-WAS-2025-04-14,4,Mon,PIT,False,False,False
CHW-TB-2021-06-14,3,Mon,TB,False,False,
TB-CHW-2021-08-20,3,Fri,CHW,False,False,
CHW-TB-2022-04-15,3,Fri,CHW,True,False,
TB-CHW-2022-06-03,3,Fri,TB,False,False,
TB-CHW-2023-04-21,3,Fri,TB,True,True,
CHW-TB-2023-04-27,4,Thu,TB,True,True,False
CHW-TB-2024-04-26,3,Fri,CHW,True,True,
TB-CHW-2024-05-06,3,Mon,TB,True,False,
TB-CHW-2025-07-21,3,Mon,CHW,False,False,
LAD-PHI-2021-06-14,3,Mon,LAD,True,False,
PHI-LAD-2021-08-10,3,Tue,LAD,True,False,
LAD-PHI-2022-05-12,4,Thu,PHI,True,True,False
PHI-LAD-2022-05-20,3,Fri,LAD,True,False,
LAD-PHI-2023-05-01,3,Mon,LAD,True,True,
PHI-LAD-2023-06-09,3,Fri,PHI,False,False,
PHI-LAD-2024-07-09,3,Tue,PHI,True,True,
LAD-PHI-2024-08-05,3,Mon,LAD,False,False,
PHI-LAD-2025-04-04,3,Fri,PHI,False,False,
ATL-STL-2021-06-17,3,Thu,ATL,True,False,
STL-ATL-2021-08-03,3,Tue,ATL,True,True,
ATL-STL-2022-07-04,4,Mon,ATL,True,True,False
STL-ATL-2022-08-26,3,Fri,ATL,False,False,
STL-ATL-2023-04-03,3,Mon,ATL,True,True,
ATL-STL-2023-09-05,3,Tue,STL,True,False,
STL-ATL-2024-06-24,2,Mon,STL,False,,
ATL-STL-2024-07-20,2,Sat,ATL,False,,
ATL-STL-2025-04-21,3,Mon,ATL,False,False,
STL-ATL-2025-07-11,3,Fri,ATL,True,False,
HOU-CHW-2021-06-17,4,Thu,HOU,True,True,True
CHW-HOU-2021-07-16,3,Fri,HOU,False,False,
HOU-CHW-2022-06-17,3,Fri,HOU,False,False,
CHW-HOU-2022-08-15,4,Mon,CHW,True,False,False
HOU-CHW-2023-03-30,4,Thu,CHW,False,False,False
CHW-HOU-2023-05-12,3,Fri,HOU,False,False,
CHW-HOU-2024-06-18,3,Tue,CHW,False,False,
HOU-CHW-2024-08-16,3,Fri,CHW,False,False,
CHW-HOU-2025-05-02,3,Fri,CHW,False,False,
HOU-CHW-2025-06-10,3,Tue,CHW,False,False,
SD-CIN-2021-06-17,4,Thu,SD,True,True,True
CIN-SD-2021-06-29,3,Tue,SD,True,False,
SD-CIN-2022-04-18,3,Mon,SD,True,True,
CIN-SD-2022-04-26,3,Tue,SD,True,True,
SD-CIN-2023-05-01,3,Mon,SD,False,False,
CIN-SD-2023-06-30,3,Fri,CIN,False,False,
SD-CIN-2024-04-29,3,Mon,CIN,False,False,
CIN-SD-2024-05-21,3,Tue,CIN,False,False,
CIN-SD-2025-06-27,3,Fri,CIN,False,False,
COL-MIL-2021-06-17,4,Thu,COL,True,False,False
MIL-COL-2021-06-25,3,Fri,MIL,True,True,
MIL-COL-2022-07-22,4,Fri,MIL,True,True,False
COL-MIL-2022-09-05,3,Mon,MIL,False,False,
COL-MIL-2023-05-02,3,Tue,COL,True,True,
MIL-COL-2023-08-07,3,Mon,MIL,False,False,
COL-MIL-2024-07-01,4,Mon,COL,False,False,False
MIL-COL-2024-09-06,3,Fri,COL,False,False,
COL-MIL-2025-04-08,3,Tue,MIL,True,False,
MIL-COL-2025-06-27,3,Fri,MIL,True,False,
LAA-DET-2021-06-17,4,Thu,LAA,True,True,False
DET-LAA-2021-08-17,3,Tue,LAA,True,True,
DET-LAA-2022-08-19,3,Fri,LAA,False,False,
LAA-DET-2022-09-05,3,Mon,LAA,True,False,
DET-LAA-2023-07-25,2,Tue,LAA,True,,
LAA-DET-2023-09-15,3,Fri,DET,True,True,
LAA-DET-2024-06-27,4,Thu,LAA,True,True,False
DET-LAA-2024-08-27,3,Tue,DET,True,False,
LAA-DET-2025-05-01,4,Thu,DET,True,False,False
DET-LAA-2025-08-08,3,Fri,DET,False,False,
SEA-TB-2021-06-17,4,Thu,SEA,True,True,True
TB-SEA-2021-08-02,3,Mon,SEA,True,False,
TB-SEA-2022-04-26,3,Tue,SEA,False,False,
SEA-TB-2022-05-05,4,Thu,TB,True,True,False
SEA-TB-2023-06-30,3,Fri,TB,False,False,
TB-SEA-2023-09-07,4,Thu,SEA,False,False,False
TB-SEA-2024-06-24,3,Mon,TB,True,False,
SEA-TB-2024-08-26,3,Mon,SEA,False,False,
SEA-TB-2025-08-08,3,Fri,SEA,True,True,
NYY-OAK-2021-06-18,3,Fri,OAK,False,False,
OAK-NYY-2021-08-26,4,Thu,NYY,True,False,False
NYY-OAK-2022-06-27,3,Mon,NYY,True,True,
OAK-NYY-2022-08-25,4,Thu,NYY,True,False,False
NYY-OAK-2023-05-08,3,Mon,NYY,True,True,
OAK-NYY-2023-06-27,3,Tue,OAK,False,False,
BAL-TOR-2021-06-18,3,Fri,BAL,False,False,
TOR-BAL-2021-06-24,4,Thu,TOR,False,False,False
BAL-TOR-2021-07-06,2,Tue,BAL,False,,
TOR-BAL-2021-08-30,3,Mon,TOR,False,False,
BAL-TOR-2021-09-10,3,Fri,BAL,False,False,
TOR-BAL-2021-10-01,3,Fri,TOR,True,True,
TOR-BAL-2022-06-13,4,Mon,TOR,False,False,False
BAL-TOR-2022-08-08,2,Mon,BAL,True,,
TOR-BAL-2022-08-15,3,Mon,BAL,True,False,
BAL-TOR-2022-09-05,3,Mon,TOR,False,False,
TOR-BAL-2022-09-16,3,Fri,TOR,True,False,
BAL-TOR-2022-10-03,2,Mon,TOR,False,,
TOR-BAL-2023-05-19,3,Fri,BAL,True,True,
BAL-TOR-2023-06-13,3,Tue,BAL,False,False,
TOR-BAL-2023-07-31,4,Mon,BAL,True,False,False
BAL-TOR-2023-08-22,3,Tue,TOR,False,False,
BAL-TOR-2024-05-13,2,Mon,TOR,False,,
TOR-BAL-2024-06-03,4,Mon,BAL,True,False,False
BAL-TOR-2024-07-29,3,Mon,BAL,True,True,
TOR-BAL-2024-08-06,3,Tue,TOR,False,False,
TOR-BAL-2025-03-27,4,Thu,BAL,False,False,False
BAL-TOR-2025-04-12,2,Sat,BAL,False,,
BAL-TOR-2025-07-28,3,Mon,BAL,True,False,
CHC-MIA-2021-06-18,3,Fri,MIA,True,False,
MIA-CHC-2021-08-13,3,Fri,MIA,True,True,
CHC-MIA-2022-08-05,3,Fri,CHC,True,False,
MIA-CHC-2022-09-19,3,Mon,MIA,False,False,
MIA-CHC-2023-04-28,3,Fri,MIA,True,True,
CHC-MIA-2023-05-05,3,Fri,CHC,True,False,
CHC-MIA-2024-04-19,3,Fri,CHC,False,False,
MIA-CHC-2024-08-23,3,Fri,CHC,True,False,
CHC-MIA-2025-05-12,3,Mon,CHC,True,False,
MIA-CHC-2025-05-19,3,Mon,MIA,False,False,
KC-BOS-2021-06-18,3,Fri,KC,False,False,
BOS-KC-2021-06-28,4,Mon,BOS,True,True,True
KC-BOS-2022-08-04,4,Thu,KC,False,False,False
BOS-KC-2022-09-16,3,Fri,BOS,False,False,
BOS-KC-2023-08-07,4,Mon,BOS,False,False,False
KC-BOS-2023-09-01,3,Fri,KC,False,False,
BOS-KC-2024-07-12,3,Fri,KC,False,False,
KC-BOS-2024-08-05,3,Mon,BOS,True,False,
KC-BOS-2025-05-09,3,Fri,KC,False,False,
BOS-KC-2025-08-04,3,Mon,BOS,True,False,
BAL-HOU-2021-06-21,3,Mon,HOU,True,True,
HOU-BAL-2021-06-28,3,Mon,BAL,True,True,
HOU-BAL-2022-08-26,3,Fri,BAL,True,False,
BAL-HOU-2022-09-22,4,Thu,BAL,True,False,False
BAL-HOU-2023-08-08,3,Tue,HOU,True,False,
HOU-BAL-2023-09-18,3,Mon,BAL,True,False,
HOU-BAL-2024-06-21,3,Fri,HOU,True,True,
BAL-HOU-2024-08-22,4,Thu,HOU,False,False,False
HOU-BAL-2025-08-15,2,Fri,BAL,False,,
TEX-OAK-2021-06-21,4,Mon,TEX,False,False,False
OAK-TEX-2021-06-29,3,Tue,TEX,False,False,
TEX-OAK-2021-07-09,3,Fri,TEX,False,False,
OAK-TEX-2021-08-06,3,Fri,OAK,True,True,
TEX-OAK-2021-08-13,3,Fri,TEX,False,False,
OAK-TEX-2021-09-10,3,Fri,OAK,False,False,
OAK-TEX-2022-04-22,3,Fri,TEX,True,False,
OAK-TEX-2022-05-26,4,Thu,TEX,True,True,False
TEX-OAK-2022-07-11,3,Mon,TEX,False,False,
OAK-TEX-2022-07-22,3,Fri,OAK,True,False,
TEX-OAK-2022-08-15,4,Mon,TEX,False,False,False
TEX-OAK-2022-09-13,2,Tue,TEX,False,,
TEX-OAK-2023-04-21,3,Fri,OAK,False,False,
OAK-TEX-2023-05-11,4,Thu,TEX,False,False,False
OAK-TEX-2023-08-07,3,Mon,TEX,True,False,
TEX-OAK-2023-09-08,3,Fri,OAK,False,False,
MIN-CIN-2021-06-21,2,Mon,MIN,False,,
CIN-MIN-2021-08-03,2,Tue,MIN,False,,
CIN-MIN-2023-09-18,3,Mon,CIN,False,False,
MIN-CIN-2024-09-13,3,Fri,CIN,True,False,
CIN-MIN-2025-06-17,3,Tue,CIN,True,False,
NYY-KC-2021-06-22,3,Tue,KC,False,False,
KC-NYY-2021-08-09,3,Mon,NYY,False,False,
KC-NYY-2022-04-29,3,Fri,NYY,True,True,
NYY-KC-2022-07-28,4,Thu,NYY,True,True,False
NYY-KC-2023-07-21,3,Fri,NYY,True,True,
KC-NYY-2023-09-29,3,Fri,KC,False,False,
KC-NYY-2024-06-10,4,Mon,NYY,True,True,False
NYY-KC-2024-09-09,3,Mon,NYY,False,False,
NYY-KC-2025-04-14,3,Mon,NYY,True,True,
KC-NYY-2025-06-10,3,Tue,NYY,True,True,
PIT-CHW-2021-06-22,2,Tue,PIT,False,,
CHW-PIT-2021-08-31,2,Tue,CHW,True,,
PIT-CHW-2023-04-07,3,Fri,PIT,False,False,
CHW-PIT-2024-07-12,3,Fri,PIT,True,True,
PIT-CHW-2025-07-18,3,Fri,CHW,True,True,
DET-STL-2021-06-22,2,Tue,DET,True,,
STL-DET-2021-08-24,2,Tue,DET,False,,
STL-DET-2023-05-05,3,Fri,DET,True,False,
DET-STL-2024-04-30,2,Tue,STL,False,,
STL-DET-2025-05-19,3,Mon,STL,False,False,
SEA-COL-2021-06-22,2,Tue,SEA,False,,
COL-SEA-2021-07-20,2,Tue,SEA,False,,
SEA-COL-2023-04-14,3,Fri,SEA,True,True,
COL-SEA-2024-04-20,2,Sat,SEA,False,,
CIN-ATL-2021-06-24,4,Thu,CIN,False,False,False
ATL-CIN-2021-08-10,3,Tue,ATL,True,False,
ATL-CIN-2022-04-07,4,Thu,CIN,False,False,False
CIN-ATL-2022-07-01,3,Fri,ATL,True,False,
ATL-CIN-2023-04-10,3,Mon,ATL,True,True,
CIN-ATL-2023-06-23,3,Fri,CIN,False,False,
ATL-CIN-2024-07-22,2,Mon,CIN,True,,
CIN-ATL-2024-09-17,3,Tue,CIN,False,False,
ATL-CIN-2025-05-05,4,Mon,ATL,True,False,False
CIN-ATL-2025-07-31,3,Thu,ATL,False,False,
SF-OAK-2021-06-25,3,Fri,SF,True,False,
OAK-SF-2021-08-20,3,Fri,OAK,False,False,
SF-OAK-2022-04-26,2,Tue,SF,False,,
OAK-SF-2022-08-06,2,Sat,SF,True,,
SF-OAK-2023-07-25,2,Tue,SF,True,,
OAK-SF-2023-08-05,2,Sat,OAK,True,,
NYY-LAA-2021-06-28,3,Mon,LAA,False,False,
LAA-NYY-2021-08-30,3,Mon,LAA,True,False,
NYY-LAA-2022-05-31,2,Tue,NYY,True,,
LAA-NYY-2022-08-29,3,Mon,LAA,False,False,
NYY-LAA-2023-04-18,3,Tue,LAA,False,False,
LAA-NYY-2023-07-17,3,Mon,LAA,True,True,
LAA-NYY-2024-05-28,3,Tue,LAA,False,False,
NYY-LAA-2024-08-07,2,Wed,NYY,False,,
LAA-NYY-2025-05-26,3,Mon,NYY,True,True,
NYY-LAA-2025-06-16,4,Mon,LAA,True,True,False
TOR-SEA-2021-06-29,3,Tue,TOR,False,False,
SEA-TOR-2021-08-13,3,Fri,SEA,True,False,
TOR-SEA-2022-05-16,3,Mon,TOR,True,False,
SEA-TOR-2022-07-07,4,Thu,SEA,True,True,True
TOR-SEA-2023-04-28,3,Fri,TOR,True,False,
SEA-TOR-2023-07-21,3,Fri,SEA,True,False,
TOR-SEA-2024-04-08,3,Mon,TOR,True,False,
SEA-TOR-2024-07-05,3,Fri,SEA,False,False,
TOR-SEA-2025-04-18,3,Fri,TOR,False,False,
SEA-TOR-2025-05-09,3,Fri,TOR,True,True,
PHI-SD-2021-07-02,3,Fri,PHI,True,False,
SD-PHI-2021-08-20,3,Fri,PHI,False,False,
PHI-SD-2022-05-17,3,Tue,SD,False,False,
SD-PHI-2022-06-23,4,Thu,PHI,False,False,False
PHI-SD-2023-07-14,3,Fri,SD,False,False,
SD-PHI-2023-09-04,3,Mon,PHI,False,False,
SD-PHI-2024-04-26,3,Fri,PHI,True,True,
PHI-SD-2024-06-17,3,Mon,PHI,True,False,
PHI-SD-2025-06-30,2,Mon,PHI,False,,
SD-PHI-2025-07-11,3,Fri,SD,True,False,
LAA-BAL-2021-07-02,3,Fri,LAA,True,True,
BAL-LAA-2021-08-24,3,Tue,LAA,False,False,
LAA-BAL-2022-04-22,3,Fri,BAL,True,False,
BAL-LAA-2022-07-07,4,Thu,BAL,True,True,True
BAL-LAA-2023-05-15,4,Mon,LAA,False,False,False
LAA-BAL-2023-09-04,3,Mon,BAL,True,True,
BAL-LAA-2024-03-28,3,Thu,BAL,True,False,
LAA-BAL-2024-04-22,3,Mon,BAL,False,False,
LAA-BAL-2025-05-09,3,Fri,BAL,False,False,
BAL-LAA-2025-06-13,3,Fri,BAL,True,True,
NYY-NYM-2021-07-03,2,Sat,NYM,True,,
NYM-NYY-2021-09-10,3,Fri,NYM,False,False,
NYM-NYY-2022-07-26,2,Tue,NYM,True,,
NYY-NYM-2022-08-22,2,Mon,NYY,True,,
NYM-NYY-2023-06-13,2,Tue,NYY,False,,
NYY-NYM-2023-07-25,2,Tue,NYM,False,,
NYM-NYY-2024-06-25,2,Tue,NYM,True,,
NYY-NYM-2024-07-23,2,Tue,NYM,True,,
NYY-NYM-2025-05-16,3,Fri,NYY,False,False,
NYM-NYY-2025-07-04,3,Fri,NYM,True,False,
SF-STL-2021-07-05,3,Mon,STL,True,False,
STL-SF-2021-07-16,3,Fri,SF,False,False,
SF-STL-2022-05-05,4,Thu,STL,True,False,False
STL-SF-2022-05-13,3,Fri,SF,False,False,
SF-STL-2023-04-24,4,Mon,SF,True,True,False
STL-SF-2023-06-12,3,Mon,SF,True,True,
STL-SF-2024-06-20,3,Thu,STL,True,True,
SF-STL-2024-09-27,3,Fri,STL,False,False,
NYM-MIL-2021-07-05,2,Mon,NYM,True,,
MIL-NYM-2021-09-25,2,Sat,MIL,True,,
NYM-MIL-2022-06-14,3,Tue,NYM,False,False,
MIL-NYM-2022-09-19,3,Mon,NYM,True,False,
MIL-NYM-2023-04-03,3,Mon,MIL,True,True,
NYM-MIL-2023-06-26,4,Mon,MIL,False,False,False
NYM-MIL-2024-03-29,3,Fri,MIL,True,True,
MIL-NYM-2024-09-27,3,Fri,MIL,True,False,
NYM-MIL-2025-07-02,2,Wed,MIL,False,,
MIL-NYM-2025-08-08,3,Fri,MIL,True,True,
TEX-DET-2021-07-05,3,Mon,DET,False,False,
DET-TEX-2021-07-19,4,Mon,DET,True,True,True
DET-TEX-2022-06-16,4,Thu,TEX,True,False,False
TEX-DET-2022-08-26,3,Fri,TEX,False,False,
DET-TEX-2023-05-29,3,Mon,TEX,True,False,
TEX-DET-2023-06-26,4,Mon,DET,False,False,False
DET-TEX-2024-04-15,4,Mon,TEX,False,False,False
TEX-DET-2024-06-03,3,Mon,DET,True,False,
DET-TEX-2025-05-09,3,Fri,DET,False,False,
TEX-DET-2025-07-18,3,Fri,TEX,True,False,
CHC-PHI-2021-07-05,4,Mon,PHI,True,False,False
PHI-CHC-2021-09-14,3,Tue,CHC,False,False,
PHI-CHC-2022-07-22,3,Fri,CHC,True,True,
CHC-PHI-2022-09-27,3,Tue,CHC,True,True,
PHI-CHC-2023-05-19,3,Fri,CHC,False,False,
CHC-PHI-2023-06-27,3,Tue,PHI,True,True,
CHC-PHI-2024-07-02,3,Tue,PHI,True,False,
PHI-CHC-2024-09-23,3,Mon,PHI,False,False,
CHC-PHI-2025-04-25,3,Fri,CHC,False,False,
PHI-CHC-2025-06-09,3,Mon,PHI,False,False,
KC-CIN-2021-07-05,3,Mon,CIN,False,False,
KC-CIN-2023-06-12,3,Mon,CIN,True,True,
CIN-KC-2024-08-16,3,Fri,KC,True,True,
KC-CIN-2025-05-26,3,Mon,CIN,True,False,
SD-WAS-2021-07-05,4,Mon,WAS,False,False,False
WAS-SD-2021-07-16,2,Fri,SD,True,,
WAS-SD-2022-08-12,3,Fri,SD,False,False,
SD-WAS-2022-08-18,4,Thu,WAS,True,False,False
WAS-SD-2023-05-23,3,Tue,SD,False,False,
SD-WAS-2023-06-23,3,Fri,SD,False,False,
SD-WAS-2024-06-24,3,Mon,SD,True,True,
WAS-SD-2024-07-23,3,Tue,SD,True,True,
SD-WAS-2025-06-23,3,Mon,WAS,False,False,
WAS-SD-2025-07-18,3,Fri,SD,False,False,
SEA-NYY-2021-07-06,3,Tue,NYY,True,False,
NYY-SEA-2021-08-05,4,Thu,NYY,True,True,False
NYY-SEA-2022-08-01,3,Mon,NYY,False,False,
SEA-NYY-2022-08-08,3,Mon,NYY,False,False,
SEA-NYY-2023-05-29,3,Mon,NYY,True,False,
NYY-SEA-2023-06-20,3,Tue,NYY,True,False,
NYY-SEA-2024-05-20,4,Mon,SEA,True,False,False
SEA-NYY-2024-09-17,3,Tue,NYY,True,False,
SEA-NYY-2025-05-12,3,Mon,NYY,False,False,
NYY-SEA-2025-07-08,3,Tue,NYY,True,True,
NYM-PIT-2021-07-09,3,Fri,NYM,False,False,
PIT-NYM-2021-07-16,3,Fri,PIT,True,False,
PIT-NYM-2022-09-06,2,Tue,PIT,False,,
NYM-PIT-2022-09-15,4,Thu,NYM,True,True,True
PIT-NYM-2023-06-09,3,Fri,PIT,False,False,
NYM-PIT-2023-08-14,3,Mon,NYM,False,False,
NYM-PIT-2024-04-15,3,Mon,NYM,True,True,
PIT-NYM-2024-07-05,4,Fri,PIT,False,False,False
NYM-PIT-2025-05-12,3,Mon,NYM,True,False,
PIT-NYM-2025-06-27,3,Fri,PIT,True,True,
ATL-TB-2021-07-16,3,Fri,TB,False,False,
TB-ATL-2023-07-07,3,Fri,ATL,True,False,
ATL-TB-2024-06-14,3,Fri,ATL,True,False,
TB-ATL-2025-04-11,3,Fri,TB,False,False,
KC-BAL-2021-07-16,3,Fri,KC,False,False,
BAL-KC-2021-09-06,4,Mon,KC,False,False,False
BAL-KC-2022-05-08,2,Sun,KC,False,,
KC-BAL-2022-06-09,4,Thu,KC,True,False,False
KC-BAL-2023-05-02,3,Tue,BAL,False,False,
BAL-KC-2023-06-09,3,Fri,BAL,True,True,
BAL-KC-2024-04-01,3,Mon,BAL,False,False,
KC-BAL-2024-04-19,3,Fri,KC,False,False,
KC-BAL-2025-04-04,3,Fri,KC,False,False,
BAL-KC-2025-05-02,3,Fri,BAL,False,False,
ARI-CHC-2021-07-16,3,Fri,CHC,True,False,
CHC-ARI-2021-07-23,3,Fri,CHC,False,False,
ARI-CHC-2022-05-13,3,Fri,ARI,False,False,
CHC-ARI-2022-05-19,4,Thu,ARI,True,True,False
CHC-ARI-2023-09-07,4,Thu,ARI,True,True,False
ARI-CHC-2023-09-15,3,Fri,ARI,True,True,
CIN-NYM-2021-07-19,3,Mon,NYM,False,False,
NYM-CIN-2021-07-30,3,Fri,CIN,False,False,
CIN-NYM-2022-07-04,3,Mon,NYM,False,False,
NYM-CIN-2022-08-08,3,Mon,NYM,True,True,
CIN-NYM-2023-05-09,3,Tue,CIN,False,False,
NYM-CIN-2023-09-15,3,Fri,CIN,True,False,
CIN-NYM-2024-04-05,3,Fri,NYM,False,False,
NYM-CIN-2024-09-06,3,Fri,NYM,True,False,
NYM-CIN-2025-07-18,3,Fri,CIN,True,False,
ARI-PIT-2021-07-19,3,Mon,ARI,True,True,
PIT-ARI-2021-08-23,3,Mon,PIT,True,False,
PIT-ARI-2022-06-03,3,Fri,ARI,False,False,
ARI-PIT-2022-08-08,4,Mon,ARI,True,False,False
PIT-ARI-2023-05-19,3,Fri,PIT,False,False,
ARI-PIT-2023-07-07,3,Fri,ARI,True,False,
ATL-SD-2021-07-20,2,Tue,ATL,False,,
SD-ATL-2021-09-25,2,Sat,ATL,True,,
SD-ATL-2022-04-14,4,Thu,SD,False,False,False
ATL-SD-2022-05-13,3,Fri,SD,False,False,
ATL-SD-2023-04-06,4,Thu,ATL,False,False,False
SD-ATL-2023-04-17,3,Mon,ATL,True,False,
ATL-SD-2024-05-17,3,Fri,SD,True,True,
SD-ATL-2024-07-12,3,Fri,ATL,False,False,
SD-ATL-2025-03-27,4,Thu,SD,True,True,True
ATL-SD-2025-05-23,3,Fri,SD,False,False,
MIA-SD-2021-07-22,4,Thu,SD,True,False,False
SD-MIA-2021-08-09,3,Mon,SD,True,False,
SD-MIA-2022-05-05,4,Thu,SD,True,False,False
MIA-SD-2022-08-15,3,Mon,MIA,True,False,
MIA-SD-2023-05-30,3,Tue,SD,False,False,
SD-MIA-2023-08-21,3,Mon,SD,False,False,
SD-MIA-2024-05-27,3,Mon,SD,True,False,
MIA-SD-2024-08-09,3,Fri,SD,True,False,
SD-MIA-2025-05-26,3,Mon,SD,True,False,
MIA-SD-2025-07-21,3,Mon,SD,False,False,
NYM-TOR-2021-07-23,3,Fri,NYM,False,False,
NYM-TOR-2023-06-02,3,Fri,TOR,True,True,
TOR-NYM-2024-09-09,3,Mon,NYM,False,False,
NYM-TOR-2025-04-04,3,Fri,NYM,True,True,
MIL-CHW-2021-07-23,3,Fri,MIL,True,False,
CHW-MIL-2023-08-11,3,Fri,MIL,True,True,
MIL-CHW-2024-05-31,3,Fri,MIL,True,True,
CHW-MIL-2025-04-29,3,Tue,MIL,True,False,
LAA-COL-2021-07-26,3,Mon,LAA,False,False,
COL-LAA-2023-06-23,3,Fri,COL,False,False,
LAA-COL-2024-07-30,3,Tue,LAA,False,False,
TEX-ARI-2021-07-27,2,Tue,TEX,False,,
ARI-TEX-2021-09-07,2,Tue,TEX,True,,
TEX-ARI-2023-05-02,2,Tue,TEX,False,,
ARI-TEX-2023-08-21,2,Mon,ARI,True,,
SD-OAK-2021-07-27,2,Tue,SD,False,,
OAK-SD-2021-08-03,2,Tue,SD,False,,
OAK-SD-2023-09-15,3,Fri,SD,True,True,
DET-BAL-2021-07-29,4,Thu,DET,False,False,False
BAL-DET-2021-08-10,3,Tue,DET,True,True,
DET-BAL-2022-05-13,3,Fri,DET,True,True,
BAL-DET-2022-09-19,3,Mon,DET,True,False,
BAL-DET-2023-04-21,3,Fri,BAL,True,True,
DET-BAL-2023-04-27,3,Thu,BAL,False,False,
DET-BAL-2024-09-13,3,Fri,DET,False,False,
BAL-DET-2024-09-20,3,Fri,BAL,False,False,
DET-BAL-2025-04-26,2,Sat,DET,True,,
BAL-DET-2025-06-10,3,Tue,DET,False,False,
PIT-PHI-2021-07-30,3,Fri,PIT,True,False,
PHI-PIT-2021-09-23,3,Thu,PHI,True,False,
PIT-PHI-2022-07-28,4,Thu,PHI,True,True,True
PHI-PIT-2022-08-26,3,Fri,PHI,True,False,
PIT-PHI-2023-07-28,3,Fri,PHI,False,False,
PHI-PIT-2023-09-26,3,Tue,PHI,True,False,
PHI-PIT-2024-04-11,4,Thu,PHI,False,False,False
PIT-PHI-2024-07-19,3,Fri,PIT,True,False,
PHI-PIT-2025-05-16,3,Fri,PHI,True,True,
PIT-PHI-2025-06-06,3,Fri,PIT,True,True,
MIA-NYY-2021-07-30,3,Fri,NYY,True,True,
MIA-NYY-2023-08-11,3,Fri,NYY,False,False,
NYY-MIA-2024-04-08,3,Mon,NYY,True,False,
MIA-NYY-2025-08-01,3,Fri,MIA,True,True,
STL-MIN-2021-07-30,3,Fri,STL,False,False,
STL-MIN-2023-08-01,3,Tue,MIN,False,False,
MIN-STL-2024-08-23,3,Fri,STL,False,False,
STL-MIN-2025-03-27,3,Thu,STL,True,True,
SF-HOU-2021-07-30,3,Fri,HOU,False,False,
HOU-SF-2023-05-01,3,Mon,HOU,False,False,
SF-HOU-2024-06-10,3,Mon,SF,False,False,
HOU-SF-2025-03-31,3,Mon,SF,True,True,
COL-CHC-2021-08-03,3,Tue,COL,False,False,
CHC-COL-2021-08-23,2,Mon,CHC,True,,
COL-CHC-2022-04-14,4,Thu,CHC,False,False,False
CHC-COL-2022-09-16,3,Fri,CHC,False,False,
COL-CHC-2023-09-11,3,Mon,CHC,False,False,
CHC-COL-2023-09-22,3,Fri,CHC,True,True,
CHC-COL-2024-04-01,3,Mon,CHC,True,True,
COL-CHC-2024-09-13,3,Fri,COL,True,False,
CHC-COL-2025-05-26,3,Mon,CHC,True,True,
CHC-CHW-2021-08-06,3,Fri,CHW,True,True,
CHW-CHC-2021-08-27,3,Fri,CHW,False,False,
CHC-CHW-2022-05-03,2,Tue,CHW,True,,
CHW-CHC-2022-05-28,2,Sat,CHC,False,,
CHW-CHC-2023-07-25,2,Tue,CHC,True,,
CHC-CHW-2023-08-15,2,Tue,CHW,False,,
CHC-CHW-2024-06-04,2,Tue,CHC,True,,
CHW-CHC-2024-08-09,2,Fri,CHC,True,,
CHC-CHW-2025-05-16,3,Fri,CHC,True,True,
CHW-CHC-2025-07-25,3,Fri,CHW,False,False,
MIL-SF-2021-08-06,3,Fri,MIL,False,False,
SF-MIL-2021-08-30,4,Mon,MIL,True,True,False
SF-MIL-2022-07-14,4,Thu,MIL,False,False,False
SF-MIL-2023-05-05,3,Fri,SF,True,False,
MIL-SF-2023-05-25,4,Thu,SF,True,True,False
MIL-SF-2024-08-27,3,Tue,SF,False,False,
SF-MIL-2024-09-10,3,Tue,MIL,False,False,
SF-MIL-2025-04-21,4,Mon,SF,False,False,False
STL-KC-2021-08-06,3,Fri,STL,True,False,
KC-STL-2021-08-13,3,Fri,STL,True,True,
KC-STL-2022-05-03,2,Tue,KC,False,,
STL-KC-2023-05-29,2,Mon,KC,False,,
KC-STL-2023-08-11,2,Fri,KC,False,,
KC-STL-2024-08-09,2,Fri,STL,False,,
KC-STL-2025-05-16,3,Fri,STL,True,False,
STL-KC-2025-06-03,2,Tue,KC,False,,
NYM-LAD-2021-08-13,3,Fri,LAD,True,True,
LAD-NYM-2021-08-19,4,Thu,LAD,True,True,False
LAD-NYM-2022-06-02,4,Thu,LAD,True,False,False
NYM-LAD-2022-08-30,3,Tue,LAD,False,False,
LAD-NYM-2023-04-17,3,Mon,NYM,False,False,
NYM-LAD-2023-07-14,3,Fri,LAD,True,False,
LAD-NYM-2024-04-19,3,Fri,NYM,True,False,
NYM-LAD-2024-05-28,2,Tue,LAD,True,,
NYM-LAD-2025-05-23,3,Fri,LAD,False,False,
LAD-NYM-2025-06-02,4,Mon,NYM,False,False,False
MIN-TB-2021-08-13,3,Fri,TB,False,False,
TB-MIN-2021-09-03,3,Fri,TB,True,False,
TB-MIN-2022-04-29,3,Fri,TB,False,False,
MIN-TB-2022-06-10,3,Fri,MIN,True,False,
TB-MIN-2023-06-06,3,Tue,TB,True,True,
MIN-TB-2023-09-11,3,Mon,TB,False,False,
MIN-TB-2024-06-18,3,Tue,MIN,False,False,
TB-MIN-2024-09-02,4,Mon,MIN,False,False,False
TB-MIN-2025-05-26,3,Mon,TB,False,False,
MIN-TB-2025-07-04,3,Fri,MIN,True,False,
CHW-OAK-2021-08-16,4,Mon,CHW,True,True,False
OAK-CHW-2021-09-07,3,Tue,CHW,False,False,
CHW-OAK-2022-07-29,3,Fri,OAK,False,False,
OAK-CHW-2022-09-08,4,Thu,CHW,True,True,False
OAK-CHW-2023-06-30,3,Fri,OAK,True,False,
CHW-OAK-2023-08-24,4,Thu,OAK,True,False,False
KC-HOU-2021-08-16,4,Mon,KC,True,True,False
HOU-KC-2021-08-23,3,Mon,KC,False,False,
KC-HOU-2022-06-03,3,Fri,HOU,False,False,
HOU-KC-2022-07-04,4,Mon,HOU,True,False,False
KC-HOU-2023-09-15,3,Fri,KC,True,False,
HOU-KC-2023-09-22,3,Fri,KC,True,True,
KC-HOU-2024-04-09,3,Tue,KC,True,True,
HOU-KC-2024-08-29,4,Thu,HOU,True,True,True
KC-HOU-2025-04-25,3,Fri,KC,True,False,
HOU-KC-2025-05-12,3,Mon,KC,False,False,
SF-NYM-2021-08-16,3,Mon,SF,True,False,
NYM-SF-2021-08-24,3,Tue,SF,True,True,
NYM-SF-2022-04-19,3,Tue,NYM,False,False,
SF-NYM-2022-05-23,3,Mon,NYM,False,False,
SF-NYM-2023-04-20,4,Thu,NYM,True,False,False
NYM-SF-2023-06-30,3,Fri,SF,False,False,
SF-NYM-2024-04-22,3,Mon,SF,True,False,
NYM-SF-2024-05-24,3,Fri,SF,True,False,
SF-NYM-2025-07-25,3,Fri,NYM,True,True,
NYM-SF-2025-08-01,3,Fri,SF,False,False,
ARI-PHI-2021-08-17,3,Tue,ARI,True,True,
PHI-ARI-2021-08-26,4,Thu,ARI,False,False,False
PHI-ARI-2022-06-10,3,Fri,PHI,True,False,
ARI-PHI-2022-08-29,3,Mon,ARI,True,False,
PHI-ARI-2023-05-22,3,Mon,ARI,True,False,
ARI-PHI-2023-06-12,4,Mon,ARI,False,False,False
CIN-MIA-2021-08-19,4,Thu,CIN,True,True,True
MIA-CIN-2021-08-27,3,Fri,CIN,False,False,
CIN-MIA-2022-07-25,4,Mon,CIN,False,False,False
MIA-CIN-2022-08-01,3,Mon,CIN,True,False,
MIA-CIN-2023-05-12,3,Fri,CIN,True,False,
CIN-MIA-2023-08-07,3,Mon,CIN,False,False,
CIN-MIA-2024-07-12,3,Fri,CIN,True,False,
MIA-CIN-2024-08-05,4,Mon,CIN,True,False,False
MIA-CIN-2025-04-21,3,Mon,MIA,True,False,
CIN-MIA-2025-07-07,4,Mon,MIA,True,False,False
CHC-KC-2021-08-20,3,Fri,KC,True,True,
CHC-KC-2023-08-18,3,Fri,KC,False,False,
KC-CHC-2024-07-26,3,Fri,KC,False,False,
CHC-KC-2025-07-21,3,Mon,KC,False,False,
BAL-ATL-2021-08-20,3,Fri,ATL,True,True,
ATL-BAL-2023-05-05,3,Fri,BAL,False,False,
BAL-ATL-2024-06-11,3,Tue,BAL,True,False,
ATL-BAL-2025-07-04,3,Fri,BAL,True,True,
TOR-DET-2021-08-20,3,Fri,DET,False,False,
DET-TOR-2021-08-27,3,Fri,DET,False,False,
DET-TOR-2022-06-10,3,Fri,TOR,False,False,
TOR-DET-2022-07-28,4,Thu,TOR,False,False,False
TOR-DET-2023-04-11,3,Tue,TOR,True,False,
DET-TOR-2023-07-07,3,Fri,TOR,False,False,
DET-TOR-2024-05-23,4,Thu,TOR,False,False,False
TOR-DET-2024-07-19,3,Fri,DET,True,False,
TOR-DET-2025-05-16,3,Fri,DET,False,False,
DET-TOR-2025-07-24,4,Thu,TOR,True,True,False
SEA-KC-2021-08-26,4,Thu,KC,True,True,False
KC-SEA-2021-09-17,3,Fri,SEA,False,False,
SEA-KC-2022-04-22,3,Fri,SEA,True,True,
KC-SEA-2022-09-23,3,Fri,KC,False,False,
KC-SEA-2023-08-14,4,Mon,KC,False,False,False
SEA-KC-2023-08-25,3,Fri,SEA,True,True,
SEA-KC-2024-05-13,3,Mon,SEA,False,False,
KC-SEA-2024-06-07,3,Fri,KC,True,False,
SEA-KC-2025-06-30,4,Mon,SEA,False,False,False
ATL-SF-2021-08-27,3,Fri,ATL,False,False,
SF-ATL-2021-09-17,3,Fri,SF,True,False,
ATL-SF-2022-06-20,4,Mon,ATL,False,False,False
SF-ATL-2022-09-12,3,Mon,SF,False,False,
ATL-SF-2023-08-18,3,Fri,ATL,True,False,
SF-ATL-2023-08-25,3,Fri,ATL,True,False,
ATL-SF-2024-07-02,3,Tue,SF,False,False,
SF-ATL-2024-08-12,4,Mon,ATL,True,True,False
SF-ATL-2025-06-06,3,Fri,SF,True,True,
ATL-SF-2025-07-21,3,Mon,ATL,False,False,
LAA-SD-2021-08-27,2,Fri,SD,False,,
SD-LAA-2021-09-07,2,Tue,LAA,False,,
SD-LAA-2023-07-03,3,Mon,SD,True,True,
LAA-SD-2024-06-03,3,Mon,LAA,True,True,
SD-LAA-2025-05-12,3,Mon,LAA,False,False,
MIN-CHC-2021-08-31,2,Tue,CHC,True,,
CHC-MIN-2021-09-21,2,Tue,MIN,True,,
MIN-CHC-2023-05-12,3,Fri,CHC,False,False,
CHC-MIN-2024-08-05,3,Mon,MIN,False,False,
MIN-CHC-2025-07-08,3,Tue,MIN,True,False,
COL-ATL-2021-09-02,4,Thu,ATL,False,False,False
ATL-COL-2021-09-14,2,Tue,COL,True,,
COL-ATL-2022-06-02,4,Thu,ATL,True,True,True
ATL-COL-2022-08-30,3,Tue,COL,False,False,
ATL-COL-2023-06-15,4,Thu,ATL,True,True,True
COL-ATL-2023-08-28,3,Mon,ATL,True,True,
COL-ATL-2024-08-09,3,Fri,COL,False,False,
ATL-COL-2024-09-03,3,Tue,ATL,True,False,
COL-ATL-2025-04-28,3,Mon,ATL,True,False,
ATL-COL-2025-06-13,3,Fri,ATL,True,False,
CIN-DET-2021-09-03,3,Fri,DET,False,False,
DET-CIN-2023-09-12,3,Tue,CIN,True,False,
CIN-DET-2024-07-05,3,Fri,DET,True,True,
DET-CIN-2025-06-13,3,Fri,DET,False,False,
ARI-SEA-2021-09-03,3,Fri,SEA,True,True,
SEA-ARI-2021-09-10,3,Fri,SEA,False,False,
ARI-SEA-2023-07-28,3,Fri,SEA,False,False,
DET-TB-2021-09-10,3,Fri,DET,False,False,
TB-DET-2021-09-16,4,Thu,TB,True,False,False
TB-DET-2022-05-16,3,Mon,DET,False,False,
DET-TB-2022-08-04,4,Thu,TB,True,False,False
TB-DET-2023-03-30,3,Thu,TB,True,True,
DET-TB-2023-08-04,3,Fri,TB,False,False,
TB-DET-2024-04-22,3,Mon,DET,True,False,
DET-TB-2024-09-24,3,Tue,DET,True,True,
TB-DET-2025-06-20,3,Fri,TB,True,False,
DET-TB-2025-07-07,3,Mon,DET,True,False,
WAS-COL-2021-09-17,3,Fri,COL,True,False,
COL-WAS-2021-09-27,3,Mon,WAS,False,False,
COL-WAS-2022-05-03,3,Tue,WAS,False,False,
WAS-COL-2022-05-26,3,Thu,WAS,True,True,
COL-WAS-2023-04-06,4,Thu,COL,False,False,False
WAS-COL-2023-07-24,3,Mon,COL,False,False,
COL-WAS-2024-06-21,3,Fri,WAS,False,False,
WAS-COL-2024-08-20,3,Tue,COL,False,False,
COL-WAS-2025-04-19,2,Sat,WAS,True,,
WAS-COL-2025-06-16,4,Mon,COL,True,True,False
TOR-MIN-2021-09-17,3,Fri,MIN,False,False,
MIN-TOR-2021-09-23,3,Thu,MIN,False,False,
TOR-MIN-2022-06-03,3,Fri,MIN,False,False,
MIN-TOR-2022-08-04,4,Thu,TOR,False,False,False
MIN-TOR-2023-05-26,3,Fri,TOR,False,False,
TOR-MIN-2023-06-09,3,Fri,MIN,True,False,
TOR-MIN-2024-05-10,3,Fri,MIN,False,False,
MIN-TOR-2024-08-30,3,Fri,MIN,False,False,
MIN-TOR-2025-06-06,3,Fri,TOR,True,False,
HOU-ARI-2021-09-17,3,Fri,HOU,False,False,
ARI-HOU-2022-04-12,2,Tue,HOU,False,,
HOU-ARI-2022-09-27,2,Tue,HOU,False,,
ARI-HOU-2023-09-29,3,Fri,HOU,True,True,
PHI-BAL-2021-09-20,3,Mon,BAL,False,False,
PHI-BAL-2023-07-24,3,Mon,BAL,False,False,
BAL-PHI-2024-06-14,3,Fri,PHI,False,False,
PHI-BAL-2025-08-04,3,Mon,PHI,True,False,
WAS-BOS-2021-10-01,3,Fri,BOS,True,True,
WAS-BOS-2023-08-15,3,Tue,BOS,False,False,
BOS-WAS-2024-05-10,3,Fri,WAS,False,False,
WAS-BOS-2025-07-04,3,Fri,BOS,True,True,
KC-CLE-2022-04-07,4,Thu,KC,True,False,False
CLE-KC-2022-05-30,3,Mon,CLE,True,True,
KC-CLE-2022-07-08,3,Fri,KC,False,False,
KC-CLE-2022-09-05,3,Mon,CLE,True,False,
CLE-KC-2022-09-30,6,Fri,CLE,False,False,False
KC-CLE-2023-06-27,3,Tue,CLE,True,False,
CLE-KC-2023-07-06,4,Thu,CLE,True,True,False
CLE-KC-2023-07-24,3,Mon,KC,False,False,
KC-CLE-2023-09-18,3,Mon,KC,True,True,
CLE-KC-2024-06-04,2,Tue,CLE,False,,
KC-CLE-2024-06-27,4,Thu,KC,True,False,False
CLE-KC-2024-08-26,3,Mon,KC,True,False,
KC-CLE-2024-09-02,3,Mon,CLE,True,False,
KC-CLE-2025-03-27,3,Thu,CLE,False,False,
CLE-KC-2025-04-11,3,Fri,CLE,True,False,
KC-CLE-2025-07-26,2,Sat,KC,True,,
PHI-OAK-2022-04-08,3,Fri,PHI,True,False,
OAK-PHI-2023-06-16,3,Fri,PHI,True,True,
BAL-MIL-2022-04-11,3,Mon,BAL,False,False,
MIL-BAL-2023-06-06,3,Tue,MIL,True,False,
BAL-MIL-2024-04-12,3,Fri,MIL,True,False,
MIL-BAL-2025-05-19,3,Mon,MIL,True,False,
LAA-MIA-2022-04-11,2,Mon,LAA,True,,
MIA-LAA-2022-07-05,2,Tue,MIA,False,,
LAA-MIA-2023-05-26,3,Fri,MIA,True,True,
MIA-LAA-2024-04-01,3,Mon,LAA,True,True,
LAA-MIA-2025-05-23,3,Fri,LAA,False,False,
CIN-CLE-2022-04-12,2,Tue,CLE,True,,
CLE-CIN-2022-05-17,2,Tue,CIN,True,,
CIN-CLE-2023-08-15,2,Tue,CLE,False,,
CLE-CIN-2023-09-26,2,Tue,CIN,False,,
CIN-CLE-2024-06-11,2,Tue,CLE,False,,
CLE-CIN-2024-09-24,2,Tue,CLE,True,,
CIN-CLE-2025-05-16,3,Fri,CIN,True,True,
CLE-CIN-2025-06-09,3,Mon,CIN,True,False,
MIN-LAD-2022-04-12,2,Tue,LAD,True,,
LAD-MIN-2022-08-09,2,Tue,LAD,True,,
LAD-MIN-2023-05-15,3,Mon,LAD,False,False,
MIN-LAD-2024-04-08,3,Mon,LAD,True,False,
LAD-MIN-2025-07-21,3,Mon,LAD,False,False,
CLE-SF-2022-04-15,3,Fri,SF,True,True,
SF-CLE-2023-09-11,3,Mon,SF,False,False,
CLE-SF-2024-07-05,3,Fri,SF,False,False,
SF-CLE-2025-06-17,3,Tue,CLE,True,False,
CHC-TB-2022-04-18,3,Mon,CHC,False,False,
CHC-TB-2023-05-29,3,Mon,CHC,True,False,
TB-CHC-2024-06-11,3,Tue,TB,False,False,
CLE-CHW-2022-04-20,2,Wed,CLE,True,,
CHW-CLE-2022-05-09,2,Mon,CLE,False,,
CLE-CHW-2022-07-11,3,Mon,CLE,True,False,
CHW-CLE-2022-07-22,3,Fri,CLE,True,False,
CLE-CHW-2022-08-19,2,Fri,CLE,False,,
CHW-CLE-2022-09-20,3,Tue,CLE,True,True,
CHW-CLE-2023-05-16,3,Tue,CHW,True,False,
CLE-CHW-2023-05-22,3,Mon,CLE,False,False,
CHW-CLE-2023-07-27,4,Thu,CLE,False,False,False
CLE-CHW-2023-08-04,3,Fri,CLE,False,False,
CLE-CHW-2024-04-08,3,Mon,CLE,False,False,
CHW-CLE-2024-05-09,4,Thu,CHW,True,True,False
CLE-CHW-2024-07-02,3,Tue,CLE,False,False,
CHW-CLE-2024-09-09,3,Mon,CLE,True,True,
CLE-CHW-2025-04-08,3,Tue,CLE,True,True,
CHW-CLE-2025-07-11,3,Fri,CLE,True,True,
CHW-CLE-2025-08-08,3,Fri,CLE,True,False,
NYY-CLE-2022-04-22,3,Fri,NYY,True,True,
CLE-NYY-2022-07-02,2,Sat,NYY,False,,
CLE-NYY-2023-04-10,3,Mon,CLE,False,False,
NYY-CLE-2023-05-01,3,Mon,CLE,False,False,
CLE-NYY-2024-04-13,2,Sat,NYY,False,,
NYY-CLE-2024-08-20,3,Tue,CLE,False,False,
CLE-NYY-2025-04-21,3,Mon,CLE,True,False,
NYY-CLE-2025-06-03,3,Tue,NYY,False,False,
DET-COL-2022-04-23,2,Sat,DET,False,,
COL-DET-2023-06-30,3,Fri,COL,False,False,
DET-COL-2024-09-10,3,Tue,DET,True,False,
COL-DET-2025-05-07,2,Wed,DET,True,,
LAA-CLE-2022-04-25,4,Mon,LAA,True,True,True
CLE-LAA-2022-09-12,3,Mon,CLE,True,True,
CLE-LAA-2023-05-12,3,Fri,LAA,False,False,
LAA-CLE-2023-09-07,4,Thu,LAA,False,False,False
CLE-LAA-2024-05-03,3,Fri,LAA,False,False,
LAA-CLE-2024-05-24,3,Fri,CLE,True,True,
LAA-CLE-2025-04-04,3,Fri,CLE,False,False,
CLE-LAA-2025-05-30,3,Fri,LAA,False,False,
MIA-SEA-2022-04-29,3,Fri,MIA,True,False,
SEA-MIA-2023-06-12,3,Mon,SEA,True,False,
MIA-SEA-2024-06-21,3,Fri,MIA,False,False,
SEA-MIA-2025-04-25,3,Fri,MIA,False,False,
TEX-ATL-2022-04-29,3,Fri,ATL,False,False,
TEX-ATL-2023-05-15,3,Mon,ATL,False,False,
ATL-TEX-2024-04-19,3,Fri,ATL,True,False,
TEX-ATL-2025-07-25,3,Fri,TEX,True,True,
OAK-CLE-2022-04-29,3,Fri,CLE,True,True,
CLE-OAK-2022-06-09,4,Thu,CLE,True,False,False
OAK-CLE-2023-04-03,3,Mon,CLE,False,False,
CLE-OAK-2023-06-20,3,Tue,CLE,True,True,
LAD-DET-2022-04-29,3,Fri,LAD,False,False,
LAD-DET-2023-09-18,3,Mon,LAD,True,False,
DET-LAD-2024-07-12,3,Fri,LAD,False,False,
LAD-DET-2025-03-27,3,Thu,LAD,True,True,
PHI-TEX-2022-05-03,2,Tue,TEX,True,,
TEX-PHI-2022-06-21,2,Tue,TEX,True,,
TEX-PHI-2023-03-30,3,Thu,TEX,True,True,
PHI-TEX-2024-05-21,3,Tue,PHI,True,True,
TEX-PHI-2025-08-08,3,Fri,PHI,True,True,
SD-CLE-2022-08-23,2,Tue,CLE,True,,
SD-CLE-2023-06-13,3,Tue,SD,True,False,
CLE-SD-2024-07-19,3,Fri,CLE,False,False,
SD-CLE-2025-03-31,3,Mon,SD,True,True,
CLE-TOR-2022-05-05,3,Thu,CLE,False,False,
TOR-CLE-2022-08-12,3,Fri,CLE,False,False,
CLE-TOR-2023-08-07,4,Mon,TOR,False,False,False
TOR-CLE-2023-08-25,3,Fri,CLE,False,False,
TOR-CLE-2024-06-14,3,Fri,CLE,False,False,
CLE-TOR-2024-06-21,3,Fri,CLE,True,True,
TOR-CLE-2025-05-02,3,Fri,TOR,False,False,
CLE-TOR-2025-06-24,3,Tue,TOR,False,False,
LAA-WAS-2022-05-06,3,Fri,LAA,False,False,
LAA-WAS-2023-04-10,3,Mon,WAS,False,False,
WAS-LAA-2024-08-09,3,Fri,WAS,True,False,
LAA-WAS-2025-06-27,3,Fri,WAS,False,False,
SEA-PHI-2022-05-09,3,Mon,PHI,False,False,
PHI-SEA-2023-04-25,3,Tue,SEA,False,False,
SEA-PHI-2024-08-02,3,Fri,SEA,True,False,
STL-BAL-2022-05-10,3,Tue,BAL,False,False,
BAL-STL-2023-09-11,3,Mon,BAL,False,False,
STL-BAL-2024-05-20,2,Mon,STL,True,,
BAL-STL-2025-05-26,3,Mon,BAL,False,False,
WAS-HOU-2022-05-13,3,Fri,HOU,False,False,
HOU-WAS-2023-06-13,3,Tue,HOU,True,False,
WAS-HOU-2024-04-19,3,Fri,HOU,False,False,
HOU-WAS-2025-07-28,3,Mon,WAS,False,False,
NYM-SEA-2022-05-13,3,Fri,SEA,False,False,
NYM-SEA-2023-09-01,3,Fri,NYM,False,False,
SEA-NYM-2024-08-09,3,Fri,SEA,True,True,
NYM-SEA-2025-08-15,2,Fri,SEA,False,,
MIN-CLE-2022-05-13,3,Fri,MIN,False,False,
MIN-CLE-2022-06-21,3,Tue,CLE,True,False,
CLE-MIN-2022-06-27,4,Mon,MIN,False,False,False
MIN-CLE-2022-09-09,3,Fri,CLE,True,True,
CLE-MIN-2022-09-16,4,Fri,CLE,True,False,False
CLE-MIN-2023-05-05,3,Fri,MIN,False,False,
MIN-CLE-2023-06-01,4,Thu,MIN,True,False,False
MIN-CLE-2023-08-28,3,Mon,MIN,False,False,
CLE-MIN-2023-09-04,3,Mon,MIN,True,False,
MIN-CLE-2024-04-04,2,Thu,CLE,True,,
CLE-MIN-2024-05-17,3,Fri,CLE,True,True,
MIN-CLE-2024-08-09,3,Fri,MIN,False,False,
CLE-MIN-2024-09-16,4,Mon,CLE,False,False,False
CLE-MIN-2025-04-28,4,Mon,MIN,False,False,False
CLE-MIN-2025-08-01,3,Fri,CLE,True,False,
COL-KC-2022-05-13,3,Fri,KC,False,False,
KC-COL-2023-06-02,3,Fri,COL,True,False,
COL-KC-2024-07-05,3,Fri,COL,True,False,
KC-COL-2025-04-22,2,Tue,KC,True,,
TOR-CIN-2022-05-20,3,Fri,TOR,True,False,
CIN-TOR-2023-08-18,3,Fri,CIN,False,False,
TOR-CIN-2024-08-19,3,Mon,CIN,False,False,
CLE-DET-2022-05-20,2,Fri,CLE,False,,
DET-CLE-2022-05-26,3,Thu,DET,False,False,
DET-CLE-2022-07-04,3,Mon,DET,True,True,
CLE-DET-2022-07-14,3,Thu,CLE,True,True,
DET-CLE-2022-08-09,3,Tue,CLE,True,True,
CLE-DET-2022-08-15,3,Mon,CLE,False,False,
DET-CLE-2023-04-18,2,Tue,DET,False,,
CLE-DET-2023-05-08,3,Mon,DET,False,False,
CLE-DET-2023-08-18,3,Fri,DET,True,True,
DET-CLE-2023-09-29,3,Fri,CLE,False,False,
CLE-DET-2024-05-06,3,Mon,CLE,False,False,
DET-CLE-2024-07-08,4,Mon,DET,False,False,False
CLE-DET-2024-07-22,4,Mon,DET,False,False,False
DET-CLE-2024-07-29,2,Mon,CLE,True,,
DET-CLE-2025-05-22,4,Thu,CLE,True,True,False
CLE-DET-2025-07-04,3,Fri,DET,True,True,
STL-TOR-2022-05-23,2,Mon,STL,False,,
TOR-STL-2022-07-26,2,Tue,TOR,False,,
STL-TOR-2023-03-30,3,Thu,TOR,False,False,
TOR-STL-2024-09-13,3,Fri,TOR,True,True,
STL-TOR-2025-06-09,3,Mon,TOR,True,True,
HOU-CLE-2022-05-23,3,Mon,CLE,False,False,
CLE-HOU-2022-08-04,4,Thu,HOU,True,False,False
CLE-HOU-2023-06-09,3,Fri,CLE,False,False,
HOU-CLE-2023-07-31,3,Mon,HOU,True,True,
HOU-CLE-2024-04-30,3,Tue,HOU,False,False,
CLE-HOU-2024-09-27,2,Fri,HOU,True,,
CLE-HOU-2025-06-06,3,Fri,HOU,True,False,
HOU-CLE-2025-07-07,3,Mon,CLE,True,True,
ARI-KC-2022-05-23,2,Mon,ARI,True,,
KC-ARI-2022-08-23,2,Tue,ARI,False,,
ARI-KC-2023-04-24,3,Mon,ARI,False,False,
BOS-CIN-2022-05-31,2,Tue,CIN,False,,
CIN-BOS-2022-09-20,2,Tue,BOS,False,,
BOS-CIN-2023-05-30,3,Tue,CIN,True,False,
CIN-BOS-2024-06-21,3,Fri,CIN,False,False,
BOS-CIN-2025-06-30,2,Mon,BOS,True,,
PHI-LAA-2022-06-03,3,Fri,PHI,True,True,
PHI-LAA-2023-08-28,3,Mon,PHI,True,False,
LAA-PHI-2024-04-29,3,Mon,LAA,False,False,
PHI-LAA-2025-07-18,3,Fri,LAA,False,False,
BAL-CLE-2022-06-03,3,Fri,CLE,False,False,
CLE-BAL-2022-08-30,3,Tue,CLE,False,False,
BAL-CLE-2023-05-29,3,Mon,CLE,False,False,
CLE-BAL-2023-09-21,4,Thu,CLE,True,False,False
BAL-CLE-2024-06-24,3,Mon,CLE,True,False,
CLE-BAL-2024-08-01,4,Thu,CLE,True,False,False
BAL-CLE-2025-04-15,3,Tue,CLE,False,False,
CLE-BAL-2025-07-21,4,Mon,CLE,True,True,False
CLE-TEX-2022-06-07,2,Tue,CLE,True,,
TEX-CLE-2022-09-23,3,Fri,CLE,True,True,
TEX-CLE-2023-07-14,3,Fri,TEX,True,True,
CLE-TEX-2023-09-15,3,Fri,CLE,True,True,
TEX-CLE-2024-05-13,3,Mon,CLE,True,False,
CLE-TEX-2024-08-23,3,Fri,TEX,False,False,
CHC-BAL-2022-07-12,2,Tue,BAL,True,,
CHC-BAL-2023-06-16,3,Fri,CHC,True,False,
BAL-CHC-2024-07-09,3,Tue,CHC,True,True,
CHC-BAL-2025-08-01,3,Fri,CHC,False,False,
TB-STL-2022-06-07,3,Tue,TB,True,True,
TB-STL-2023-08-08,3,Tue,TB,False,False,
STL-TB-2024-08-06,3,Tue,STL,True,False,
ATL-OAK-2022-06-07,2,Tue,ATL,True,,
OAK-ATL-2022-09-06,2,Tue,ATL,True,,
OAK-ATL-2023-05-29,3,Mon,OAK,True,False,
CHW-LAD-2022-06-07,3,Tue,CHW,False,False,
LAD-CHW-2023-06-13,3,Tue,LAD,False,False,
CHW-LAD-2024-06-24,3,Mon,LAD,True,True,
LAD-CHW-2025-07-01,3,Tue,LAD,True,True,
NYY-CHC-2022-06-10,3,Fri,NYY,True,True,
NYY-CHC-2023-07-07,3,Fri,CHC,False,False,
CHC-NYY-2024-09-06,3,Fri,NYY,True,False,
NYY-CHC-2025-07-11,3,Fri,NYY,False,False,
HOU-MIA-2022-06-10,3,Fri,MIA,True,False,
MIA-HOU-2023-08-14,3,Mon,MIA,False,False,
HOU-MIA-2024-07-09,3,Tue,HOU,True,True,
MIA-HOU-2025-08-04,3,Mon,HOU,True,False,
LAA-NYM-2022-06-10,3,Fri,NYM,False,False,
NYM-LAA-2023-08-25,3,Fri,LAA,True,False,
LAA-NYM-2024-08-02,3,Fri,NYM,False,False,
NYM-LAA-2025-07-21,3,Mon,NYM,True,True,
SF-KC-2022-06-13,3,Mon,SF,True,False,
SF-KC-2023-04-07,3,Fri,KC,True,False,
KC-SF-2024-09-20,3,Fri,SF,True,True,
SF-KC-2025-05-19,3,Mon,KC,False,False,
COL-CLE-2022-06-14,3,Tue,CLE,True,True,
CLE-COL-2023-04-24,3,Mon,COL,True,False,
COL-CLE-2024-05-27,3,Mon,COL,False,False,
CLE-COL-2025-07-28,3,Mon,COL,False,False,
BOS-STL-2022-06-17,3,Fri,BOS,False,False,
BOS-STL-2023-05-12,3,Fri,STL,True,True,
STL-BOS-2024-05-17,3,Fri,STL,True,False,
BOS-STL-2025-04-04,2,Fri,BOS,True,,
ARI-MIN-2022-06-17,3,Fri,ARI,False,False,
MIN-ARI-2023-08-04,3,Fri,MIN,True,True,
LAD-CLE-2022-06-17,3,Fri,CLE,False,False,
CLE-LAD-2023-08-22,2,Tue,CLE,False,,
LAD-CLE-2024-09-06,3,Fri,CLE,False,False,
CLE-LAD-2025-05-26,3,Mon,LAD,True,False,
HOU-NYM-2022-06-21,2,Tue,HOU,True,,
NYM-HOU-2022-06-28,2,Tue,HOU,True,,
HOU-NYM-2023-06-19,3,Mon,NYM,False,False,
NYM-HOU-2024-06-28,3,Fri,NYM,False,False,
HOU-NYM-2025-03-27,3,Thu,HOU,False,False,
TB-PIT-2022-06-24,3,Fri,TB,True,True,
TB-PIT-2023-05-02,3,Tue,TB,True,True,
PIT-TB-2024-06-21,3,Fri,TB,False,False,
TB-PIT-2025-03-31,3,Mon,TB,True,False,
CLE-BOS-2022-06-24,3,Fri,BOS,True,True,
BOS-CLE-2022-07-25,4,Mon,BOS,False,False,False
BOS-CLE-2023-04-28,3,Fri,CLE,False,False,
CLE-BOS-2023-06-06,3,Tue,BOS,False,False,
BOS-CLE-2024-04-15,4,Mon,CLE,True,False,False
CLE-BOS-2024-04-23,3,Tue,CLE,False,False,
CLE-BOS-2025-04-26,2,Sat,CLE,False,,
TEX-WAS-2022-06-24,3,Fri,WAS,False,False,
WAS-TEX-2023-07-07,3,Fri,TEX,False,False,
TEX-WAS-2024-04-30,3,Tue,TEX,False,False,
WAS-TEX-2025-06-06,3,Fri,WAS,False,False,
MIN-COL-2022-06-24,3,Fri,COL,False,False,
COL-MIN-2023-09-29,3,Fri,MIN,True,False,
MIN-COL-2024-06-10,3,Mon,MIN,False,False,
COL-MIN-2025-07-18,3,Fri,COL,True,False,
MIL-TOR-2022-06-24,3,Fri,TOR,False,False,
TOR-MIL-2023-05-30,3,Tue,TOR,False,False,
MIL-TOR-2024-06-10,3,Mon,MIL,False,False,
ARI-DET-2022-06-24,3,Fri,DET,True,False,
DET-ARI-2023-06-09,3,Fri,ARI,True,True,
TB-MIL-2022-06-28,2,Tue,MIL,True,,
MIL-TB-2022-08-09,2,Tue,MIL,True,,
TB-MIL-2023-05-19,3,Fri,TB,True,False,
MIL-TB-2024-04-29,3,Mon,TB,False,False,
TB-MIL-2025-05-09,3,Fri,TB,True,False,
SF-DET-2022-06-28,2,Tue,SF,False,,
DET-SF-2022-08-23,2,Tue,SF,False,,
DET-SF-2023-04-14,2,Fri,DET,True,,
SF-DET-2024-08-09,3,Fri,SF,True,False,
DET-SF-2025-05-26,3,Mon,DET,True,True,
CHC-BOS-2022-07-01,3,Fri,CHC,True,False,
CHC-BOS-2023-07-14,3,Fri,BOS,False,False,
BOS-CHC-2024-04-26,3,Fri,CHC,False,False,
CHC-BOS-2025-07-18,3,Fri,CHC,True,False,
NYM-TEX-2022-07-01,3,Fri,NYM,False,False,
NYM-TEX-2023-08-28,3,Mon,TEX,True,False,
TEX-NYM-2024-06-17,3,Mon,NYM,True,False,
SF-CHW-2022-07-01,3,Fri,CHW,True,True,
CHW-SF-2023-04-03,3,Mon,SF,False,False,
SF-CHW-2024-08-19,3,Mon,SF,True,False,
CHW-SF-2025-06-27,3,Fri,SF,False,False,
PIT-NYY-2022-07-05,2,Tue,PIT,False,,
NYY-PIT-2022-09-20,2,Tue,NYY,True,,
PIT-NYY-2023-09-15,3,Fri,NYY,True,False,
NYY-PIT-2024-09-27,3,Fri,PIT,True,False,
PIT-NYY-2025-04-04,3,Fri,NYY,True,False,
CIN-TB-2022-07-08,3,Fri,CIN,True,True,
CIN-TB-2023-04-17,3,Mon,CIN,False,False,
TB-CIN-2024-07-26,3,Fri,CIN,False,False,
CIN-TB-2025-07-25,3,Fri,CIN,True,True,
NYY-CIN-2022-07-12,3,Tue,CIN,False,False,
CIN-NYY-2023-05-19,3,Fri,NYY,True,True,
NYY-CIN-2024-07-02,3,Tue,CIN,True,True,
CIN-NYY-2025-06-23,3,Mon,CIN,True,False,
SEA-WAS-2022-08-23,2,Tue,SEA,False,,
SEA-WAS-2023-06-26,3,Mon,SEA,False,False,
WAS-SEA-2024-05-24,3,Fri,WAS,True,False,
SEA-WAS-2025-05-27,3,Tue,SEA,False,False,
TEX-MIA-2023-08-04,3,Fri,TEX,True,True,
MIA-TEX-2024-05-31,3,Fri,MIA,False,False,
ATL-LAA-2022-07-22,3,Fri,ATL,True,False,
ATL-LAA-2023-07-31,3,Mon,LAA,False,False,
LAA-ATL-2024-08-16,3,Fri,LAA,False,False,
ATL-LAA-2025-07-01,3,Tue,LAA,False,False,
DET-SD-2022-07-25,3,Mon,DET,False,False,
DET-SD-2023-07-21,3,Fri,SD,True,False,
SD-DET-2024-09-02,3,Mon,SD,True,False,
DET-SD-2025-04-21,3,Mon,DET,False,False,
COL-CHW-2022-07-26,2,Tue,CHW,False,,
CHW-COL-2022-09-13,2,Tue,CHW,False,,
COL-CHW-2023-08-18,3,Fri,COL,True,False,
CHW-COL-2024-06-28,3,Fri,CHW,True,False,
COL-CHW-2025-07-04,3,Fri,CHW,True,False,
CIN-BAL-2022-07-29,3,Fri,BAL,False,False,
BAL-CIN-2023-06-26,3,Mon,BAL,False,False,
CIN-BAL-2024-05-03,3,Fri,BAL,True,True,
BAL-CIN-2025-04-18,3,Fri,CIN,False,False,
TB-CLE-2022-07-29,3,Fri,CLE,False,False,
CLE-TB-2022-09-27,3,Tue,TB,False,False,
TB-CLE-2023-08-11,3,Fri,TB,True,False,
CLE-TB-2023-09-01,3,Fri,CLE,True,False,
TB-CLE-2024-07-12,3,Fri,TB,False,False,
CLE-TB-2024-09-12,4,Thu,TB,True,False,False
BOS-MIL-2022-07-29,3,Fri,MIL,True,False,
MIL-BOS-2023-04-21,3,Fri,BOS,False,False,
BOS-MIL-2024-05-24,3,Fri,MIL,True,False,
MIL-BOS-2025-05-26,3,Mon,MIL,True,True,
SD-MIN-2022-07-29,3,Fri,SD,False,False,
MIN-SD-2023-05-09,3,Tue,SD,False,False,
SD-MIN-2024-08-19,3,Mon,SD,True,False,
CLE-ARI-2022-08-01,3,Mon,CLE,False,False,
ARI-CLE-2023-06-16,3,Fri,ARI,True,False,
BAL-PIT-2022-08-05,3,Fri,BAL,True,False,
BAL-PIT-2023-05-12,3,Fri,BAL,True,False,
PIT-BAL-2024-04-05,3,Fri,BAL,False,False,
STL-NYY-2022-08-05,3,Fri,STL,True,True,
STL-NYY-2023-07-01,2,Sat,STL,True,,
NYY-STL-2024-08-30,3,Fri,NYY,False,False,
STL-NYY-2025-08-15,2,Fri,NYY,True,,
KC-LAD-2022-08-12,3,Fri,LAD,True,False,
KC-LAD-2023-06-30,3,Fri,LAD,False,False,
LAD-KC-2024-06-14,3,Fri,LAD,False,False,
KC-LAD-2025-06-27,3,Fri,LAD,False,False,
PIT-BOS-2022-08-16,3,Tue,BOS,True,False,
BOS-PIT-2023-04-03,3,Mon,PIT,True,True,
PIT-BOS-2024-04-19,3,Fri,BOS,True,True,
ATL-HOU-2022-08-19,3,Fri,ATL,True,False,
ATL-HOU-2023-04-21,3,Fri,HOU,True,True,
HOU-ATL-2024-04-15,3,Mon,ATL,True,True,
OAK-MIA-2022-08-22,3,Mon,MIA,True,False,
MIA-OAK-2023-06-02,3,Fri,MIA,True,True,
SEA-CLE-2022-08-25,4,Thu,SEA,True,False,False
CLE-SEA-2022-09-02,3,Fri,SEA,True,True,
SEA-CLE-2023-03-30,4,Thu,SEA,False,False,False
CLE-SEA-2023-04-07,3,Fri,SEA,True,False,
SEA-CLE-2024-04-01,3,Mon,SEA,False,False,
CLE-SEA-2024-06-18,3,Tue,SEA,False,False,
SEA-CLE-2025-06-13,3,Fri,SEA,True,True,
MIN-SF-2022-08-26,3,Fri,MIN,True,True,
MIN-SF-2023-05-22,3,Mon,SF,True,False,
SF-MIN-2024-07-12,3,Fri,SF,False,False,
MIN-SF-2025-05-09,3,Fri,MIN,True,True,
CHW-ARI-2022-08-26,3,Fri,ARI,True,True,
CHW-ARI-2023-09-26,3,Tue,ARI,True,False,
KC-SD-2022-08-26,3,Fri,SD,True,False,
SD-KC-2023-05-15,3,Mon,SD,False,False,
KC-SD-2024-05-31,3,Fri,SD,True,False,
SD-KC-2025-06-20,3,Fri,KC,False,False,
TOR-CHC-2022-08-29,3,Mon,TOR,True,False,
TOR-CHC-2023-08-11,3,Fri,CHC,True,False,
CHC-TOR-2024-08-16,3,Fri,CHC,True,False,
TOR-CHC-2025-08-12,3,Tue,TOR,False,False,
WAS-OAK-2022-08-30,3,Tue,OAK,False,False,
WAS-OAK-2023-08-11,3,Fri,WAS,True,True,
PIT-TOR-2022-09-02,3,Fri,TOR,True,True,
PIT-TOR-2023-05-05,3,Fri,TOR,True,True,
TOR-PIT-2024-05-31,3,Fri,TOR,False,False,
SEA-ATL-2022-09-09,3,Fri,ATL,False,False,
ATL-SEA-2023-05-19,3,Fri,ATL,False,False,
SEA-ATL-2024-04-29,3,Mon,SEA,True,False,
MIL-NYY-2022-09-16,3,Fri,MIL,True,False,
NYY-MIL-2023-09-08,3,Fri,MIL,True,False,
MIL-NYY-2024-04-26,3,Fri,MIL,False,False,
NYY-MIL-2025-03-27,3,Thu,NYY,True,True,
OAK-NYM-2022-09-23,3,Fri,NYM,False,False,
OAK-NYM-2023-04-14,3,Fri,NYM,True,True,
SD-CHW-2022-09-30,3,Fri,CHW,False,False,
CHW-SD-2023-09-29,3,Fri,SD,True,True,
SD-CHW-2024-09-20,3,Fri,SD,True,True,
HOU-PHI-2022-10-03,3,Mon,PHI,False,False,
HOU-PHI-2023-04-28,3,Fri,PHI,True,False,
PHI-HOU-2024-08-26,3,Mon,PHI,True,False,
HOU-PHI-2025-06-24,3,Tue,HOU,True,True,
NYY-SF-2023-03-30,3,Thu,NYY,False,False,
SF-NYY-2024-05-31,3,Fri,NYY,True,True,
NYY-SF-2025-04-11,3,Fri,SF,False,False,
MIA-MIN-2023-04-03,3,Mon,MIN,False,False,
MIN-MIA-2024-09-24,3,Tue,MIA,False,False,
MIA-MIN-2025-07-01,3,Tue,MIA,False,False,
CHC-TEX-2023-04-07,3,Fri,CHC,True,False,
TEX-CHC-2024-03-28,3,Thu,TEX,True,False,
CHC-TEX-2025-04-07,3,Mon,CHC,True,False,
PIT-HOU-2023-04-10,3,Mon,HOU,False,False,
HOU-PIT-2024-07-29,3,Mon,PIT,True,False,
PIT-HOU-2025-06-03,3,Tue,HOU,False,False,
CHC-SEA-2023-04-10,3,Mon,CHC,True,False,
SEA-CHC-2024-04-12,3,Fri,SEA,False,False,
CHC-SEA-2025-06-20,3,Fri,SEA,False,False,
WAS-CLE-2023-04-14,3,Fri,CLE,True,False,
CLE-WAS-2024-05-31,3,Fri,CLE,True,False,
WAS-CLE-2025-05-06,2,Tue,WAS,False,,
KC-ATL-2023-04-14,3,Fri,ATL,True,True,
ATL-KC-2024-09-27,3,Fri,ATL,True,False,
KC-ATL-2025-07-28,3,Mon,ATL,False,False,
SEA-MIL-2023-04-17,3,Mon,MIL,True,True,
MIL-SEA-2024-04-05,3,Fri,MIL,False,False,
SEA-MIL-2025-07-21,3,Mon,MIL,False,False,
OAK-CHC-2023-04-17,3,Mon,CHC,True,True,
CHW-PHI-2023-04-18,2,Tue,PHI,True,,
PHI-CHW-2024-04-19,3,Fri,PHI,True,True,
CHW-PHI-2025-07-28,3,Mon,CHW,False,False,
MIN-WAS-2023-04-21,3,Fri,WAS,True,False,
WAS-MIN-2024-05-20,3,Mon,WAS,False,False,
MIN-WAS-2025-07-25,3,Fri,MIN,False,False,
SEA-STL-2023-04-21,3,Fri,SEA,True,False,
STL-SEA-2024-09-06,3,Fri,SEA,False,False,
CLE-MIA-2023-04-22,2,Sat,MIA,False,,
MIA-CLE-2024-06-07,3,Fri,MIA,False,False,
CLE-MIA-2025-08-12,3,Tue,CLE,False,False,
CIN-TEX-2023-04-24,3,Mon,CIN,True,True,
TEX-CIN-2024-04-26,3,Fri,TEX,False,False,
CIN-TEX-2025-03-31,3,Mon,CIN,False,False,
MIL-LAA-2023-04-28,3,Fri,MIL,True,False,
LAA-MIL-2024-06-17,3,Mon,LAA,False,False,
OAK-CIN-2023-04-28,3,Fri,CIN,True,False,
STL-LAA-2023-05-02,3,Tue,LAA,True,True,
LAA-STL-2024-05-13,3,Mon,STL,True,False,
STL-LAA-2025-03-31,3,Mon,LAA,True,False,
DET-NYM-2023-05-03,2,Wed,DET,True,,
HOU-CHC-2023-05-15,3,Mon,HOU,True,True,
CHC-HOU-2024-04-23,3,Tue,CHC,True,True,
HOU-CHC-2025-06-27,3,Fri,HOU,False,False,
WAS-DET-2023-05-19,3,Fri,DET,False,False,
DET-WAS-2024-06-11,3,Tue,WAS,True,False,
WAS-DET-2025-07-02,2,Wed,DET,False,,
NYM-CLE-2023-05-19,2,Fri,NYM,True,,
CLE-NYM-2024-05-20,3,Mon,CLE,True,True,
NYM-CLE-2025-08-04,3,Mon,CLE,True,True,
SD-BOS-2023-05-19,3,Fri,BOS,True,False,
BOS-SD-2024-06-28,3,Fri,SD,True,False,
SD-BOS-2025-08-08,3,Fri,BOS,False,False,
PIT-TEX-2023-05-22,3,Mon,PIT,False,False,
TEX-PIT-2024-08-19,3,Mon,TEX,False,False,
PIT-TEX-2025-06-20,3,Fri,TEX,True,False,
MIL-HOU-2023-05-22,3,Mon,HOU,False,False,
HOU-MIL-2024-05-17,3,Fri,HOU,False,False,
MIL-HOU-2025-05-05,3,Mon,MIL,True,False,
TB-LAD-2023-05-26,3,Fri,TB,False,False,
LAD-TB-2024-08-23,3,Fri,LAD,False,False,
TB-LAD-2025-08-01,3,Fri,LAD,False,False,
NYY-SD-2023-05-26,3,Fri,SD,False,False,
SD-NYY-2024-05-24,3,Fri,NYY,True,False,
NYY-SD-2025-05-05,3,Mon,SD,False,False,
CLE-STL-2023-05-26,3,Fri,CLE,False,False,
STL-CLE-2024-09-20,3,Fri,CLE,False,False,
CLE-STL-2025-06-27,3,Fri,STL,True,True,
KC-WAS-2023-05-26,3,Fri,WAS,True,False,
WAS-KC-2024-09-24,3,Tue,KC,True,True,
KC-WAS-2025-08-11,3,Mon,KC,True,False,
ARI-BOS-2023-05-26,3,Fri,BOS,True,False,
SEA-PIT-2023-05-26,3,Fri,PIT,False,False,
PIT-SEA-2024-08-16,3,Fri,PIT,True,False,
SEA-PIT-2025-07-04,3,Fri,SEA,True,True,
LAD-NYY-2023-06-02,3,Fri,LAD,False,False,
NYY-LAD-2024-06-07,3,Fri,LAD,True,False,
LAD-NYY-2025-05-30,3,Fri,LAD,True,False,
SF-BAL-2023-06-02,3,Fri,BAL,False,False,
BAL-SF-2024-09-17,3,Tue,SF,True,False,
MIA-KC-2023-06-05,3,Mon,MIA,True,True,
KC-MIA-2024-06-24,3,Mon,KC,False,False,
MIA-KC-2025-07-18,3,Fri,MIA,True,False,
PHI-DET-2023-06-05,3,Mon,PHI,True,True,
DET-PHI-2024-06-24,3,Mon,PHI,False,False,
PHI-DET-2025-08-01,3,Fri,PHI,False,False,
PIT-OAK-2023-06-05,3,Mon,PIT,False,False,
TEX-STL-2023-06-05,3,Mon,TEX,True,False,
STL-TEX-2024-07-29,3,Mon,TEX,False,False,
TEX-STL-2025-05-30,3,Fri,TEX,False,False,
LAA-CHC-2023-06-06,3,Tue,LAA,True,True,
CHC-LAA-2024-07-05,3,Fri,CHC,False,False,
MIL-OAK-2023-06-09,3,Fri,OAK,True,True,
CHW-MIA-2023-06-09,3,Fri,CHW,False,False,
MIA-CHW-2024-07-05,3,Fri,CHW,False,False,
CHW-MIA-2025-05-09,3,Fri,CHW,False,False,
DET-ATL-2023-06-12,2,Mon,DET,False,,
ATL-DET-2024-06-17,3,Mon,ATL,True,True,
BOS-COL-2023-06-12,3,Mon,COL,True,False,
COL-BOS-2024-07-22,3,Mon,COL,False,False,
BOS-COL-2025-07-07,3,Mon,BOS,True,True,
HOU-CIN-2023-06-16,3,Fri,CIN,True,True,
CIN-HOU-2024-09-02,3,Mon,CIN,True,True,
HOU-CIN-2025-05-09,3,Fri,HOU,False,False,
SD-TB-2023-06-16,3,Fri,TB,False,False,
TB-SD-2024-08-30,3,Fri,SD,False,False,
SD-TB-2025-04-25,3,Fri,TB,True,True,
CLE-MIL-2023-06-23,3,Fri,MIL,False,False,
MIL-CLE-2024-08-16,3,Fri,MIL,True,True,
CLE-MIL-2025-05-12,3,Mon,CLE,True,False,
ATL-MIN-2023-06-26,3,Mon,ATL,True,True,
MIN-ATL-2024-08-26,3,Mon,ATL,True,True,
ATL-MIN-2025-04-18,3,Fri,ATL,True,True,
TOR-SF-2023-06-27,3,Tue,SF,False,False,
SF-TOR-2024-07-09,3,Tue,SF,False,False,
TOR-SF-2025-07-18,3,Fri,TOR,True,True,
STL-HOU-2023-06-27,3,Tue,STL,False,False,
HOU-STL-2024-06-03,3,Mon,HOU,True,False,
STL-HOU-2025-04-14,3,Mon,STL,False,False,
ARI-TB-2023-06-27,3,Tue,ARI,False,False,
CHC-CLE-2023-06-30,3,Fri,CHC,False,False,
CLE-CHC-2024-08-12,3,Mon,CLE,True,True,
CHC-CLE-2025-07-01,3,Tue,CHC,True,True,
CLE-ATL-2023-07-03,3,Mon,ATL,False,False,
ATL-CLE-2024-04-26,3,Fri,ATL,False,False,
CLE-ATL-2025-08-15,2,Fri,ATL,True,,
TOR-ARI-2023-07-14,3,Fri,TOR,True,True,
ATL-CHW-2023-07-14,3,Fri,ATL,False,False,
CHW-ATL-2024-04-01,2,Mon,ATL,False,,
COL-NYY-2023-07-14,3,Fri,COL,False,False,
NYY-COL-2024-08-23,3,Fri,NYY,False,False,
COL-NYY-2025-05-23,3,Fri,COL,False,False,
PIT-CLE-2023-07-17,3,Mon,CLE,True,False,
CLE-PIT-2024-08-30,3,Fri,CLE,False,False,
PIT-CLE-2025-04-18,3,Fri,CLE,True,True,
BAL-LAD-2023-07-17,3,Mon,LAD,True,False,
LAD-BAL-2024-08-27,3,Tue,BAL,False,False,
TOR-SD-2023-07-18,3,Tue,SD,True,False,
SD-TOR-2024-04-19,3,Fri,TOR,True,False,
TOR-SD-2025-05-20,3,Tue,TOR,True,True,
NYM-CHW-2023-07-18,3,Tue,NYM,True,False,
CHW-NYM-2024-08-30,3,Fri,NYM,True,True,
NYM-CHW-2025-05-26,3,Mon,NYM,True,False,
CLE-PHI-2023-07-21,3,Fri,CLE,True,False,
PHI-CLE-2024-07-26,3,Fri,CLE,False,False,
CLE-PHI-2025-05-09,3,Fri,CLE,False,False,
LAA-PIT-2023-07-21,3,Fri,LAA,False,False,
PIT-LAA-2024-05-06,3,Mon,PIT,False,False,
LAA-PIT-2025-04-22,3,Tue,PIT,True,False,
LAD-TOR-2023-07-24,3,Mon,TOR,False,False,
TOR-LAD-2024-04-26,3,Fri,LAD,True,False,
LAD-TOR-2025-08-08,3,Fri,LAD,True,False,
MIA-DET-2023-07-28,3,Fri,MIA,False,False,
DET-MIA-2024-05-13,3,Mon,DET,False,False,
SF-BOS-2023-07-28,3,Fri,BOS,False,False,
BOS-SF-2024-04-30,3,Tue,BOS,True,False,
SF-BOS-2025-06-20,3,Fri,BOS,False,False,
KC-NYM-2023-08-01,3,Tue,KC,True,True,
NYM-KC-2024-04-12,3,Fri,NYM,False,False,
KC-NYM-2025-07-11,3,Fri,NYM,True,False,
PHI-KC-2023-08-04,3,Fri,KC,False,False,
KC-PHI-2024-08-23,3,Fri,KC,False,False,
PHI-MIN-2023-08-11,3,Fri,PHI,False,False,
MIN-PHI-2024-07-22,3,Mon,MIN,False,False,
STL-OAK-2023-08-14,3,Mon,STL,True,False,
SD-BAL-2023-08-14,3,Mon,BAL,False,False,
BAL-SD-2024-07-26,3,Fri,SD,True,False,
SF-TB-2023-08-14,3,Mon,TB,False,False,
TB-SF-2024-04-12,3,Fri,TB,False,False,
SF-TB-2025-08-15,2,Fri,TB,True,,
TEX-MIL-2023-08-18,3,Fri,MIL,True,True,
MIL-TEX-2024-06-24,3,Mon,MIL,True,True,
TB-COL-2023-08-22,3,Tue,TB,True,True,
COL-TB-2024-04-05,3,Fri,COL,False,False,
TB-COL-2025-03-28,3,Fri,TB,False,False,
LAA-CIN-2023-08-22,2,Tue,CIN,True,,
CIN-LAA-2024-04-19,3,Fri,CIN,True,True,
BAL-COL-2023-08-25,3,Fri,BAL,True,False,
COL-BAL-2024-08-30,3,Fri,BAL,False,False,
BAL-COL-2025-07-25,3,Fri,COL,False,False,
BOS-LAD-2023-08-25,3,Fri,LAD,False,False,
LAD-BOS-2024-07-19,3,Fri,LAD,True,True,
BOS-LAD-2025-07-25,3,Fri,LAD,False,False,
COL-TOR-2023-09-01,3,Fri,TOR,False,False,
TOR-COL-2024-04-12,3,Fri,COL,False,False,
COL-TOR-2025-08-04,3,Mon,TOR,True,True,
ARI-BAL-2023-09-01,3,Fri,ARI,False,False,
CIN-SEA-2023-09-04,3,Mon,CIN,True,False,
SEA-CIN-2024-04-15,3,Mon,SEA,True,True,
CIN-SEA-2025-04-15,3,Tue,CIN,False,False,
MIN-NYM-2023-09-08,3,Fri,MIN,True,False,
NYM-MIN-2024-07-29,3,Mon,NYM,True,False,
MIN-NYM-2025-04-14,3,Mon,NYM,False,False,
WAS-CHW-2023-09-18,3,Mon,CHW,False,False,
CHW-WAS-2024-05-14,2,Tue,WAS,False,,
NYY-ARI-2023-09-22,3,Fri,NYY,False,False,
ATH-CLE-2024-03-28,4,Thu,CLE,True,True,False
CLE-ATH-2024-04-19,3,Fri,CLE,True,True,
AZ-COL-2024-03-28,4,Thu,AZ,True,False,False
COL-AZ-2024-04-08,3,Mon,COL,False,False,
AZ-COL-2024-08-12,3,Mon,AZ,True,True,
COL-AZ-2024-09-16,3,Mon,COL,True,False,
AZ-COL-2025-05-16,3,Fri,AZ,False,False,
COL-AZ-2025-06-20,3,Fri,AZ,True,False,
AZ-COL-2025-08-08,3,Fri,AZ,True,True,
COL-AZ-2025-08-14,3,Thu,AZ,False,False,
AZ-NYY-2024-04-01,3,Mon,NYY,False,False,
NYY-AZ-2025-04-01,3,Tue,AZ,True,False,
ATH-BOS-2024-04-01,3,Mon,BOS,True,True,
BOS-ATH-2024-07-09,3,Tue,BOS,False,False,
DET-ATH-2024-04-05,3,Fri,DET,False,False,
ATH-DET-2024-09-06,3,Fri,ATH,False,False,
ATL-AZ-2024-04-05,3,Fri,ATL,True,True,
AZ-ATL-2024-07-08,4,Mon,ATL,True,False,False
AZ-ATL-2025-04-25,3,Fri,ATL,True,False,
ATL-AZ-2025-06-03,3,Tue,AZ,True,True,
TEX-ATH-2024-04-09,3,Tue,ATH,False,False,
ATH-TEX-2024-05-06,3,Mon,TEX,True,False,
TEX-ATH-2024-08-30,3,Fri,ATH,False,False,
ATH-TEX-2024-09-24,3,Tue,ATH,False,False,
ATH-WAS-2024-04-12,3,Fri,ATH,False,False,
AZ-STL-2024-04-12,3,Fri,STL,False,False,
STL-AZ-2024-04-22,3,Mon,STL,False,False,
STL-AZ-2025-05-23,3,Fri,STL,True,True,
AZ-STL-2025-07-18,3,Fri,AZ,True,True,
ATH-STL-2024-04-15,3,Mon,STL,True,False,
AZ-CHC-2024-04-15,3,Mon,CHC,False,False,
CHC-AZ-2024-07-19,3,Fri,AZ,True,False,
AZ-CHC-2025-03-27,4,Thu,CHC,False,False,False
CHC-AZ-2025-04-18,3,Fri,CHC,True,False,
SF-AZ-2024-04-18,4,Thu,SF,False,False,False
AZ-SF-2024-06-03,3,Mon,AZ,True,False,
SF-AZ-2024-09-03,3,Tue,AZ,True,False,
AZ-SF-2024-09-23,3,Mon,SF,True,False,
SF-AZ-2025-05-12,3,Mon,AZ,False,False,
AZ-SF-2025-06-30,4,Mon,AZ,True,False,False
NYY-ATH-2024-04-22,4,Mon,ATH,False,False,False
ATH-NYY-2024-09-20,3,Fri,NYY,True,True,
BAL-ATH-2024-04-26,3,Fri,ATH,False,False,
ATH-BAL-2024-07-05,3,Fri,BAL,False,False,
SEA-AZ-2024-04-26,3,Fri,SEA,True,False,
AZ-SEA-2025-06-09,3,Mon,AZ,True,True,
AZ-LAD-2024-04-29,3,Mon,LAD,False,False,
LAD-AZ-2024-05-20,3,Mon,LAD,False,False,
LAD-AZ-2024-07-02,3,Tue,LAD,False,False,
AZ-LAD-2024-08-30,4,Fri,LAD,True,False,False
AZ-LAD-2025-05-08,4,Thu,AZ,False,False,False
LAD-AZ-2025-05-19,3,Mon,AZ,False,False,
ATH-PIT-2024-04-29,3,Mon,ATH,True,True,
ATH-MIA-2024-05-03,3,Fri,ATH,True,False,
AZ-SD-2024-05-03,3,Fri,SD,True,False,
SD-AZ-2024-06-06,4,Thu,AZ,False,False,False
SD-AZ-2024-07-05,3,Fri,SD,False,False,
AZ-SD-2024-09-27,3,Fri,SD,True,False,
AZ-SD-2025-06-13,3,Fri,AZ,True,False,
SD-AZ-2025-07-07,4,Mon,AZ,False,False,False
AZ-SD-2025-08-04,3,Mon,AZ,False,False,
CIN-AZ-2024-05-07,3,Tue,AZ,True,True,
AZ-CIN-2024-05-13,3,Mon,AZ,False,False,
CIN-AZ-2025-06-07,2,Sat,CIN,True,,
BAL-AZ-2024-05-10,3,Fri,BAL,True,False,
AZ-BAL-2025-04-07,3,Mon,BAL,False,False,
SEA-ATH-2024-05-10,3,Fri,SEA,False,False,
ATH-SEA-2024-06-04,3,Tue,SEA,False,False,
ATH-SEA-2024-09-02,4,Mon,ATH,True,False,False
SEA-ATH-2024-09-27,3,Fri,SEA,True,True,
HOU-ATH-2024-05-13,4,Mon,HOU,True,True,True
ATH-HOU-2024-05-24,3,Fri,HOU,False,False,
ATH-HOU-2024-07-22,3,Mon,ATH,True,False,
HOU-ATH-2024-09-10,3,Tue,ATH,True,False,
KC-ATH-2024-05-17,3,Fri,KC,True,True,
ATH-KC-2024-06-18,3,Tue,ATH,True,False,
AZ-DET-2024-05-17,3,Fri,DET,True,False,
DET-AZ-2025-07-28,3,Mon,DET,True,True,
ATH-COL-2024-05-21,3,Tue,ATH,False,False,
AZ-MIA-2024-05-24,3,Fri,MIA,False,False,
MIA-AZ-2024-08-19,3,Mon,AZ,True,True,
MIA-AZ-2025-04-15,3,Tue,AZ,True,True,
AZ-MIA-2025-06-27,3,Fri,MIA,True,True,
TB-ATH-2024-05-28,3,Tue,ATH,False,False,
ATH-TB-2024-08-19,4,Mon,ATH,False,False,False
TEX-AZ-2024-05-28,2,Tue,TEX,True,,
AZ-TEX-2024-09-10,2,Tue,AZ,True,,
TEX-AZ-2025-08-11,3,Mon,TEX,False,False,
NYM-AZ-2024-05-30,4,Thu,NYM,True,False,False
AZ-NYM-2024-08-27,3,Tue,NYM,False,False,
NYM-AZ-2025-04-29,3,Tue,NYM,False,False,
AZ-NYM-2025-05-05,3,Mon,NYM,False,False,
ATL-ATH-2024-05-31,3,Fri,ATL,False,False,
ATH-TOR-2024-06-07,3,Fri,ATH,False,False,
TOR-ATH-2024-08-09,3,Fri,TOR,False,False,
SD-ATH-2024-06-10,3,Mon,SD,True,True,
AZ-LAA-2024-06-11,3,Tue,AZ,False,False,
LAA-AZ-2025-07-11,3,Fri,LAA,True,False,
MIN-ATH-2024-06-13,3,Thu,MIN,True,True,
ATH-MIN-2024-06-21,3,Fri,ATH,False,False,
AZ-CHW-2024-06-14,3,Fri,AZ,False,False,
CHW-AZ-2025-06-23,3,Mon,AZ,True,False,
WAS-AZ-2024-06-18,3,Tue,AZ,False,False,
AZ-WAS-2024-07-29,3,Mon,AZ,True,True,
WAS-AZ-2025-04-04,3,Fri,AZ,False,False,
AZ-WAS-2025-05-30,3,Fri,WAS,True,False,
PHI-AZ-2024-06-21,3,Fri,AZ,False,False,
AZ-PHI-2024-08-08,4,Thu,PHI,False,False,False
PHI-AZ-2025-05-02,3,Fri,PHI,True,False,
LAA-ATH-2024-06-24,3,Mon,LAA,True,True,
ATH-LAA-2024-07-02,3,Tue,ATH,True,True,
ATH-LAA-2024-07-19,3,Fri,ATH,True,False,
LAA-ATH-2024-07-25,4,Thu,ATH,True,True,False
AZ-MIN-2024-06-25,3,Tue,AZ,False,False,
AZ-ATH-2024-06-28,3,Fri,ATH,False,False,
PHI-ATH-2024-07-12,3,Fri,ATH,False,False,
AZ-TOR-2024-07-12,3,Fri,AZ,True,False,
TOR-AZ-2025-06-17,3,Tue,TOR,True,False,
KC-AZ-2024-07-22,3,Mon,KC,False,False,
AZ-KC-2025-07-04,3,Fri,KC,False,False,
AZ-PIT-2024-07-26,3,Fri,AZ,True,False,
PIT-AZ-2024-08-02,3,Fri,AZ,False,False,
AZ-PIT-2025-05-26,3,Mon,AZ,False,False,
PIT-AZ-2025-07-25,3,Fri,AZ,False,False,
SF-ATH-2024-07-30,2,Tue,ATH,False,,
ATH-SF-2024-08-17,2,Sat,ATH,False,,
ATH-LAD-2024-08-02,2,Fri,ATH,False,,
CLE-AZ-2024-08-05,2,Mon,AZ,True,,
ATH-CHW-2024-08-05,3,Mon,ATH,False,False,
CHW-ATH-2024-09-13,2,Fri,ATH,False,,
NYM-ATH-2024-08-13,3,Tue,ATH,False,False,
TB-AZ-2024-08-16,3,Fri,TB,True,True,
AZ-TB-2025-04-22,3,Tue,AZ,False,False,
BOS-AZ-2024-08-23,3,Fri,AZ,True,True,
ATH-MIL-2024-08-23,3,Fri,MIL,True,False,
CIN-ATH-2024-08-27,3,Tue,ATH,True,False,
HOU-AZ-2024-09-06,3,Fri,HOU,True,False,
AZ-HOU-2025-07-21,3,Mon,HOU,True,True,
AZ-MIL-2024-09-13,3,Fri,MIL,True,False,
MIL-AZ-2024-09-19,4,Thu,AZ,True,True,False
AZ-MIL-2025-04-11,3,Fri,MIL,False,False,
CHC-ATH-2024-09-16,3,Mon,CHC,False,False,
